class_id,task_id,paper_id,year,session,variant,task_ref,subject,item,task_level,page,task_text,test_path,test_url
9,2016-esantion-test-1-i-1,2016-esantion-test-1,2016,Esantion,Test 1,I.1,I,1,item,2,"1 Formulează, utilizînd informaţia din diagramă, o cauză a reformei agrare din 1921 în Basarabia. Argumentează răspunsul. 2 3",!Teste examene 2016 - 2024/2016/Esantion/09_ist_test1_ro_esantion16.pdf,pdfs/2016-esantion-test-1.pdf#page=2
9,2016-esantion-test-1-i-2,2016-esantion-test-1,2016,Esantion,Test 1,I.2,I,2,item,2,"2 Formulează, utilizînd informaţia din tabel, o concluzie despre represiunile staliniste în URSS. Argumentează răspunsul. Tabel: GULAG-ul în anii '30 Anul 1933 Anul 1940 Lagăre 279 536 Deţinuţi 171 251 1 668 200 2 3",!Teste examene 2016 - 2024/2016/Esantion/09_ist_test1_ro_esantion16.pdf,pdfs/2016-esantion-test-1.pdf#page=2
9,2016-esantion-test-1-i-3,2016-esantion-test-1,2016,Esantion,Test 1,I.3,I,3,item,2,3 Studiază titlul articolului. Cît de justificat din punct de vedere istoric consideri titlul propus de autor? Argumentează răspunsul. 2 3,!Teste examene 2016 - 2024/2016/Esantion/09_ist_test1_ro_esantion16.pdf,pdfs/2016-esantion-test-1.pdf#page=2
9,2016-esantion-test-1-i-4,2016-esantion-test-1,2016,Esantion,Test 1,I.4,I,4,item,2,"4 Formulează o caracteristică a relațiilor internaționale postbelice, cu trimitere la sigla alăturată. Argumentează răspunsul. 2 3",!Teste examene 2016 - 2024/2016/Esantion/09_ist_test1_ro_esantion16.pdf,pdfs/2016-esantion-test-1.pdf#page=2
9,2016-esantion-test-1-ii-all,2016-esantion-test-1,2016,Esantion,Test 1,II.all,II,all,section,3,"SUBIECTUL al II-lea (23 de puncte) Studiază materialul suport şi realizează sarcinile propuse. REPERE CRONOLOGICE (A). 1918: Formarea Partidului Ţărănesc din Basarabia. 1921: Constituirea Micii Înţelegeri. 1922: Constituirea guvernului liberal în frunte cu Ion I.C. Brăteanu. 1922: Semnarea Tratatului de la Paris privitor la Basarabia. 1923: Adoptarea Constituţiei României. 1924: Adoptarea Legii învăţămîntului primar al statului şi a învăţămîntului normal-primar. 1925: Adoptarea Legii pentru unificarea administrativă. 1926: Formarea Partidului Naţional Ţărănesc. 1930: Înfiinţarea Gărzii de Fier. 1933: Asasinarea prim-ministrului I.G. Duca. 1938, februarie: Adoptarea noii Constituţii a României. SURSA B. SURSA C. Harta (fragment): Organizarea administrativă a Regatului României „Vom închina toate puterile noastre consolidării Unităţii Naţionale. Vom da României întregite Constituţia aşteptată. Vom face o politică de dreptate socială, asigur înd astfel democraţiei sănătoase liniştea necesară pentru a dezvolta roadele dob îndite prin sufragiul universal. Vom desăv îrşi pentru ţărani aplicarea reformei agrare şi vom veghea la îmbunătăţirea stării lor materiale, culturale şi morale. […] Nu vom cru ţa nimic pentru a reda ţării situa ţia financiară la care are dreptul potrivit bogăţiilor şi tradiţiilor ei. […] În sfîrşit, vom căuta, prin întărirea situaţiei interne şi printr -o politică externă de pace şi demnitate, să restabilim prestigiul României în afară. […]” (Din Programul Partidului Naţional Liberal, ianuarie 1922) Nr. Item Scor 1 Studiază reperele cronologice (A). Identifică două evenimente ce demonstrează caracterul pluripartidist al regimului politic din România interbelică. 2 Studiază sursa B. 2 Explică, reieşind din conținutul sursei, semnificaţia termenului program. 2 3 Descifrează, reieşind din conținutul sursei, abrevierea PNL. Valorifică materialul suport şi cunoştinţele obținute anterior. 4 De ce PNL consideră consolidarea Unităţii Naţionale o prioritate pentru România la începutul perioadei interbelice? Explică cu trimitere la: politica internă; politica externă. 2 3 4 5 Studiază sursele A şi B. 5 Identifică în reperele cronologice (A) două evenimente ce demonstrează punerea în aplicare de către PNL a unor prevederi din program. Argumentează alegerea. 2 3 4 Studiază materialul suport. 6 Numește, utilizînd harta, o reformă realizată de PNL în vederea consolidării Unităţii Naţionale. Argumentează răspunsul cu trimitere la Basarabia. 2 3 4 Valorifică materialul suport şi cunoştinţele obținute anterior. 7 Exprimă-ţi opinia: a beneficiat România interbelică, aşa cum îşi propunea PNL, de o democraţie sănătoasă? Formulează două argumente. 2 3 4 5",!Teste examene 2016 - 2024/2016/Esantion/09_ist_test1_ro_esantion16.pdf,pdfs/2016-esantion-test-1.pdf#page=3
9,2016-esantion-test-1-ii-1,2016-esantion-test-1,2016,Esantion,Test 1,II.1,II,1,item,4,1 Studiază reperele cronologice (A). Identifică două evenimente ce demonstrează caracterul pluripartidist al regimului politic din România interbelică.,!Teste examene 2016 - 2024/2016/Esantion/09_ist_test1_ro_esantion16.pdf,pdfs/2016-esantion-test-1.pdf#page=4
9,2016-esantion-test-1-ii-2,2016-esantion-test-1,2016,Esantion,Test 1,II.2,II,2,item,4,"2 Explică, reieşind din conținutul sursei, semnificaţia termenului program. 2 3 Descifrează, reieşind din conținutul sursei, abrevierea PNL. Valorifică materialul suport şi cunoştinţele obținute anterior. 4 De ce PNL consideră consolidarea Unităţii Naţionale o prioritate pentru România la începutul perioadei interbelice? Explică cu trimitere la: politica internă; politica externă. 2 3 4",!Teste examene 2016 - 2024/2016/Esantion/09_ist_test1_ro_esantion16.pdf,pdfs/2016-esantion-test-1.pdf#page=4
9,2016-esantion-test-1-ii-5,2016-esantion-test-1,2016,Esantion,Test 1,II.5,II,5,item,4,5 Identifică în reperele cronologice (A) două evenimente ce demonstrează punerea în aplicare de către PNL a unor prevederi din program. Argumentează alegerea. 2 3,!Teste examene 2016 - 2024/2016/Esantion/09_ist_test1_ro_esantion16.pdf,pdfs/2016-esantion-test-1.pdf#page=4
9,2016-esantion-test-1-ii-4,2016-esantion-test-1,2016,Esantion,Test 1,II.4,II,4,item,4,4 Studiază materialul suport.,!Teste examene 2016 - 2024/2016/Esantion/09_ist_test1_ro_esantion16.pdf,pdfs/2016-esantion-test-1.pdf#page=4
9,2016-esantion-test-1-ii-6,2016-esantion-test-1,2016,Esantion,Test 1,II.6,II,6,item,4,"6 Numește, utilizînd harta, o reformă realizată de PNL în vederea consolidării Unităţii Naţionale. Argumentează răspunsul cu trimitere la Basarabia. 2 3 4 Valorifică materialul suport şi cunoştinţele obținute anterior.",!Teste examene 2016 - 2024/2016/Esantion/09_ist_test1_ro_esantion16.pdf,pdfs/2016-esantion-test-1.pdf#page=4
9,2016-esantion-test-1-ii-7,2016-esantion-test-1,2016,Esantion,Test 1,II.7,II,7,item,5,"7 Exprimă-ţi opinia: a beneficiat România interbelică, aşa cum îşi propunea PNL, de o democraţie sănătoasă? Formulează două argumente. 2 3 4 5",!Teste examene 2016 - 2024/2016/Esantion/09_ist_test1_ro_esantion16.pdf,pdfs/2016-esantion-test-1.pdf#page=5
9,2016-esantion-test-1-iii-essay,2016-esantion-test-1,2016,Esantion,Test 1,III.essay,III,essay,essay,5,"SUBIECTUL al III-lea (15 puncte) Studiază sursele A-B. SURSA A. Art.80, 81, 87: Germania recunoaşte independenţa şi frontierele Austriei, Cehoslovaciei, Poloniei. Art.119: Germania renunță la drepturile ei asupra coloniilor. Art.160: Armata germană nu poate depăşi cifra de 100 000 de oameni. Art.171: Fabricarea tancurilor este interzisă. Art.173: Serviciul militar este abolit. Art.198: Forţele militare ale Germaniei nu vor trebui să cuprindă nici o aviaţie militară sau marină. Art.231: Germania recunoaște că ea și aliații ei sunt responsabili de toate pierderile și sacrificiile.” (Extrase din Tratatul de la Versailles, 28 iunie 1919) SURSA B. „Totuşi, poate că felul în care a fost „dictat” tratatul a jignit Germania cel mai mult. Delegaţii Germaniei au fost excluşi de la orice discuţie şi apoi au fost convocaţi ca nişte „prizonieri aduşi să audă sentinţa”, după cum îşi aminteşte un diplomat englez. Mai mult decît atît, semnarea tratatului a avut loc în Sala Oglinzilor de la Versailles, loc unde fusese proclamată constituirea naţiunii germane în 1871, ceea ce părea o alegere intenţionată şi simbolică din partea francezilor, ce transmitea „un sentiment de răzbunare pentru insulta care le fusese adusă” în acel an.” (V. Brendon, Primul război mondial 1914-1918) Item Scor Utilizează sursele pentru a argumenta, într -un text coerent, afirmaţia: Tratatul de la Versailles aduce lovituri dure la adresa puterii, prosperității și mîndriei Germaniei. Notă: Formulează cel puţin trei argumente. 2 2 3 2 3 4 5 6 7 2",!Teste examene 2016 - 2024/2016/Esantion/09_ist_test1_ro_esantion16.pdf,pdfs/2016-esantion-test-1.pdf#page=5
9,2016-esantion-test-2-i-1,2016-esantion-test-2,2016,Esantion,Test 2,I.1,I,1,item,2,"1 Formulează, utilizînd diagrama, o caracteristică a dezvoltării economiei României în perioada interbelică. Argumentează răspunsul. 2 3",!Teste examene 2016 - 2024/2016/Esantion/09_ist_test2_ro_esantion16.pdf,pdfs/2016-esantion-test-2.pdf#page=2
9,2016-esantion-test-2-i-2,2016-esantion-test-2,2016,Esantion,Test 2,I.2,I,2,item,2,"2 Studiază caricatura alăturată, publicată în presa franceză în septembrie 1939. Determină la ce evenimente din istoria Poloniei face trimitere autorul. Argumentează răspunsul. Crucificarea Poloniei de către Hitler și Stalin 2 3",!Teste examene 2016 - 2024/2016/Esantion/09_ist_test2_ro_esantion16.pdf,pdfs/2016-esantion-test-2.pdf#page=2
9,2016-esantion-test-2-i-3,2016-esantion-test-2,2016,Esantion,Test 2,I.3,I,3,item,2,"3 Formulează, în baza foii volante, o caracteristică specifică regimului politic din România interbelică. Argumentează răspunsul. 2 3",!Teste examene 2016 - 2024/2016/Esantion/09_ist_test2_ro_esantion16.pdf,pdfs/2016-esantion-test-2.pdf#page=2
9,2016-esantion-test-2-i-4,2016-esantion-test-2,2016,Esantion,Test 2,I.4,I,4,item,2,"4 Formulează, utilizînd informația din tabel, o concluzie despre principalele puteri economice în perioada interbelică. Argumentează răspunsul. Tabel: Automobile vîndute în România interbelică Producător Anul 1938 SUA 18 650 (73,5%) Germania 2 790 (11,0%) Franța 1 835 (7,23%) 2 3",!Teste examene 2016 - 2024/2016/Esantion/09_ist_test2_ro_esantion16.pdf,pdfs/2016-esantion-test-2.pdf#page=2
9,2016-esantion-test-2-ii-all,2016-esantion-test-2,2016,Esantion,Test 2,II.all,II,all,section,3,"SUBIECTUL al II-lea (23 de puncte) Studiază materialul suport și realizează sarcinile propuse. REPERE CRONOLOGICE (A). 1921, iulie: Hitler preia conducerea Partidului Național Socialist al Muncitorilor din Germania. 1933, ianuarie: Hitler devine cancelar al Germaniei. 1933, aprilie: Boicotarea magazinelor evreiești; începutul politicii antisemite. 1935: Germania nazistă proclama legile antisemite de la Nurnberg. 1938, Anschluss-ul, Germania „unește” Austria. 1939, septembrie: Germania atacă Polonia. 1945, mai: Capitularea Germaniei. SURSA B. „Instaurarea unei „noi ordini” se face și prin reprimarea și persecutarea sistematică a opozanților sau a celor pe care naziștii îi denunță ca „dușmanii permanenți ai Reichului”. […] […] Această „luptă” culminează cu masacrul populațiilor slave din Europa de Est (polonezi, ruși) și mai ales cu monstruoasa „soluție finală a problemei evreilor” , adică exterminarea populațiilor de religie israelită , începută în 1942. În toate țările ocupate de germani, evreii sînt arestați cu sutele de mii, deporta ți în Germania sau Polonia în lagăre unde sînt obliga ți să muncească în condi ții înspăimîntătoare, fără hrană suficientă, fără condi ții de igienă, supu și brutalităților sadice ale gardienilor care îi supraveghează. Cei ca re nu sînt în stare să muncească (bătrîni, copii, bolnavi) sau care î și pierd puterile sînt asfixia ți în camere de gazare iar trupurile lor sînt arse în crematorii. Scopul lui Hitler este acela de a stîrpi astfel în totalitate „rasa evreiască”. În 1945, Europa va descoperi cu groază că 9 mln. de persoane dintre care 6 m ln. de evrei au avut parte de această moarte oribilă în lagărele de exterminare […].” (Serge Berstein, Pierre Milza, Istoria Europei, 1998) SURSA C. Nr. Item Scor 1 Studiază reperele cronologice (A). Identifică două evenimente ce reflectă limitele cronologice ale Germaniei naziste. 2 2 Scrie limitele cronologice pentru al Doilea Război Mondial. Studiază sursa B. 3 Explică semnificația atribuită de către naziști pentru termenul noua ordine. 2 4 Justifică aprecierea autorului pentru politica nazistă de soluție finală a problemei evreilor. 2 3 4 Studiază sursele B și C. 5 Descrie, utilizînd harta, sistemul de lagăre de exterminare organizat de Germania nazistă. 2 3 4 Valorifică materialul suport și cunoștințele obținute anterior. 6 Explică două consecințe ale instaurării în Europa a noii ordini naziste. 2 3 4 5 7 Consideri suficiente și relevante acțiunile realizare după al Doilea Război Mondial spre a preveni o nouă conflagrație mondială? Formulează două argumente. 2 3 4 5",!Teste examene 2016 - 2024/2016/Esantion/09_ist_test2_ro_esantion16.pdf,pdfs/2016-esantion-test-2.pdf#page=3
9,2016-esantion-test-2-ii-1,2016-esantion-test-2,2016,Esantion,Test 2,II.1,II,1,item,4,1 Studiază reperele cronologice (A). Identifică două evenimente ce reflectă limitele cronologice ale Germaniei naziste. 2 2 Scrie limitele cronologice pentru al Doilea Război Mondial. L 0,!Teste examene 2016 - 2024/2016/Esantion/09_ist_test2_ro_esantion16.pdf,pdfs/2016-esantion-test-2.pdf#page=4
9,2016-esantion-test-2-ii-3,2016-esantion-test-2,2016,Esantion,Test 2,II.3,II,3,item,4,3 Explică semnificația atribuită de către naziști pentru termenul noua ordine. 2 4 Justifică aprecierea autorului pentru politica nazistă de soluție finală a problemei evreilor. 2 3,!Teste examene 2016 - 2024/2016/Esantion/09_ist_test2_ro_esantion16.pdf,pdfs/2016-esantion-test-2.pdf#page=4
9,2016-esantion-test-2-ii-4,2016-esantion-test-2,2016,Esantion,Test 2,II.4,II,4,item,4,4 Studiază sursele B și C.,!Teste examene 2016 - 2024/2016/Esantion/09_ist_test2_ro_esantion16.pdf,pdfs/2016-esantion-test-2.pdf#page=4
9,2016-esantion-test-2-ii-5,2016-esantion-test-2,2016,Esantion,Test 2,II.5,II,5,item,4,"5 Descrie, utilizînd harta, sistemul de lagăre de exterminare organizat de Germania nazistă. 2 3 4 Valorifică materialul suport și cunoștințele obținute anterior.",!Teste examene 2016 - 2024/2016/Esantion/09_ist_test2_ro_esantion16.pdf,pdfs/2016-esantion-test-2.pdf#page=4
9,2016-esantion-test-2-ii-6,2016-esantion-test-2,2016,Esantion,Test 2,II.6,II,6,item,4,6 Explică două consecințe ale instaurării în Europa a noii ordini naziste. 2 3 4 5 7 Consideri suficiente și relevante acțiunile realizare după al Doilea Război Mondial spre a preveni o nouă conflagrație mondială? Formulează două argumente. 2 3 4 5,!Teste examene 2016 - 2024/2016/Esantion/09_ist_test2_ro_esantion16.pdf,pdfs/2016-esantion-test-2.pdf#page=4
9,2016-esantion-test-2-iii-essay,2016-esantion-test-2,2016,Esantion,Test 2,III.essay,III,essay,essay,5,"SUBIECTUL al III-lea (15 puncte) Studiază sursele A-C. SURSA A. „Prin înființarea Facultății de Teologie din Chișinău s-a făcut un mare lucru și bun, folositor pentru popula ția Basarabiei, s -a săpat un izvor de apă vie a culturii religioase și na ționale în mijlocul populației setoase de această cultură. […] Ștefan cel Mare pentru apărarea mo șiei a zidit cetă ți, ca înlăuntrul lor să se apere. Acum aceste cetăți nu mai folosesc la nimic. Cetățile unui neam sunt universitățile. Zidurile de apărare sînt piepturile românilor plini de iubire de neam. Aceste piepturi să le cre ștem, la hotarele țării, prin universitățile provinciale. Să dăm Basarabiei cît mai multă cultură! De aceea doresc ca Facultatea de Teologie să fie sîmburile, nucleul unei universități basarabene.” (Arhiepiscopul Gurie, Din Discursul rostit la inaugurarea Facultății de Teologie la Chișinău, 1927) SURSA B. SURSA C. „Majoritatea celor 1084 școli primare ruse ști au fost, după 1918, românizate, construindu -se pe parcursul perioadei interbelice încă 300 de localuri noi. Acestor școli le-a revenit rolul principal în lupta pentru combaterea analfabetismului, ob ținîndu-se în direcția dată progrese notabile. Astfel, numărul școlilor a sporit, în perioada 1920 - ianuarie 1939 de la 1 747 la 2 718, cel al învă țătorilor de la 2 746 la 7 581, iar numărul elevilor înscri și – de la 136 1 72 la 346 747.” (Nicolae Enciu, Basarabia în anii 1918-1940. Evoluție demografică și economică) Foto: Monumentul lui Ștefan cel Mare și Sf înt, dezvelit la 29 aprilie 1928 , Chișinău Item Scor Utilizează sursele pentru a argumenta, într-un text coerent, afirma ția: Basarabia a beneficiat în perioada interbelică de o veritabilă renaștere spirituală. Notă: Formulează cel puțin trei argumente. 2 2 3 2 3 4 5 6 7 2",!Teste examene 2016 - 2024/2016/Esantion/09_ist_test2_ro_esantion16.pdf,pdfs/2016-esantion-test-2.pdf#page=5
9,2016-pretestare-test-i-1,2016-pretestare-test,2016,Pretestare,,I.1,I,1,item,2,"1 Numește, utilizînd imaginea, o ramură industrială dezvoltată în perioada interbelică în România. Argumentează răspunsul. 2 3",!Teste examene 2016 - 2024/2016/Pretestare/09_ist_ro_test_pr16.pdf,pdfs/2016-pretestare-test.pdf#page=2
9,2016-pretestare-test-i-2,2016-pretestare-test,2016,Pretestare,,I.2,I,2,item,2,2 Studiază caricatura. Determină opinia autorului despre regimul politic la care face trimitere în caricatură. Argumentează răspunsul. 2 3,!Teste examene 2016 - 2024/2016/Pretestare/09_ist_ro_test_pr16.pdf,pdfs/2016-pretestare-test.pdf#page=2
9,2016-pretestare-test-i-3,2016-pretestare-test,2016,Pretestare,,I.3,I,3,item,2,3 Studiază titlul articolului. Cît de justificat din punct de vedere istoric consideri titlul propus de autor? Argumentează răspunsul. 2 3,!Teste examene 2016 - 2024/2016/Pretestare/09_ist_ro_test_pr16.pdf,pdfs/2016-pretestare-test.pdf#page=2
9,2016-pretestare-test-i-4,2016-pretestare-test,2016,Pretestare,,I.4,I,4,item,2,"4 Formulează, utilizînd diagrama, o consecință a revoluției științifico-tehnice în dezvoltarea economică a SUA. Argumentează răspunsul. 73% 24% 3% Structura forței de muncă în SUA, 1998 sectorul terțiar (servicii) sectorul secundar (industrie) sectorul primar (agricultură) 2 3",!Teste examene 2016 - 2024/2016/Pretestare/09_ist_ro_test_pr16.pdf,pdfs/2016-pretestare-test.pdf#page=2
9,2016-pretestare-test-ii-all,2016-pretestare-test,2016,Pretestare,,II.all,II,all,section,3,"SUBIECTUL al II-lea (23 de puncte) Studiază materialul suport și realizează sarcinile propuse. TERMEN: disident – persoană cu opinii diferite, opuse de cele al colectivității din care face parte. REPERE CRONOLOGICE (A). 1945, martie: Instaurarea guve rnului Petru Groza. 1946, februarie: Proclamarea Republici i Populare Ungaria. 1947, decembrie: Abdicarea regelui Mihai I. 1949: Crearea Republicii Democrate Germană. 1955: Crearea Organizației Tratatului de la Varșovia. 1956, februarie: Nikita Hrușciov, în cadrul Congresului al XX-lea al PCUS, pre zintă raportul în care critică „cultul personalității lui Stalin”. SURSA B. „[…] moartea lui Stalin pe 5 martie 1953, marchează […] un timid început de liberalizare a taberei socialiste, ale cărui efecte nu pot fi controlate în totalitate de conducătorii sovietici și care se termină în toamna anului 1956 odată cu evenimentele dramatice din Ungaria. După această dată, destabilizarea continuă, dar foarte lent și cu multă pruden ță, fără ca schimbările pe care le produ ce în structurile interne ale fiecărui partid și ale fiecărei țări comuniste să modifice ceva în legăturile acestora cu „marele frate”. La sfîr șitul anilor 1960 și la începutul deceniului următor, un mare val contestatar ia amploare în democra țiile populare, care culminează cu ""Primăvara de la Praga"" din 1968. Dar și acesta este strivit prin for ță, însă jocul forțelor centrifuge face din ce în ce mai dificilă ținerea sub control de către URSS […].” (Serge Berstein, Pierre Milza, Istoria Europei, 1998) SURSA C. SURSA D. „Pătrunderea trupelor celor cinci țări socialiste în Cehoslovacia constituie o mare gre șeală și o primejdie gravă pentru pacea în Europa […]. Este de neconceput în lumea de astăzi, c înd popoarele se ridică la luptă p entru a -și apăra independen ța na țională, pentru egalitatea în drepturi, ca un stat socialist, ca state socialiste să încalce libertatea și independența altui stat.” (Din discursul lui N. Ceaușescu din 21 august 1968, prin care condamnă intervenția în Cehoslovacia) Nr. Item Scor 1 Studiază reperele cronologice (A). Identifică două evenimente ce reflectă instaurarea regimurilor de democrație populară în statele din Europa de Est. 2 Studiază sursa B. 2 Explică semnificația sintagmei marele frate. 2 3 Identifică în text o consecință a morții lui Stalin asupra relației dintre URSS și statele democrații populare din Europa de Est. Studiază sursa C. 4 Justifică utilizarea termenului disident cu trimitere la punctul de vedre în problema dată al liderului politic român, Nicolae Ceaușescu. 2 3 4 Studiază sursa D. 5 Demonstrează, utilizînd harta, că democrațiile populare din Europa de Est au cunoscut revolte anticomuniste. 2 3 4 Valorifică materialul suport și cunoștințele obținute anterior. 6 Valorifică sursele B și C pentru a prezenta, după algoritmul cauze-desfășurare- consecințe, revolta anticomunistă din Cehoslovacia. 2 3 4 5 Valorifică materialul suport și cunoștințele obținute anterior. 7 Exprimă-ți opinia despre semnificația rezistenței anticomuniste în Europa de Est. Formulează două argumente. 2 3 4 5",!Teste examene 2016 - 2024/2016/Pretestare/09_ist_ro_test_pr16.pdf,pdfs/2016-pretestare-test.pdf#page=3
9,2016-pretestare-test-ii-1,2016-pretestare-test,2016,Pretestare,,II.1,II,1,item,4,"1 Studiază sursa C. 4 Justifică utilizarea termenului disident cu trimitere la punctul de vedre în problema dată al liderului politic român, Nicolae Ceaușescu. 2 3",!Teste examene 2016 - 2024/2016/Pretestare/09_ist_ro_test_pr16.pdf,pdfs/2016-pretestare-test.pdf#page=4
9,2016-pretestare-test-ii-2,2016-pretestare-test,2016,Pretestare,,II.2,II,2,item,4,2 Explică semnificația sintagmei marele frate. 2,!Teste examene 2016 - 2024/2016/Pretestare/09_ist_ro_test_pr16.pdf,pdfs/2016-pretestare-test.pdf#page=4
9,2016-pretestare-test-ii-3,2016-pretestare-test,2016,Pretestare,,II.3,II,3,item,4,3 Identifică în text o consecință a morții lui Stalin asupra relației dintre URSS și statele democrații populare din Europa de Est. L 0,!Teste examene 2016 - 2024/2016/Pretestare/09_ist_ro_test_pr16.pdf,pdfs/2016-pretestare-test.pdf#page=4
9,2016-pretestare-test-ii-4,2016-pretestare-test,2016,Pretestare,,II.4,II,4,item,4,"4 Studiază sursa D. 5 Demonstrează, utilizînd harta, că democrațiile populare din Europa de Est au cunoscut revolte anticomuniste. 2 3 4 Valorifică materialul suport și cunoștințele obținute anterior. 6 Valorifică sursele B și C pentru a prezenta, după algoritmul cauze-desfășurare- consecințe, revolta anticomunistă din Cehoslovacia. 2 3 4 5 Valorifică materialul suport și cunoștințele obținute anterior.",!Teste examene 2016 - 2024/2016/Pretestare/09_ist_ro_test_pr16.pdf,pdfs/2016-pretestare-test.pdf#page=4
9,2016-pretestare-test-ii-7,2016-pretestare-test,2016,Pretestare,,II.7,II,7,item,5,7 Exprimă-ți opinia despre semnificația rezistenței anticomuniste în Europa de Est. Formulează două argumente. 2 3 4 5,!Teste examene 2016 - 2024/2016/Pretestare/09_ist_ro_test_pr16.pdf,pdfs/2016-pretestare-test.pdf#page=5
9,2016-pretestare-test-iii-essay,2016-pretestare-test,2016,Pretestare,,III.essay,III,essay,essay,5,"SUBIECTUL al III-lea (15 puncte) Studiază sursele A-B. SURSA A. „[…] Potrivit scopului urmărit , sovietele au înfiin țat școli moldovenești, în cari se predau copiilor moldoveni doctrinele comuniste într’o limbă st îlcită moldovenească […]. În acela ș timp, sovietele au procedat și urmăresc metodic dist rugerea religiei, obiceiuri lor și a familiei moldovenilor. Li-se confisca produsul muncii lor, li se sechestrează averea, ori c ît de mică ar fi ea, și îi silesc cu for ța de a se înscrie în gospodăriile colective „kolhozuri”, unde ei sunt sorti ți unei existențe de sclavi, muncind toa tă viața sub conducerea unor comitete și neprimind în schimb nici măcar atît cît trebuie omului pentru a nu muri de foame. […] Toți refugiații scăpați cu viața din „Republica Moldo veneasca” [RASSM – n.n.] declară, că în ultimul timp moldovenii sunt zilnic îmbarcați în vagoane și trenuri întregi și expediați în Siberia, bărbații separat de femeile lor și acestea separat de copiii lor. […]” (Din Memoriul românilor transnistreni adresat Ligii Națiunilor, 1932) SURSA B. „[…] În poăzia Moldovenii despre tovarășu Stalin a poătului tovarăș Țurcan se descrie cum de adînc în suflet au sîmțit moldovenii razele luminoase a soarelui – Stalin: O, Stalin scump-a vieții soare, O, tată bun și credinșios, Noi din Moldova ’nfloritoare În șinstea ta cîntăm voios.” (L. Cornfelid, Tovarășu Stalin în cîntișile și poăziile sovetișe moldovenești, în „Okteabri: jurnal obștesc-politic și literar-hudojnic”, nr.12, 1939, Tiraspol) Item Scor Utilizează sursele pentru a argumenta, într-un text coerent, afirmația: RASSM – imagine în miniatură a unui regim totalitar. Notă: Formulează cel puțin trei argumente. 2 2 3 2 3 4 5 6 7 2",!Teste examene 2016 - 2024/2016/Pretestare/09_ist_ro_test_pr16.pdf,pdfs/2016-pretestare-test.pdf#page=5
9,2016-sesiunea-de-baza-test-i-1,2016-sesiunea-de-baza-test,2016,Sesiunea de baza,,I.1,I,1,item,3,"1 Formulează, utilizînd diagrama, o concluzie despre dezvoltarea economică a României în perioada interbelică. Argumentează răspunsul. 2 3",!Teste examene 2016 - 2024/2016/Sesiunea de baza/09_ist_test_ro_sb16.pdf,pdfs/2016-sesiunea-de-baza-test.pdf#page=3
9,2016-sesiunea-de-baza-test-i-2,2016-sesiunea-de-baza-test,2016,Sesiunea de baza,,I.2,I,2,item,3,2 Studiază caricatura. Determină regimul politic la care face trimitere autorul. Argumentează răspunsul. 2 3,!Teste examene 2016 - 2024/2016/Sesiunea de baza/09_ist_test_ro_sb16.pdf,pdfs/2016-sesiunea-de-baza-test.pdf#page=3
9,2016-sesiunea-de-baza-test-i-3,2016-sesiunea-de-baza-test,2016,Sesiunea de baza,,I.3,I,3,item,3,3 Studiază posterul. Formulează un motiv pentru care în Republica Moldova se organizează activități de comemorare în această zi. Argumentează răspunsul. 2 3 Inscripție: Ziua europeană a comemorării victimelor stalinismului și nazismului,!Teste examene 2016 - 2024/2016/Sesiunea de baza/09_ist_test_ro_sb16.pdf,pdfs/2016-sesiunea-de-baza-test.pdf#page=3
9,2016-sesiunea-de-baza-test-i-4,2016-sesiunea-de-baza-test,2016,Sesiunea de baza,,I.4,I,4,item,3,"4 Formulează, cu trimitere la datele statistice din tabel, o caracteristică pentru un domeniu al societății din RSSM. Argumentează răspunsul. Tabel: Editarea ziarelor în RSSM Anul În total În limba română numărul tirajul numărul tirajul 1954 98 66 407 65 39 406 1958 101 105 733 50 58 558 2 3",!Teste examene 2016 - 2024/2016/Sesiunea de baza/09_ist_test_ro_sb16.pdf,pdfs/2016-sesiunea-de-baza-test.pdf#page=3
9,2016-sesiunea-de-baza-test-ii-all,2016-sesiunea-de-baza-test,2016,Sesiunea de baza,,II.all,II,all,section,4,"SUBIECTUL al II-lea (23 de puncte) Studiază materialul suport și realizează sarcinile propuse. TERMEN: Sistemul de la Versailles - noua ordine interna țională edificată de statele învingătoare după primul război mondial prin semnarea tratatelor de pace cu statele învinse. REPERE CRONOLOGICE (A). 1919: fondarea Societății/ Ligii Națiunilor 1919: semnarea Tratatului de Pace cu Austria (Saint-Germain) 1920: semnarea Tratatului de Pace cu Ungaria (Trianon) 1932: lansarea programului “Noul curs” 1933: Hitler este numit cancelar al Germaniei 1935: Hitler introduce serviciul militar obligatoriu 1936: semnarea Pactului Anticomintern 1938: anexarea Austriei („Anschluss-ul”) 1938: adoptarea Constituției lui Carol al II-lea 1939: semnarea Tratatului de neagresiune sovieto-german SURSA B. Art.80, 81, 87: Germania recunoa ște independenţa şi frontierele Austriei, Cehoslovaciei, Poloniei. Art.119: Germania renunță la drepturile ei asupra coloniilor. Art.160: Armata germană nu poate depăşi cifra de 100 000 de oameni. Art.173: Serviciul militar este abolit. Art.198: Forțele militare ale Germaniei nu vor trebui să cuprindă nici o aviaţie militară sau marină. Art.231: Germania recunoaște că ea și aliații ei s unt responsabili de toate pierderile și sacrificiile. (Extrase din Tratatul de la Versailles, 28 iunie 1919) SURSA C. SURSA D. Europa, an.1914 Europa, an.1923 Nr. Item Scor 1 Identifică în reperele cronologice (A) tratate componente ale Sistemului de la Versailles. 2 Studiază sursa B. 2 Definește termenul tratat. 2 3 Descrie contextul în care a fost semnat Tratatul de la Versailles, din 28 iunie 1919. 4 Determină consecințele prevederilor din tratat pentru dezvoltarea Germaniei în plan: economic militar 2 3 4 Studiază sursele C și D. 5 Demonstrează că harta politică a Europei, conform Sistemului de la Versailles, a cunoscut schimbări importante. Exemplifică cu trimitere la: România Polonia 2 3 4 Valorifică materialul suport și cunoștințele obținute anterior. 6 Identifică în reperele cronologice propuse două evenimente ce reflectă procesul de distrugere a Sistemului de la Versailles de către Germania. Argumentează răspunsul. 2 3 4 5 Valorifică materialul suport și cunoștințele obținute anterior. 7 Exprimă-ți opinia: prin Sistemul de la Versailles s-au pus bazele unei păci trainice sau fragile? Formulează două argumente. 2 3 4 5",!Teste examene 2016 - 2024/2016/Sesiunea de baza/09_ist_test_ro_sb16.pdf,pdfs/2016-sesiunea-de-baza-test.pdf#page=4
9,2016-sesiunea-de-baza-test-ii-1,2016-sesiunea-de-baza-test,2016,Sesiunea de baza,,II.1,II,1,item,5,1 Identifică în reperele cronologice (A) tratate componente ale Sistemului de la Versailles.,!Teste examene 2016 - 2024/2016/Sesiunea de baza/09_ist_test_ro_sb16.pdf,pdfs/2016-sesiunea-de-baza-test.pdf#page=5
9,2016-sesiunea-de-baza-test-ii-2,2016-sesiunea-de-baza-test,2016,Sesiunea de baza,,II.2,II,2,item,5,2 Studiază sursa B. 2 Definește termenul tratat. 2,!Teste examene 2016 - 2024/2016/Sesiunea de baza/09_ist_test_ro_sb16.pdf,pdfs/2016-sesiunea-de-baza-test.pdf#page=5
9,2016-sesiunea-de-baza-test-ii-3,2016-sesiunea-de-baza-test,2016,Sesiunea de baza,,II.3,II,3,item,5,"3 Descrie contextul în care a fost semnat Tratatul de la Versailles, din 28 iunie 1919.",!Teste examene 2016 - 2024/2016/Sesiunea de baza/09_ist_test_ro_sb16.pdf,pdfs/2016-sesiunea-de-baza-test.pdf#page=5
9,2016-sesiunea-de-baza-test-ii-4,2016-sesiunea-de-baza-test,2016,Sesiunea de baza,,II.4,II,4,item,5,"4 Studiază sursele C și D. 5 Demonstrează că harta politică a Europei, conform Sistemului de la Versailles, a cunoscut schimbări importante. Exemplifică cu trimitere la: România Polonia 2 3 4 Valorifică materialul suport și cunoștințele obținute anterior.",!Teste examene 2016 - 2024/2016/Sesiunea de baza/09_ist_test_ro_sb16.pdf,pdfs/2016-sesiunea-de-baza-test.pdf#page=5
9,2016-sesiunea-de-baza-test-ii-6,2016-sesiunea-de-baza-test,2016,Sesiunea de baza,,II.6,II,6,item,5,6 Identifică în reperele cronologice propuse două evenimente ce reflectă procesul de distrugere a Sistemului de la Versailles de către Germania. Argumentează răspunsul. 2 3 4 5 Valorifică materialul suport și cunoștințele obținute anterior.,!Teste examene 2016 - 2024/2016/Sesiunea de baza/09_ist_test_ro_sb16.pdf,pdfs/2016-sesiunea-de-baza-test.pdf#page=5
9,2016-sesiunea-de-baza-test-ii-7,2016-sesiunea-de-baza-test,2016,Sesiunea de baza,,II.7,II,7,item,6,7 Exprimă-ți opinia: prin Sistemul de la Versailles s-au pus bazele unei păci trainice sau fragile? Formulează două argumente. 2 3 4 5,!Teste examene 2016 - 2024/2016/Sesiunea de baza/09_ist_test_ro_sb16.pdf,pdfs/2016-sesiunea-de-baza-test.pdf#page=6
9,2016-sesiunea-de-baza-test-iii-essay,2016-sesiunea-de-baza-test,2016,Sesiunea de baza,,III.essay,III,essay,essay,6,"SUBIECTUL al III-lea (15 puncte) Studiază sursele A-С. SURSA A. „Separatismul transnistrean a destabilizat substanțial economia națională a Republicii Moldova, reduc îndu-i producția industrială cu 36,0%, producția energiei electrice cu 87,5%, producția mărfurilor de cons um popular cu 28%, producția de legume cu 38,0% […] din suma totală a veniturilor formate pe teritoriul republicii […]. În războiul de pe Nistru au fost înregistrate, de ambele părți, circa 802 morți și peste 5000 răniți, inclusiv în rîndul populației civile. […] Operațiunile militare au provocat un val de circa 108 mii de refugiați, dintre care 51 de mii s -au stabilit în 38 de localități de pe mal ul drept al Nistrului, iar alți 57 de mii în Ucraina.” (N. Enciu, I. Șișcanu, Evoluția Republicii Moldova după 1991, în Ioan Scurtu (ed.), Istoria Basarabiei) SURSA B. „Nerecunoscută în plan internațional, enclava separatistă nistreană s -a înarmat p înă în dinți și a devenit o placă turnantă pentru traficul ilegal de arme […], constituind un real pericol la adresa securități regionale și europene. Sursa acestui trafic sunt at ît uzinele din Transnistria, care produc armament […], cît și arsenalul militar al fostei Armate a 14-a a Rusiei, amplasată în zona controlată de administrația nistreană.” (Gh. Cojocaru, Separatismul transnistrean: aspecte interne și internaționale în O istorie a regiunii Transnistrene din cele mai vechi timpuri pînă astăzi, 2007) SURSA C. „Reclamanții sunt 170 de cetățeni moldoveni care l ocuiesc în „r epublica moldovenească nistreană” („RMN”) [. ..]. Toți reclamanții au susținut că cei care au dorit continuarea studiilor în școlile de limbă moldovenească/ română au fost nevoiți să accepte diminuarea calității învățămîntului din cauza lipsei localurilor adecvate, a drumurilor lungi spre și dinspre școală (însoțite de verificarea ghiozdanelor, controale de identitate și acte de hărțuire din partea oficialilor „RMN” [...]), [...] vandalizării sediilor școlilor, intimidării [...] și abuzurilor verbale. Copiii aveau ca alternativă frecventarea școlilor „moldovenești” în care se utiliza o variantă artificială a limbii române scrise cu alfabet chirilic. Din moment ce această variantă a limbii nu este recunoscută nicăieri în lume, predarea se efectua în baza materialelor didactice din epoca sovietică cre înd copiilor dificultăți în continuarea studiilor în instituțiile de învățămînt superior.” (Din Hotărîrea Curții Europene pentru Drepturile Omului în dosarul „Cătan și alții contra Republicii Moldova și Rusiei”, Strasbourg, 19 octombrie 2012) Item Scor Utilizează sursele pentru a argumenta, într -un text coerent, afirma ția: Războiul de pe Nistru – conflict cu multiple consecințe pentru Republica Moldova. Notă: Formulează cel puțin trei argumente. 2 2 3 2 3 4 5 6 7 2",!Teste examene 2016 - 2024/2016/Sesiunea de baza/09_ist_test_ro_sb16.pdf,pdfs/2016-sesiunea-de-baza-test.pdf#page=6
9,2016-suplimentara-test-i-1,2016-suplimentara-test,2016,Suplimentara,,I.1,I,1,item,3,1 Studiază stema. Demonstrează că stema reflectă trecutul sovietic al Republicii Moldova. Argumentează răspunsul. 2 3,!Teste examene 2016 - 2024/2016/Suplimentara/09_ist_test_ro_ss16.pdf,pdfs/2016-suplimentara-test.pdf#page=3
9,2016-suplimentara-test-i-2,2016-suplimentara-test,2016,Suplimentara,,I.2,I,2,item,3,2 Studiază titlul articolului. Recomandă autorului un eveniment relevant pentru articolul său. Argumentează răspunsul. 2 3,!Teste examene 2016 - 2024/2016/Suplimentara/09_ist_test_ro_ss16.pdf,pdfs/2016-suplimentara-test.pdf#page=3
9,2016-suplimentara-test-i-3,2016-suplimentara-test,2016,Suplimentara,,I.3,I,3,item,3,3 Studiază titlul articolului. Poate fi acest demers al OSCE o problemă de interes pentru Republica Moldova? Argumentează răspunsul. 2 3,!Teste examene 2016 - 2024/2016/Suplimentara/09_ist_test_ro_ss16.pdf,pdfs/2016-suplimentara-test.pdf#page=3
9,2016-suplimentara-test-i-4,2016-suplimentara-test,2016,Suplimentara,,I.4,I,4,item,3,"4 Formulează, utilizînd informația din tabel, o concluzie despre represiunile staliniste în URSS. Argumentează răspunsul. Tabel: GULAG-ul în anii '30 Anul 1933 Anul 1940 Lagăre 279 536 Deținuți 171 251 1 668 200 2 3",!Teste examene 2016 - 2024/2016/Suplimentara/09_ist_test_ro_ss16.pdf,pdfs/2016-suplimentara-test.pdf#page=3
9,2016-suplimentara-test-ii-all,2016-suplimentara-test,2016,Suplimentara,,II.all,II,all,section,4,"SUBIECTUL al II-lea (23 de puncte) Studiază materialul suport și realizează sarcinile propuse. REPERE CRONOLOGICE (A). 1933: Hitler este numit cancelar al Germaniei. 1936: S emnarea Pactului Anticomintern de către Germania și Japonia. 1937: Italia aderă la Pactul Anticomintern. 1938: Anexarea Austriei (“Anschluss-ul”). 1938: Acordul de la Munchen , semnat de Germania, Italia, Marea Britanie și Franța. 1939, 1 septembrie: Germania atacă Polonia. 1940, martie: Finalizarea războiulu i sovieto - finlandez. 1940: C rearea RSS Estonă, RSS Lituaniană, RSS Letonă. 1940, 26 iunie: Nota ultimativă a guvernului sovietic către guvernul României. SURSA B. „Cu ocazia semnării Tratatului de neagresiune dintre Reichul German și Uniunea Republicilor Sovietice Socialiste, semnatarii din partea celor două păr ți au discutat, în cadrul unor convorbiri strict confiden țiale, problema delimitării sferelor lor respective de interes în Europa răsăriteană. Aceste convorbiri au dus la următorul rezultat: 1. În c azul unei transformări teritoriale și politice a teritoriilor apar ținînd statelor baltice (Finlanda, Estonia, Letonia, Lituania), frontiera nordică a Lituaniei va reprezenta frontiera sferelor de interes atît ale Germaniei, cît și ale URSS. […] 2. În cazul unei transformări teritoriale și politice a teritoriilor apar ținînd statului polonez, sferele de interes, a tît ale Germaniei, c ît și ale URSS, vor fi delimitate aproximativ de linia r îurilor Narev, Vistula și San. Problema dacă în interesele ambelor păr ți ar fi de dorit men ținerea unui stat polonez independent și a modului în care vor fi trasate frontierele acestui stat poate fi solu ționată definitiv numai în cursul evenimentelor politice ulterioare. […] 3. În privin ța Europei sud -estice, partea sovietică subliniază interesul pe care -l manifestă pentru Basarabia. Partea germană își declară totalul dezinteres politic față de aceste teritorii.” (Din Protocolul adițional secret al Pactului Molotov-Ribbentrop, 23 august 1939) SURSELE C și D. Nr. Item Scor 1 Identifică în reperele cronologice (A) două dovezi despre aliații Germaniei naziste în perioada interbelică. 2 Studiază sursa B. 2 Explică sintagma delimitarea sferelor de interes, utilizată în document. 2 3 Numește statele vizate prin prevederile Pactului Molotov-Ribbentrop. 4 Determină scopul semnării Pactului Molotov-Ribbentrop: declarat real 2 3 4 Studiază sursele B, C și D. 5 Demonstrează, utilizînd hărțile, că deja în 1939 părțile semnatare pun în aplicare unele prevederi ale Pactului Molotov-Ribbentrop. Exemplifică cu trimitere la: Germania URSS 2 3 4 Studiază sursele A și B. 6 Identifică în reperele cronologice (A) alte două acțiuni prin care URSS pune în aplicare prevederile Pactului Molotov-Ribbentrop. Argumentează răspunsul. 2 3 4 5 Valorifică materialul suport și cunoștințele obținute anterior. 7 Apreciază contribuția Pactului Molotov-Ribbentrop în destinul istoric al Basarabiei. Formulează două argumente. 2 3 4 5",!Teste examene 2016 - 2024/2016/Suplimentara/09_ist_test_ro_ss16.pdf,pdfs/2016-suplimentara-test.pdf#page=4
9,2016-suplimentara-test-ii-1,2016-suplimentara-test,2016,Suplimentara,,II.1,II,1,item,4,1 Identifică în reperele cronologice (A) două dovezi despre aliații Germaniei naziste în perioada interbelică.,!Teste examene 2016 - 2024/2016/Suplimentara/09_ist_test_ro_ss16.pdf,pdfs/2016-suplimentara-test.pdf#page=4
9,2016-suplimentara-test-ii-2,2016-suplimentara-test,2016,Suplimentara,,II.2,II,2,item,5,"2 Explică sintagma delimitarea sferelor de interes, utilizată în document. 2",!Teste examene 2016 - 2024/2016/Suplimentara/09_ist_test_ro_ss16.pdf,pdfs/2016-suplimentara-test.pdf#page=5
9,2016-suplimentara-test-ii-3,2016-suplimentara-test,2016,Suplimentara,,II.3,II,3,item,5,3 Numește statele vizate prin prevederile Pactului Molotov-Ribbentrop.,!Teste examene 2016 - 2024/2016/Suplimentara/09_ist_test_ro_ss16.pdf,pdfs/2016-suplimentara-test.pdf#page=5
9,2016-suplimentara-test-ii-4,2016-suplimentara-test,2016,Suplimentara,,II.4,II,4,item,5,"4 Studiază sursele B, C și D. 5 Demonstrează, utilizînd hărțile, că deja în 1939 părțile semnatare pun în aplicare unele prevederi ale Pactului Molotov-Ribbentrop. Exemplifică cu trimitere la: Germania URSS 2 3",!Teste examene 2016 - 2024/2016/Suplimentara/09_ist_test_ro_ss16.pdf,pdfs/2016-suplimentara-test.pdf#page=5
9,2016-suplimentara-test-ii-6,2016-suplimentara-test,2016,Suplimentara,,II.6,II,6,item,5,6 Identifică în reperele cronologice (A) alte două acțiuni prin care URSS pune în aplicare prevederile Pactului Molotov-Ribbentrop. Argumentează răspunsul. 2 3 4 5 Valorifică materialul suport și cunoștințele obținute anterior.,!Teste examene 2016 - 2024/2016/Suplimentara/09_ist_test_ro_ss16.pdf,pdfs/2016-suplimentara-test.pdf#page=5
9,2016-suplimentara-test-ii-7,2016-suplimentara-test,2016,Suplimentara,,II.7,II,7,item,6,7 Apreciază contribuția Pactului Molotov-Ribbentrop în destinul istoric al Basarabiei. Formulează două argumente. 2 3 4 5,!Teste examene 2016 - 2024/2016/Suplimentara/09_ist_test_ro_ss16.pdf,pdfs/2016-suplimentara-test.pdf#page=6
9,2016-suplimentara-test-iii-essay,2016-suplimentara-test,2016,Suplimentara,,III.essay,III,essay,essay,6,"SUBIECTUL al III-lea (15 puncte) Studiază sursele A-D. SURSA A. „Art.5. Învățămîntul primar este unitar în tot cuprinsul țării. Art.6. Învățămîntul primar este obligatoriu și gratuit în condi țiile prevăzute de această lege. […] Art.7. Învățămîntul primar în școlile statului se predă în limba română.” (Din Legea pentru învățămîntul primar al statului și învățămîntul normal-primar, 1924) SURSA B. „Prin înființarea Facultății de Teologie din Chișinău s-a făcut un mare lucru și bun, folositor pentru popula ția Basarabiei, s -a săpat un izvor de apă vie a culturii religioase și na ționale în mijlocul popula ției setoase de această cultură. […] Să dăm Basarabiei cît mai multă cultură! De aceea doresc ca Facultatea de Teologie să fie sîmburile, nucleul unei universități basarabene.” (Arhiepiscopul Gurie, Din Discursul rostit la inaugurarea Facultății de Teologie la Chișinău, 1927) SURSA C. „Majoritatea celor 1084 școli primare rusești au fost, după 1918, românizate, construindu-se pe parcursul perioadei interbelice încă 300 de localuri noi. Acestor școli le-a revenit rolul principal în lupta pentru combaterea analfabetismului, ob ținîndu-se în direcția dată progrese notabile. Astfel, numărul școlilor a sporit, în perioada 1920 - ianuarie 1939 de la 1 747 la 2 718, cel al învă țătorilor de la 2 746 la 7 581, iar numărul elevilor înscriși – de la 136 172 la 346 747.” (Nicolae Enciu, Basarabia în anii 1918-1940. Evoluție demografică și economică) SURSA D. „Este semnificativ faptul că sintagma „școală la români” s-a bucurat de considerație pentru o perioadă îndelungată în RSSM, ceea ce însemna consisten ța și temeinicia cunoștințelor asimilate de țărani în școala românească interbelică.” (Iulian Fruntașu, O istorie etnopolitică a Basarabiei (1812-2002)) Item Scor Utilizează sursele pentru a argumenta, într -un text coerent, afirma ția: Învățămîntul în Basarabia interbelică – dovadă a renașterii spiritualității românești. Notă: Formulează cel puțin trei argumente. 2 2 3 2 3 4 5 6 7 2",!Teste examene 2016 - 2024/2016/Suplimentara/09_ist_test_ro_ss16.pdf,pdfs/2016-suplimentara-test.pdf#page=6
9,2017-esantion-test-1-i-1,2017-esantion-test-1,2017,Esantion,Test 1,I.1,I,1,item,3,"1 Formulează, cu trimitere la datele statistice din tabel, o caracteristică a dezvoltării economice în perioada interbelică. Argumentează răspunsul. Tabel: Producția de automobile Țări În 1913 În 1938 Franța 125 000 2 250 000 Marea Britanie 208 000 2 420 000 Germania 93 000 1 816 000 SUA 1 260 000 29 440 000 2 3",!Teste examene 2016 - 2024/2017/Esantion/09_ist_test1_ro_es17.pdf,pdfs/2017-esantion-test-1.pdf#page=3
9,2017-esantion-test-1-i-2,2017-esantion-test-1,2017,Esantion,Test 1,I.2,I,2,item,3,2 Studiază caricatura. Determină la ce eveniment istoric face trimitere autorul în caricatură. Argumentează răspunsul. Inscripție: Polonia 2 3,!Teste examene 2016 - 2024/2017/Esantion/09_ist_test1_ro_es17.pdf,pdfs/2017-esantion-test-1.pdf#page=3
9,2017-esantion-test-1-i-3,2017-esantion-test-1,2017,Esantion,Test 1,I.3,I,3,item,3,3 Studiază titlul articolului. Apreciază rolului acestui eveniment în istorie. Argumentează răspunsul. 2 3,!Teste examene 2016 - 2024/2017/Esantion/09_ist_test1_ro_es17.pdf,pdfs/2017-esantion-test-1.pdf#page=3
9,2017-esantion-test-1-i-4,2017-esantion-test-1,2017,Esantion,Test 1,I.4,I,4,item,3,4 Studiază posterul. Formulează un motiv de ce acest eveniment este în atenția oamenilor de știință din Republica Moldova. Argumentează răspunsul. 2 3,!Teste examene 2016 - 2024/2017/Esantion/09_ist_test1_ro_es17.pdf,pdfs/2017-esantion-test-1.pdf#page=3
9,2017-esantion-test-1-ii-all,2017-esantion-test-1,2017,Esantion,Test 1,II.all,II,all,section,4,"SUBIECTUL al II-lea (23 de puncte) Studiază materialul suport și realizează sarcinile propuse. REPERE CRONOLOGICE (A). 1919: Semnarea Tratatului de Pace cu Austria (Saint-Germain) 1920: Semnarea Tratatului de Pace cu Ungaria (Trianon) 1920: Semnarea Tratatului de la Paris privitor la Basarabia 1924: Conferința sovieto-română de la Viena 1924: Crearea RASSM 1938: Anexarea Austriei („Anschluss-ul”) 1939: Semnarea Tratatului de neagresiune sovieto-german SURSA B. „În politica externă, forțele politice românești s -au străduit să creeze un regim de securitate europeană și sud-est-europeană care să garanteze, sub egida Societăți i Națiunilor, menținerea statu- quo-lui în Europa și implicit a României Mari, așa cum rezultase ea în urma sistemului versaillez. […] Diplomaţia română este activă şi originală. Un rol important în impulsionarea ei îl are Nicolae Titulescu, un diplomat de excepţie, prin personalitatea căruia România ocupă un rol important la Societatea Naţiunilor […]. În această intenţie, de a crea un sistem de securitate colectivă, Titulescu restabileşte relaţiile diplomatice cu Uniunea Sovietică în 1934, iar în 1936 poartă convorbiri cu Litvinov, ministrul sovietic de externe, pentru un tratat cu URSS […]. […] România și -a bazat securitatea pe acest sistem de alianțe la a cărui creare contribuise. Exclusiv pe acest sistem […]. F aptul a fost o greșeală. Pentru că tot acest edificiu diplomatic a rezistat atâta timp cât au rezistat marile democrații occidentale pe care se sprijinea. Când însă echilibrul între marile puteri europene s -a năruit, odată cu expansiunea fascismului în Eur opa, a căzut și sistemul de apărare al României.” (Ion Bulei, Scrută istorie a românilor, 1996) SURSA C. Alianțele politico-militare ale României: Mica Înțelegere (1921), Înțelegerea Balcanică (1934) Nr. Item Scor Studiază sursa B. 1 Explică semnificația termenului politică externă. 2 2 Identifică în reperele cronologice (A) două documente ce atestă recunoașterea diplomatică a României Mari, așa cum rezultase ea în urma sistemului versaillez. 2 3 Identifică opinia autorului despre activitatea diplomației române în perioada interbelică. 4 Caracterizează relațiile româno-sovietice: până la 1934 după 1934 2 3 4 Studiază sursa C. 5 Descrie, utilizând hărțile, două alianțe regionale concepute de diplomația română în cadrul sistemului de securitate sud-est-europeană din perioada interbelică. Alianța 1: Alianța 2: 2 3 4 Valorifică materialul suport și cunoștințele obținute anterior. 6 Apreciază pro/ contra opiniei autorului despre activitatea diplomatului Nicolae Titulescu. Formulează două argumente. 2 3 4 5 Valorifică materialul suport și cunoștințele obținute anterior. 7 Apreciază activitatea diplomației române în perioada interbelică. Formulează două argumente. 2 3 4 5",!Teste examene 2016 - 2024/2017/Esantion/09_ist_test1_ro_es17.pdf,pdfs/2017-esantion-test-1.pdf#page=4
9,2017-esantion-test-1-ii-1,2017-esantion-test-1,2017,Esantion,Test 1,II.1,II,1,item,5,1 Explică semnificația termenului politică externă. 2,!Teste examene 2016 - 2024/2017/Esantion/09_ist_test1_ro_es17.pdf,pdfs/2017-esantion-test-1.pdf#page=5
9,2017-esantion-test-1-ii-2,2017-esantion-test-1,2017,Esantion,Test 1,II.2,II,2,item,5,"2 Identifică în reperele cronologice (A) două documente ce atestă recunoașterea diplomatică a României Mari, așa cum rezultase ea în urma sistemului versaillez. 2",!Teste examene 2016 - 2024/2017/Esantion/09_ist_test1_ro_es17.pdf,pdfs/2017-esantion-test-1.pdf#page=5
9,2017-esantion-test-1-ii-3,2017-esantion-test-1,2017,Esantion,Test 1,II.3,II,3,item,5,3 Identifică opinia autorului despre activitatea diplomației române în perioada interbelică. 4 Caracterizează relațiile româno-sovietice: până la 1934 după 1934 2 3,!Teste examene 2016 - 2024/2017/Esantion/09_ist_test1_ro_es17.pdf,pdfs/2017-esantion-test-1.pdf#page=5
9,2017-esantion-test-1-ii-4,2017-esantion-test-1,2017,Esantion,Test 1,II.4,II,4,item,5,4 Studiază sursa C.,!Teste examene 2016 - 2024/2017/Esantion/09_ist_test1_ro_es17.pdf,pdfs/2017-esantion-test-1.pdf#page=5
9,2017-esantion-test-1-ii-5,2017-esantion-test-1,2017,Esantion,Test 1,II.5,II,5,item,5,"5 Descrie, utilizând hărțile, două alianțe regionale concepute de diplomația română în cadrul sistemului de securitate sud-est-europeană din perioada interbelică. Alianța 1: Alianța 2: 2 3 4 Valorifică materialul suport și cunoștințele obținute anterior.",!Teste examene 2016 - 2024/2017/Esantion/09_ist_test1_ro_es17.pdf,pdfs/2017-esantion-test-1.pdf#page=5
9,2017-esantion-test-1-ii-6,2017-esantion-test-1,2017,Esantion,Test 1,II.6,II,6,item,5,6 Apreciază pro/ contra opiniei autorului despre activitatea diplomatului Nicolae Titulescu. Formulează două argumente. 2 3 4 5 Valorifică materialul suport și cunoștințele obținute anterior.,!Teste examene 2016 - 2024/2017/Esantion/09_ist_test1_ro_es17.pdf,pdfs/2017-esantion-test-1.pdf#page=5
9,2017-esantion-test-1-ii-7,2017-esantion-test-1,2017,Esantion,Test 1,II.7,II,7,item,6,7 Apreciază activitatea diplomației române în perioada interbelică. Formulează două argumente. 2 3 4 5,!Teste examene 2016 - 2024/2017/Esantion/09_ist_test1_ro_es17.pdf,pdfs/2017-esantion-test-1.pdf#page=6
9,2017-esantion-test-1-iii-essay,2017-esantion-test-1,2017,Esantion,Test 1,III.essay,III,essay,essay,6,"SUBIECTUL al III-lea (15 puncte) Studiază sursele A-С. SURSA A. „Revoluția tehnică din secolul al XIX -lea ia avânt în Europa între cele două războaie. Electricitatea și alimentarea cu apă p entru consumul casnic se generalizează în toate orașele și se extinde rapid și în sate. Mijloacele de transport și mijloacele de comunicare la distanță puse la punct la începutul secolului cunosc o dezvoltare fără precedent, modificând condițiile de viață și obiceiurile europenilor și contribuind la informarea acestora […]. […] Cinematograful cunoaște și el o dezvoltare deosebită. […] peste tot unde a pătruns cinematograful, fie în orașe, unde, între cele două războaie „sălile de cartier” s -au înmulțit, fie la sate, unde în anumite regiuni ajung operatorii ambulanți […], acesta a contribuit la schimbarea mentalităților și a condițiilor de viață.” (Serge Berstein, Pierre Milza, Istoria Europei) SURSA B. „Radioul transformă viața celor săraci și mai ales a fe meilor sărace, silite să stea tot timpul acasă, așa cum n-o mai făcuse nimic până atunci. Aducea lumea în casa lor. […] inovațiile introduse în cultura radiofonică […] au devenit parte integrantă a vieții de zi cu zi – comentarii sportive, buletine de știri, emisiuni cu personalități celebre, seriale de tot felul.” (Eric Hobsbawm, Secolul extremelor, 1994) SURSA C . Imagini din perioada inte rbelică ( poster publicitar, afiș cinema, copertă de revistă, fotografie de epocă). Item Scor Utilizează sursele pentru a argumenta, într -un text coerent, afirma ția: Dezvoltarea științei și tehnicii schimbă realitățile din viața cotidiană în societatea interbelică. Notă: Formulează cel puțin trei argumente. 2 2 3 2 3 4 5 6 7 2",!Teste examene 2016 - 2024/2017/Esantion/09_ist_test1_ro_es17.pdf,pdfs/2017-esantion-test-1.pdf#page=6
9,2017-esantion-test-2-i-1,2017-esantion-test-2,2017,Esantion,Test 2,I.1,I,1,item,3,"1 Formulează, cu trimitere la datele statistice din diagramă, o concluzie despre structura etnică a RASSM. Argumentează răspunsul. 2 3",!Teste examene 2016 - 2024/2017/Esantion/09_ist_test2_ro_es17.pdf,pdfs/2017-esantion-test-2.pdf#page=3
9,2017-esantion-test-2-i-2,2017-esantion-test-2,2017,Esantion,Test 2,I.2,I,2,item,3,2 Studiază caricatura. Determină la ce fapt istoric face trimitere autorul în caricatură (publicată la 16 martie 1939). Argumentează răspunsul. Inscripție: Cehoslovacia 2 3,!Teste examene 2016 - 2024/2017/Esantion/09_ist_test2_ro_es17.pdf,pdfs/2017-esantion-test-2.pdf#page=3
9,2017-esantion-test-2-i-3,2017-esantion-test-2,2017,Esantion,Test 2,I.3,I,3,item,3,"3 Studiază coperta cărții. Propune un termen ce ar caracteriza realitățile din RSSM, relevant pentru a fi inclus în lucrare. Argumentează răspunsul. 2 3",!Teste examene 2016 - 2024/2017/Esantion/09_ist_test2_ro_es17.pdf,pdfs/2017-esantion-test-2.pdf#page=3
9,2017-esantion-test-2-i-4,2017-esantion-test-2,2017,Esantion,Test 2,I.4,I,4,item,3,"4 Explică, utilizând diagrama, esența reformei agrare din Basarabia interbelică. Argumentează răspunsul. , 2 3",!Teste examene 2016 - 2024/2017/Esantion/09_ist_test2_ro_es17.pdf,pdfs/2017-esantion-test-2.pdf#page=3
9,2017-esantion-test-2-ii-all,2017-esantion-test-2,2017,Esantion,Test 2,II.all,II,all,section,4,"SUBIECTUL al II-lea (23 de puncte) Studiază materialul suport și realizează sarcinile propuse. REPERE CRONOLOGICE (A). 1919: Fondarea Societății/ Ligii Națiunilor 1921: Constituirea Micii Înţelegeri 1926: Admiterea Germaniei ca stat membru al Consiliului Societății/ Ligii Naţiunilor 1928: Încheierea Pactului Briand-Kellogg (renunțarea la război ca mijloc de soluționare a litigiilor) 1932: Deschiderea Conferinței privind dezarmarea 1933: Hitler este numit cancelar al Germaniei 1933: Retragerea Germaniei de la Conferinţa privind dezarmarea şi din Societatea/ Liga Naţiunilor 1935: Germania introduce serviciul militar obligatoriu 1936: Italia invadează Etiopia 1938: Anschluss-ul, trupele germane „unesc” Austria 1938: Conferinţa de la München. Germania obţine dreptul de a anexa regiunea Sudetă (Cehoslovacia) 1939: Semnarea Tratatului de neagresiune sovieto-german 1939: Germania atacă Polonia 1946: Sistarea activității Societății/ Ligii Națiunilor SURSA B. „Înaltele Părți Contractante […] adoptă prezentul Pact, care instituie Societatea Națiunilor. […] Art. 10. Membrii Societății îşi iau îndatorirea să respecte şi să mențină în contra oricărei agresiuni externe integritatea teritorială şi independen ța politică existentă a tuturor membrilor Societății. […] Art. 11. Se declară în mod hotărât că orice război sau amenin țare de război, fie că ar atinge direct sau nu pe unul dintre membrii Societă ții, interesează întreaga Societate şi că aceasta trebuie să ia măsurile proprii pentru a salva în mod eficace pacea Națiunilor. […]” (Din Pactul Societății Națiunilor, 28 iunie 1919) SURSA C. SURSA D. Europa, anul 1923 Europa, sf. anului 1939 Nr. Item Scor 1 Identifică în reperele cronologice (A) limitele cronologice ale activității Societății Națiunilor. 2 Studiază sursa B. 2 Definește termenul Societatea Națiunilor. 2 3 Formulează, cu cuvintele tale, scopul activității Societății Națiunilor. 4 Propune două posibile acțiuni de politica externă prin care un stat ar putea arăta că respectă/ respinge prevederile Pactului Societății Națiunilor. Respectă: Respinge: 2 3 4 5 Identifică în reperele cronologice (A) două dovezi că prevederile Pactului Societății Națiunilor încep a fi puse în aplicare. Explică alegerea. 2 3 4 Studiază sursele C și D. 6 Apreciază rezultatele obținute de Societatea Națiunilor în menținerea integrității teritoriale a statelor în contra oricărei agresiuni externe. Argumentează răspunsul cu trimitere la două state europene. 2 3 4 5 Valorifică materialul suport și cunoștințele obținute anterior. 7 Apreciază activitatea realizată de Societatea Națiunilor pentru a salva în mod eficace pacea Națiunilor. Formulează două argumente. 2 3 4 5",!Teste examene 2016 - 2024/2017/Esantion/09_ist_test2_ro_es17.pdf,pdfs/2017-esantion-test-2.pdf#page=4
9,2017-esantion-test-2-ii-1,2017-esantion-test-2,2017,Esantion,Test 2,II.1,II,1,item,5,1 Identifică în reperele cronologice (A) limitele cronologice ale activității Societății Națiunilor.,!Teste examene 2016 - 2024/2017/Esantion/09_ist_test2_ro_es17.pdf,pdfs/2017-esantion-test-2.pdf#page=5
9,2017-esantion-test-2-ii-2,2017-esantion-test-2,2017,Esantion,Test 2,II.2,II,2,item,5,2 Studiază sursa B. 2 Definește termenul Societatea Națiunilor. 2,!Teste examene 2016 - 2024/2017/Esantion/09_ist_test2_ro_es17.pdf,pdfs/2017-esantion-test-2.pdf#page=5
9,2017-esantion-test-2-ii-3,2017-esantion-test-2,2017,Esantion,Test 2,II.3,II,3,item,5,"3 Formulează, cu cuvintele tale, scopul activității Societății Națiunilor.",!Teste examene 2016 - 2024/2017/Esantion/09_ist_test2_ro_es17.pdf,pdfs/2017-esantion-test-2.pdf#page=5
9,2017-esantion-test-2-ii-4,2017-esantion-test-2,2017,Esantion,Test 2,II.4,II,4,item,5,4 Propune două posibile acțiuni de politica externă prin care un stat ar putea arăta că respectă/ respinge prevederile Pactului Societății Națiunilor. Respectă: Respinge: 2 3 4,!Teste examene 2016 - 2024/2017/Esantion/09_ist_test2_ro_es17.pdf,pdfs/2017-esantion-test-2.pdf#page=5
9,2017-esantion-test-2-ii-5,2017-esantion-test-2,2017,Esantion,Test 2,II.5,II,5,item,5,5 Identifică în reperele cronologice (A) două dovezi că prevederile Pactului Societății Națiunilor încep a fi puse în aplicare. Explică alegerea. 2 3,!Teste examene 2016 - 2024/2017/Esantion/09_ist_test2_ro_es17.pdf,pdfs/2017-esantion-test-2.pdf#page=5
9,2017-esantion-test-2-ii-6,2017-esantion-test-2,2017,Esantion,Test 2,II.6,II,6,item,5,6 Apreciază rezultatele obținute de Societatea Națiunilor în menținerea integrității teritoriale a statelor în contra oricărei agresiuni externe. Argumentează răspunsul cu trimitere la două state europene. 2 3 4 5 Valorifică materialul suport și cunoștințele obținute anterior.,!Teste examene 2016 - 2024/2017/Esantion/09_ist_test2_ro_es17.pdf,pdfs/2017-esantion-test-2.pdf#page=5
9,2017-esantion-test-2-ii-7,2017-esantion-test-2,2017,Esantion,Test 2,II.7,II,7,item,6,7 Apreciază activitatea realizată de Societatea Națiunilor pentru a salva în mod eficace pacea Națiunilor. Formulează două argumente. 2 3 4 5,!Teste examene 2016 - 2024/2017/Esantion/09_ist_test2_ro_es17.pdf,pdfs/2017-esantion-test-2.pdf#page=6
9,2017-esantion-test-2-iii-essay,2017-esantion-test-2,2017,Esantion,Test 2,III.essay,III,essay,essay,6,"SUBIECTUL al III-lea (15 puncte) Studiază sursele A-С. SURSA A. „De la început mi -am impus această regulă de conștiință: să fac abstracție de mine însumi, să nu țin socoteala nici de originile mele, nici de familia mea. Să nu văd decât România, s ă nu cuget decât la ea. Nu se domnește asupra unui popor pentru sine, ci pentru acel popor. În aceasta constă onestitatea unui rege.” (Regele Ferdinand I al României (1914-1927)) SURSA B. „Art. 87 . Persoana regelui este inviolabilă. Miniștrii lui sun t răsp unzători. Nici un act al regelui nu poate avea tărie dacă nu va fi contrasemnat de un ministru, care prin aceasta chiar devi ne răspunzător de acest act.” (Din Constituția din 1923) SURSA C. „Art. 30. Regele este capul statului. Art. 31. Puterea legislativă se exercită de rege prin Reprezentațiunea națională […]. Regele sancționează și promulgă legile. Înainte de a i se da sancţiunea regală, legea nu e valabilă. Regele poate refuza sancţiunea. […] Art. 32 . Puterea executivă este înc redințată r egelui, care o exercită prin Guvernul său în modul stabilit prin Constituție. […]” (Din Constituția din februarie 1938) Item Scor Utilizează sursele pentru a argumenta, într -un text coerent, afirma ția: Monarhia ca instituție politică în România interbelică are putere diferită de la o etapă la alta. Notă: Formulează cel puțin trei argumente. 2 2 3 2 3 4 5 6 7 2",!Teste examene 2016 - 2024/2017/Esantion/09_ist_test2_ro_es17.pdf,pdfs/2017-esantion-test-2.pdf#page=6
9,2017-pretestare-test-i-1,2017-pretestare-test,2017,Pretestare,,I.1,I,1,item,3,"1 Studiază fotografia și informația adiacentă. Apreciază semnificația evenimentului pentru viața spirituală a Basarabiei. Argumentează răspunsul. Monumentul lui Ștefan cel Mare și Sfânt, dezvelit la 29 aprilie 1928, Chișinău 2 3",!Teste examene 2016 - 2024/2017/Pretestare/09_ist_test_ro_pr17.pdf,pdfs/2017-pretestare-test.pdf#page=3
9,2017-pretestare-test-i-2,2017-pretestare-test,2017,Pretestare,,I.2,I,2,item,3,2 Studiază caricatura. Autorul caricaturii consideră trainică sau fragilă alianța dintre cei doi șefi de stat semnatari ai Pactului Molotov-Ribbentrop? Argumentează răspunsul. 2 3,!Teste examene 2016 - 2024/2017/Pretestare/09_ist_test_ro_pr17.pdf,pdfs/2017-pretestare-test.pdf#page=3
9,2017-pretestare-test-i-3,2017-pretestare-test,2017,Pretestare,,I.3,I,3,item,3,"3 Numește evenimentul dramatic din istoria Japoniei în cel de-al Doilea Război Mondial, la care se referă harta alăturată. Argumentează răspunsul. 2 3",!Teste examene 2016 - 2024/2017/Pretestare/09_ist_test_ro_pr17.pdf,pdfs/2017-pretestare-test.pdf#page=3
9,2017-pretestare-test-i-4,2017-pretestare-test,2017,Pretestare,,I.4,I,4,item,3,4 Studiază schema. Determină dacă schema dată poate fi utilizată pentru a caracteriza regimurile politice din perioada interbelică. Argumentează răspunsul. 2 3,!Teste examene 2016 - 2024/2017/Pretestare/09_ist_test_ro_pr17.pdf,pdfs/2017-pretestare-test.pdf#page=3
9,2017-pretestare-test-ii-all,2017-pretestare-test,2017,Pretestare,,II.all,II,all,section,4,"SUBIECTUL al II-lea (23 de puncte) Studiază materialul suport și realizează sarcinile propuse. SURSA A. SURSA B. SURSA C. „Sovietizarea și comunizarea Basarabiei este reluată imediat după intrarea Armatei Roșii în provincie în martie 1944. […] Cea mai serioasă sarcină era cea a colectivizării, întrucât majoritatea populației era rurală, atașată proprietății private și nu dorea să intre în colhozuri sau sovhozuri. Inițial puterea sovietică a adoptat în aceste scopuri strategii mai mult sau mai puțin pașnice, prin diferite înlesniri, șantaj sau presiuni. Acestea însă nu a u avut sorți de izbândă. În iarna anului 1946 - 1947 puterea sovietică a declanșat o foamete în masă, care a cuprins to t teritoriul RSS M. […] numărul victimelor foametei din anii 1946-1947 în RSSM se ridică la cca. 200.000 persoane. […] Foametea însă n -a convins țăranul să intre în colhoz. […] Unul din momentele culminante ale terorii comuniste a coincis cu operațiunea lansată în noaptea de 5 spre 6 iulie 1949 […]. […] a fost înfăptuită strămutarea forțată în Siberia a 35 796 de persoane, dintre care 9 864 bă rbați, 14 033 femei și 11 889 copii. […] Pe drept cuvânt, eve nimentul a fost numit ulterior „ cea mai mare deportare a populației basarabene”. […] În urma deportării din iunie 1949, impactul dorit de autoritățile comuniste sovietice a depășit toate așteptările, indicatorul principal fiind evoluția ritmului de colectivizare în următoarele luni după eveniment. Astfel, numai în lunile iulie -noiembrie 1949 cota gospodăriilor țărănești care au intrat în colhozuri s-a majorat de la 32 la sută la 80 la sută din total, ca să se ridice la 97 la sută în ianuarie 1951. […] Frica de o nouă operațiune, de o amploare și mai mare, a determinat agricultorii individuali să renunțe la gospodăriile lor și să accepte compromisul cu regimul sovietic, un regim care dăduse de înțeles că nu va cruța nici un fel de protestatar ori rebel.” (Igor Cașu, Teroarea bolșevică în Moldova sovietică și reabilitarea memoriei) Teritoriul anexat de URSS (Basarabia și Bucovina de Nord) Nr. Item Scor Studiază sursele A și B. 1 Numește un eveniment ce a contribuit la anexarea Basarabiei de către URSS. Explică alegerea ta. 2 2 Descrie, utilizând hărțile, teritoriile incluse de autoritățile sovietice în componența RSSM. 2 3 4 Valorifică sursa C și cunoștințele obținute anterior. 3 Prezintă, după algoritmul propus, foametea organizată din RSSM. Cauze: Desfășurare: Consecințe: 2 3 4 5 4 Explică termenul colectivizare. 2 5 Identifică în sursă două metode puse în aplicare de autoritățile sovietice pentru a asigura realizarea colectivizării. 6 Formulează două dovezi pentru a arăta caracterul forțat al colectivizării realizate de autoritățile sovietice în RSSM. 2 3 4 Valorifică sursa C și cunoștințele obținute anterior. 7 Exprimă-ți opinia: Deportarea din noaptea de 5 spre 6 iulie 1949 – momentul culminant al terorii comuniste. Formulează două argumente. 2 3 4 5",!Teste examene 2016 - 2024/2017/Pretestare/09_ist_test_ro_pr17.pdf,pdfs/2017-pretestare-test.pdf#page=4
9,2017-pretestare-test-ii-1,2017-pretestare-test,2017,Pretestare,,II.1,II,1,item,5,1 Numește un eveniment ce a contribuit la anexarea Basarabiei de către URSS. Explică alegerea ta. 2,!Teste examene 2016 - 2024/2017/Pretestare/09_ist_test_ro_pr17.pdf,pdfs/2017-pretestare-test.pdf#page=5
9,2017-pretestare-test-ii-2,2017-pretestare-test,2017,Pretestare,,II.2,II,2,item,5,"2 Descrie, utilizând hărțile, teritoriile incluse de autoritățile sovietice în componența RSSM. 2 3 4 Valorifică sursa C și cunoștințele obținute anterior. 3 Prezintă, după algoritmul propus, foametea organizată din RSSM. Cauze: Desfășurare: Consecințe: 2 3 4 5",!Teste examene 2016 - 2024/2017/Pretestare/09_ist_test_ro_pr17.pdf,pdfs/2017-pretestare-test.pdf#page=5
9,2017-pretestare-test-ii-4,2017-pretestare-test,2017,Pretestare,,II.4,II,4,item,5,4 Explică termenul colectivizare. 2,!Teste examene 2016 - 2024/2017/Pretestare/09_ist_test_ro_pr17.pdf,pdfs/2017-pretestare-test.pdf#page=5
9,2017-pretestare-test-ii-5,2017-pretestare-test,2017,Pretestare,,II.5,II,5,item,5,5 Identifică în sursă două metode puse în aplicare de autoritățile sovietice pentru a asigura realizarea colectivizării.,!Teste examene 2016 - 2024/2017/Pretestare/09_ist_test_ro_pr17.pdf,pdfs/2017-pretestare-test.pdf#page=5
9,2017-pretestare-test-ii-6,2017-pretestare-test,2017,Pretestare,,II.6,II,6,item,5,6 Formulează două dovezi pentru a arăta caracterul forțat al colectivizării realizate de autoritățile sovietice în RSSM. 2 3 4 Valorifică sursa C și cunoștințele obținute anterior.,!Teste examene 2016 - 2024/2017/Pretestare/09_ist_test_ro_pr17.pdf,pdfs/2017-pretestare-test.pdf#page=5
9,2017-pretestare-test-ii-7,2017-pretestare-test,2017,Pretestare,,II.7,II,7,item,6,7 Exprimă-ți opinia: Deportarea din noaptea de 5 spre 6 iulie 1949 – momentul culminant al terorii comuniste. Formulează două argumente. 2 3 4 5,!Teste examene 2016 - 2024/2017/Pretestare/09_ist_test_ro_pr17.pdf,pdfs/2017-pretestare-test.pdf#page=6
9,2017-pretestare-test-iii-essay,2017-pretestare-test,2017,Pretestare,,III.essay,III,essay,essay,6,"SUBIECTUL al III-lea (15 puncte) Studiază sursele A-D. SURSA A. „Societatea informațională debutează în 1956 în SUA. Acum , pentru prima dată, „gulerele albe” depășeau „gulerele albastre”. Pentru prima dată în istorie cei mai mulți dintre americani lucrau cu informația în loc să producă bunuri. […] Noua bogăție este cunoașterea și nu banii.” (John Naisbitt, Megatendințe) SURSA B. „Aproape la fel de spectaculoasă ca declinul și dispariția țărănimii și mult mai universală a fost proliferarea [răspândirea – n.n.] unor ocupații care cereau studii medii și superioare. […] Între 1960 și 1980, ca să rămânem în Europa cea atât de școl ită, numărul studenților a crescut de trei sau patru ori în cele mai multe țări, în unele de patru -cinci ori, ca în Finlanda, Islanda, Suedia și Italia, de șapte până la nouă ori în Spania și Norvegia. […] Evident că, în cele din urmă – și mai ales în anii `80 –, clasa muncitoare a devenit vizibil victima noilor tehnologii. În special muncitorii necalificați sau semicalificați de la benzile de asamblare, care puteau mai ușor fi înlocuiți de mașini automate.” (Eric Hobsbawm, Secolul extremelor) SURSA C. SURSA D. Item Scor Utilizează sursele pentru a argumenta, într -un text coerent, afirmația: Revoluția tehnico- științifică transformă radical structura economică și socială a societății contemporane. Notă: Formulează cel puțin trei argumente. 2 2 3 2 3 4 5 6 7 2",!Teste examene 2016 - 2024/2017/Pretestare/09_ist_test_ro_pr17.pdf,pdfs/2017-pretestare-test.pdf#page=6
9,2017-sesiunea-de-baza-test-i-1,2017-sesiunea-de-baza-test,2017,Sesiunea de baza,,I.1,I,1,item,3,1 Studiază coperta cărții. Numește un fapt istoric pe care autorul îl poate oferi pentru a justifica titlul lucrării. Argumentează răspunsul. 2 3,!Teste examene 2016 - 2024/2017/Sesiunea de baza/09_ist_test_ro_sb17.pdf,pdfs/2017-sesiunea-de-baza-test.pdf#page=3
9,2017-sesiunea-de-baza-test-i-2,2017-sesiunea-de-baza-test,2017,Sesiunea de baza,,I.2,I,2,item,3,2 Studiază caricatura. Determină la ce evenimente din istoria Poloniei face trimitere autorul. Argumentează răspunsul. Inscripție: Polonia 2 3,!Teste examene 2016 - 2024/2017/Sesiunea de baza/09_ist_test_ro_sb17.pdf,pdfs/2017-sesiunea-de-baza-test.pdf#page=3
9,2017-sesiunea-de-baza-test-i-3,2017-sesiunea-de-baza-test,2017,Sesiunea de baza,,I.3,I,3,item,3,3 Studiază titlul articolului. Explică ce simbolizează căderea Zidului Berlinului pentru istoria Germaniei. Argumentează răspunsul. 2 3,!Teste examene 2016 - 2024/2017/Sesiunea de baza/09_ist_test_ro_sb17.pdf,pdfs/2017-sesiunea-de-baza-test.pdf#page=3
9,2017-sesiunea-de-baza-test-i-4,2017-sesiunea-de-baza-test,2017,Sesiunea de baza,,I.4,I,4,item,3,"4 Formulează, cu trimitere la poster, un obiectiv al politicii externe a Republicii Moldova la etapa actuală. Argumentează răspunsul. , 2 3",!Teste examene 2016 - 2024/2017/Sesiunea de baza/09_ist_test_ro_sb17.pdf,pdfs/2017-sesiunea-de-baza-test.pdf#page=3
9,2017-sesiunea-de-baza-test-ii-all,2017-sesiunea-de-baza-test,2017,Sesiunea de baza,,II.all,II,all,section,4,"SUBIECTUL al II-lea (23 de puncte) Studiază materialul suport și realizează sarcinile propuse. SURSA A. „PARLAMENTUL REPUBLICII MOLDOVA […], SUBLINIIND că fără consultarea popula ției din Basarabia, nordul Bucovinei și Ținutul Herța, ocupat e prin for ță la 28 iunie 1940, precum și a celei din RASS Moldovenească (Transnistria), formată la 12 octombrie 1924, Sovi etul Suprem al URS S, încălcâ nd chiar prerogativele sale constitu ționale, a adoptat la 2 august 1940 „Legea URSS cu privire la formarea RSS Moldovenești unionale ”, […] prin care s -a încercat, în absen ța orică rui temei juridic real, justificarea dezmembrării acestor teritorii și apartenența noii republici la URSS; REAMINTIND că în ultimii ani mi șcarea democratică de eliberare na țională a populației din Republica Moldova și-a reafirmat aspira țiile de libertate, independen ță și unitate na țională, exprimate prin documentele finale ale Marilor Adunări Na ționale de la Chi șinău din 27 august 1989, 16 decembrie 1990 și 27 august 1991, prin legile și hotărâ rile Parlamentului Republicii Moldova privind decretarea limbii române ca limbă de stat și reintroducerea alfabetului latin, din 31 august 1989, drapelul de stat, din 27 aprilie 1990, stema de stat, din 3 noiembrie 1990, și schimbarea denumirii oficiale a statului, din 23 mai 1991; […] ȚINÂND SEAMA de pro cesele ireversibile ce au loc în Europa și în lume de democratizare, de afirmare a libertă ții, independenței și unității naționale, de edificare a statelor de drept și de trecere la economia de piață; […] PROCLAMĂ […]: REPUBLICA MOLDOVA ESTE UN STAT SUVERAN, INDEPENDENT ȘI DEMOCRATIC, LIBER SĂ -ȘI HOTĂRASCĂ PREZENTUL ȘI VIITORUL, FĂRĂ NICI UN AMESTEC DIN AFARĂ, ÎN CONFORMITATE CU IDEALURILE ȘI NĂZUINȚELE SFINTE ALE POPORULUI ÎN SPAȚIUL ISTORIC ȘI ETNIC AL DEVENIRII SALE NAȚIONALE.” (Din Declarația de independență a Republicii Moldova, 27 august 1991) SURSA B. SURSA C. Teritoriul anexat de URSS la 28 iunie 1940 Nr. Item Scor Utilizează sursa A. 1 Scrie, utilizând sursa, limitele cronologice ale RSSM. 2 Utilizează sursele A, B și C. 2 Explică, utilizând hărțile, ce teritorii au fost dezmembrate de autoritățile sovietice pentru a crea RSSM. 2 3 4 Utilizează sursa A și cunoștințele obținute anterior. 3 Explică termenul Mare Adunare Națională. 2 4 Apreciază rolul Marilor Adunări Naționale în mișcarea democratică de eliberare națională. Formulează două argumente. 2 3 4 5 5 Numește evenimentul istoric legiferat de Parlamentul Republicii Moldova. 6 Explică, conform modelului propus, două cauze ce au determinat adoptarea documentului dat de către Parlamentul Republicii Moldova. Cauză externă Cauză internă 2 3 4 Utilizează sursa A și cunoștințele obținute anterior. 7 Apreciază importanța istorică pentru Republica Moldova a documentului votat de Parlament. Formulează două argumente. 2 3 4 5",!Teste examene 2016 - 2024/2017/Sesiunea de baza/09_ist_test_ro_sb17.pdf,pdfs/2017-sesiunea-de-baza-test.pdf#page=4
9,2017-sesiunea-de-baza-test-ii-2,2017-sesiunea-de-baza-test,2017,Sesiunea de baza,,II.2,II,2,item,5,"2 Explică, utilizând hărțile, ce teritorii au fost dezmembrate de autoritățile sovietice pentru a crea RSSM. 2 3",!Teste examene 2016 - 2024/2017/Sesiunea de baza/09_ist_test_ro_sb17.pdf,pdfs/2017-sesiunea-de-baza-test.pdf#page=5
9,2017-sesiunea-de-baza-test-ii-4,2017-sesiunea-de-baza-test,2017,Sesiunea de baza,,II.4,II,4,item,5,4 Apreciază rolul Marilor Adunări Naționale în mișcarea democratică de eliberare națională. Formulează două argumente. 2 3 4 5,!Teste examene 2016 - 2024/2017/Sesiunea de baza/09_ist_test_ro_sb17.pdf,pdfs/2017-sesiunea-de-baza-test.pdf#page=5
9,2017-sesiunea-de-baza-test-ii-3,2017-sesiunea-de-baza-test,2017,Sesiunea de baza,,II.3,II,3,item,5,3 Explică termenul Mare Adunare Națională. 2,!Teste examene 2016 - 2024/2017/Sesiunea de baza/09_ist_test_ro_sb17.pdf,pdfs/2017-sesiunea-de-baza-test.pdf#page=5
9,2017-sesiunea-de-baza-test-ii-5,2017-sesiunea-de-baza-test,2017,Sesiunea de baza,,II.5,II,5,item,5,5 Numește evenimentul istoric legiferat de Parlamentul Republicii Moldova.,!Teste examene 2016 - 2024/2017/Sesiunea de baza/09_ist_test_ro_sb17.pdf,pdfs/2017-sesiunea-de-baza-test.pdf#page=5
9,2017-sesiunea-de-baza-test-ii-6,2017-sesiunea-de-baza-test,2017,Sesiunea de baza,,II.6,II,6,item,5,"6 Explică, conform modelului propus, două cauze ce au determinat adoptarea documentului dat de către Parlamentul Republicii Moldova. Cauză externă Cauză internă 2 3",!Teste examene 2016 - 2024/2017/Sesiunea de baza/09_ist_test_ro_sb17.pdf,pdfs/2017-sesiunea-de-baza-test.pdf#page=5
9,2017-sesiunea-de-baza-test-ii-7,2017-sesiunea-de-baza-test,2017,Sesiunea de baza,,II.7,II,7,item,6,7 Apreciază importanța istorică pentru Republica Moldova a documentului votat de Parlament. Formulează două argumente. 2 3 4 5,!Teste examene 2016 - 2024/2017/Sesiunea de baza/09_ist_test_ro_sb17.pdf,pdfs/2017-sesiunea-de-baza-test.pdf#page=6
9,2017-sesiunea-de-baza-test-iii-essay,2017-sesiunea-de-baza-test,2017,Sesiunea de baza,,III.essay,III,essay,essay,6,"SUBIECTUL al III-lea (15 puncte) Studiază sursele A-C. SURSA A. „Revoluția tehnică din secol ul al XIX -lea ia avânt în Europa între cele două războaie. Electricitatea și alimentarea cu apă pentru consumul casnic se generalizează în toate orașele și se extinde rapid și în sate. Mijloacele de transport și mijloacele de comunicare la distanță puse la punct la începutul secolului cunosc o dezvoltare fără precedent, modificând condițiile de viață și obiceiurile europenilor și contribuind la informarea acestora […]. […] Cinematograful cunoaște și el o dezvoltare deosebită. […] peste tot unde a pătruns cinematograful, fie în orașe, unde, între cele două războaie „sălile de cartier” s -au înmulțit, fie la sate, unde în anumite regiuni ajung operatorii ambulanți […], acesta a contribuit la schimbarea mentalităților și a condițiilor de viață.” (Serge Berstein, Pierre Milza, Istoria Europei) SURSA B. „Radioul transformă viața celor săraci și mai ales a femeilor sărace, silite să stea tot timpul acasă, așa cum n-o mai făcuse nimic până atunci. Aducea lumea în casa lor. […] inovațiile introduse în cultura radiof onică […] au devenit parte integrantă a vieții de zi cu zi – comentarii sportive, buletine de știri, emisiuni cu personalități celebre, seriale de tot felul.” (Eric Hobsbawm, Secolul extremelor) SURSA C . Imagini din perioada interbelică (poster publicitar , afiș cinema, copertă de revistă, fotografie de epocă). Item Scor Utilizează sursele pentru a argumenta, într -un text coerent, afirmația: Dezvoltarea științei și tehnicii schimbă realitățile din viața cotidiană în societatea interbelică. Notă: Formulează cel puțin trei argumente. 2 2 3 2 3 4 5 6 7 2",!Teste examene 2016 - 2024/2017/Sesiunea de baza/09_ist_test_ro_sb17.pdf,pdfs/2017-sesiunea-de-baza-test.pdf#page=6
9,2017-suplimentara-test-i-1,2017-suplimentara-test,2017,Suplimentara,,I.1,I,1,item,3,"1 Studiază diagrama. Formulează, cu trimitere la diagramă, o caracteristică a economiei statelor dezvoltate în perioada postbelică. Argumentează răspunsul. , 2 3",!Teste examene 2016 - 2024/2017/Suplimentara/09_ist_test_ro_ss17.pdf,pdfs/2017-suplimentara-test.pdf#page=3
9,2017-suplimentara-test-i-2,2017-suplimentara-test,2017,Suplimentara,,I.2,I,2,item,3,2 Studiază imaginea. Explică de ce fotografia poate fi considerată un simbol pentru blocada Berlinului (1948-1949) – prima criză majoră a Războiului Rece. Argumentează răspunsul. 2 3,!Teste examene 2016 - 2024/2017/Suplimentara/09_ist_test_ro_ss17.pdf,pdfs/2017-suplimentara-test.pdf#page=3
9,2017-suplimentara-test-i-3,2017-suplimentara-test,2017,Suplimentara,,I.3,I,3,item,3,"3 Studiază caricatura. Determină la ce etapă din istoria URSS face trimitere autorul. Argumentează răspunsul. 2 3 Fotografie: Marea Adunare Națională, 27 august 1989",!Teste examene 2016 - 2024/2017/Suplimentara/09_ist_test_ro_ss17.pdf,pdfs/2017-suplimentara-test.pdf#page=3
9,2017-suplimentara-test-i-4,2017-suplimentara-test,2017,Suplimentara,,I.4,I,4,item,4,"4 Studiază titlul articolului. Formulează, cu trimitere la această știre, un obiectiv al politicii externe a Republicii Moldova la etapa actuală. Argumentează răspunsul. , 2 3",!Teste examene 2016 - 2024/2017/Suplimentara/09_ist_test_ro_ss17.pdf,pdfs/2017-suplimentara-test.pdf#page=4
9,2017-suplimentara-test-ii-all,2017-suplimentara-test,2017,Suplimentara,,II.all,II,all,section,4,"SUBIECTUL al II-lea (23 de puncte) Studiază materialul suport și realizează sarcinile propuse. SURSA A. SURSA B. „Adunarea Na țională din 27 august 1989, convocată în special pentru a for ța Sovietul Suprem de atunci să adopte legile ce urmau să dea limbii române statut de limbă de stat, a șezând-o, din punct de vedere politic, deasupra limbii ruse, s -a dovedit a fi un fenomen extraordinar: prin masa impresionant ă a participan ților, […] prin numărul și calitatea vorbitorilor și, mai ales, prin aceea ce s -a spus acolo, acesta este un fenomen absolut singular în istoria românilor.” (I. Țurcanu, Republica Moldova independentă (1991-2001)) SURSA C. „[…] Sute de mii de oameni, veni ți din toate col țurile republicii, au inundat pur și simplu atât piața cât și împrejurimile acesteia. După unele estimări, numărul acestora s-a ridicat până la opt sute de mii. Mulți dintre demonstranți purtau steaguri tricolore, lozinci, icoane. La ora prevăzută, printr -un scurt cuvânt, am deschis Marea Adunare Na țională. Mulțimea scanda „Libertate!”, „Independen ță!”. Au rostit cuvântări șeful statului, primul -ministru, deputați, lideri și membri de rând ai Frontului Popular din Moldova. […] La ora 12. 00 am deschis ședința extraordinară a Parlamentului. Momentul culminant l -au constituit citirea de către pre ședintele Parlamentului a textului proiectului Declara ției de Independență a Republicii Moldova și votarea nominală a documentului. Decl arația a fost votată unanim de cei 277 de deputa ți prezenți în sală. […] Deputa ții și oaspeții prezenți la ședință […] au revenit în Pia ța Marii Adunări Na ționale, în mijlocul mul țimii, care îi a ștepta cu nerăbdare. Abia atunci am sim țit cât de importantă a fost prezen ța în inima capitalei a sute de mii de oameni în momentul votării Declarației de Independență. (Gh. Cojocaru, Interviu cu Alexandru Moșanu) Nr. Item Scor 1 Scrie, utilizând sursele și valorificând cunoștințele obținute anterior, când au avut loc cele două Mari Adunări Naționale la care fac trimitere autorii. Sursa A: Sursa C: 2 2 Explică scopul convocării celor două Mari Adunări Naționale analizate în surse. Sursa A: Sursa C: 2 3 4 3 Definește termenul Declarație de Independență. 2 4 Apreciază contribuția Parlamentului și a poporului în desfășurarea evenimentelor ce au avut ca rezultat proclamarea Independenței Republicii Moldova. Argumentează răspunsul cu trimitere la surse. 2 3 4 5 5 Identifică în sursa C rezultatul punerii la vot a proiectului Declarației de Independență a Republicii Moldova. Utilizează sursa C și cunoștințele obținute anterior. 6 Formulează două consecințe ale adoptării Declarației de Independență a Republicii Moldova. Consecința 1: 2 3 4 Consecința 2: Utilizează sursele și cunoștințele obținute anterior. 7 Exprimă-ți opinia: De ce locul din inima capitalei Republicii Moldova a fost numit Piața Marii Adunări Naționale? Formulează două argumente. 2 3 4 5",!Teste examene 2016 - 2024/2017/Suplimentara/09_ist_test_ro_ss17.pdf,pdfs/2017-suplimentara-test.pdf#page=4
9,2017-suplimentara-test-ii-2,2017-suplimentara-test,2017,Suplimentara,,II.2,II,2,item,5,2 Explică scopul convocării celor două Mari Adunări Naționale analizate în surse. Sursa A: Sursa C: 2 3 4 3 Definește termenul Declarație de Independență. 2,!Teste examene 2016 - 2024/2017/Suplimentara/09_ist_test_ro_ss17.pdf,pdfs/2017-suplimentara-test.pdf#page=5
9,2017-suplimentara-test-ii-4,2017-suplimentara-test,2017,Suplimentara,,II.4,II,4,item,5,4 Apreciază contribuția Parlamentului și a poporului în desfășurarea evenimentelor ce au avut ca rezultat proclamarea Independenței Republicii Moldova. Argumentează răspunsul cu trimitere la surse. 2 3 4 5,!Teste examene 2016 - 2024/2017/Suplimentara/09_ist_test_ro_ss17.pdf,pdfs/2017-suplimentara-test.pdf#page=5
9,2017-suplimentara-test-ii-5,2017-suplimentara-test,2017,Suplimentara,,II.5,II,5,item,5,5 Identifică în sursa C rezultatul punerii la vot a proiectului Declarației de Independență a Republicii Moldova. L 0,!Teste examene 2016 - 2024/2017/Suplimentara/09_ist_test_ro_ss17.pdf,pdfs/2017-suplimentara-test.pdf#page=5
9,2017-suplimentara-test-ii-1,2017-suplimentara-test,2017,Suplimentara,,II.1,II,1,item,5,1 Utilizează sursa C și cunoștințele obținute anterior.,!Teste examene 2016 - 2024/2017/Suplimentara/09_ist_test_ro_ss17.pdf,pdfs/2017-suplimentara-test.pdf#page=5
9,2017-suplimentara-test-ii-6,2017-suplimentara-test,2017,Suplimentara,,II.6,II,6,item,5,6 Formulează două consecințe ale adoptării Declarației de Independență a Republicii Moldova. Consecința 1: 2 3 4 Consecința 2: Utilizează sursele și cunoștințele obținute anterior.,!Teste examene 2016 - 2024/2017/Suplimentara/09_ist_test_ro_ss17.pdf,pdfs/2017-suplimentara-test.pdf#page=5
9,2017-suplimentara-test-ii-7,2017-suplimentara-test,2017,Suplimentara,,II.7,II,7,item,6,7 Exprimă-ți opinia: De ce locul din inima capitalei Republicii Moldova a fost numit Piața Marii Adunări Naționale? Formulează două argumente. 2 3 4 5,!Teste examene 2016 - 2024/2017/Suplimentara/09_ist_test_ro_ss17.pdf,pdfs/2017-suplimentara-test.pdf#page=6
9,2017-suplimentara-test-iii-essay,2017-suplimentara-test,2017,Suplimentara,,III.essay,III,essay,essay,6,"SUBIECTUL al III-lea (15 puncte) Studiază sursele A și B. SURSA A. Art.80, 81, 87: Germania recunoa ște independen ța și frontierele Austriei, Cehoslovaciei, Poloniei. Art.119: Germania renunță la drepturile ei asupra coloniilor. Art.160: Armata germană nu poate depăși cifra de 100 000 de oameni. Art.171: Fabricarea tancurilor este interzisă. Art.173: Serviciul militar este abolit. Art.198: Forțele militare ale Germaniei nu vor trebui să cuprindă nici o avia ție militară sau marină. Art.231: Germania recunoa ște că ea și alia ții ei sunt responsabili de toate pierderile și sacrificiile.” (Extrase din Tratatul de la Versailles, 28 iunie 1919) SURSA B. „Totuși, poate că felul în care a fos t „dictat” tratatul a jignit Germania cel mai mult. Delegații Germaniei au fost excluși de la orice discuție și apoi au fost convocați ca niște „prizonieri aduși să audă sentin ța”, după cum î și amintește un diplomat englez. Mai mult dec ât atât, semnarea tratatului a avut loc în Sala Oglinzilor de la Versailles, loc unde fusese proclamată constituirea națiunii germane în 1871, ceea ce părea o alegere intenționată și simbolică din partea francezilor, ce transmitea „un sentiment de răzbunare pentru insulta care le fusese adusă” în acel an.” (V. Brendon, Primul război mondial 1914-1918) Item Scor Utilizează sursele pentru a argumenta, într -un text coerent, afirma ția: Tratatul de la Versailles aduce lovituri dure la adresa puterii, prosperității și mândriei Germaniei. Notă: Formulează cel puțin trei argumente. 2 2 3 2 3 4 5 6 7 2",!Teste examene 2016 - 2024/2017/Suplimentara/09_ist_test_ro_ss17.pdf,pdfs/2017-suplimentara-test.pdf#page=6
9,2018-esantion-test-1-i-1,2018-esantion-test-1,2018,Esantion,Test 1,I.1,I,1,item,3,1 Studiază coperta revistei. Numește o consecință directă a evenimentului istoric la care face trimitere coperta de revistă. Argumentează răspunsul. Inscripție:23 august 1944 Regele împotriva Mareșalului 2 3,!Teste examene 2016 - 2024/2018/Esantion/09_ist_test1_ro_es18.pdf,pdfs/2018-esantion-test-1.pdf#page=3
9,2018-esantion-test-1-i-2,2018-esantion-test-1,2018,Esantion,Test 1,I.2,I,2,item,3,"2 Identifică, cu trimitere la imagine, opera, autorul și domeniul în care s-a manifestat. 2 3",!Teste examene 2016 - 2024/2018/Esantion/09_ist_test1_ro_es18.pdf,pdfs/2018-esantion-test-1.pdf#page=3
9,2018-esantion-test-1-i-3,2018-esantion-test-1,2018,Esantion,Test 1,I.3,I,3,item,3,3 Determină evenimentul istoric l a care se referă fotografia. Argumentează semnificația evenimentului pentru viața politică interbelică. ”Cei patru mari” 2 3,!Teste examene 2016 - 2024/2018/Esantion/09_ist_test1_ro_es18.pdf,pdfs/2018-esantion-test-1.pdf#page=3
9,2018-esantion-test-1-i-4,2018-esantion-test-1,2018,Esantion,Test 1,I.4,I,4,item,3,"4 Formulează o caracteristică a fenomenului istoric la care face trimitere tabelul. Argumentează răspunsul. , Tabel: Schimbările în indcatorii economici 1929-1932 Indicatori SUA Marea Britanie Franța Producția industrială -46% -23% -24% Comerț extern -70% -60% -54% Șomaj +607% +129% +214% 2 3",!Teste examene 2016 - 2024/2018/Esantion/09_ist_test1_ro_es18.pdf,pdfs/2018-esantion-test-1.pdf#page=3
9,2018-esantion-test-1-ii-all,2018-esantion-test-1,2018,Esantion,Test 1,II.all,II,all,section,4,"SUBIECTUL al II-lea (23 de puncte) Studiază materialul suport și realizează sarcinile propuse. SURSA A ”Democrația este un sistem bazat pe principiul conform căruia nimeni nu se p оate proclama conducător, nimeni nu poate deține puterea în nume personal și în mod irevocabil. Conducătorii vor deține această funcție, ca urmare a desemnării libere, neângrădite de către cetățenii care urmează să fie conduși.” (G. Satori,Teoria democrației reinterpretată) SURSA B ”În anii 40 ai secolului XX , democrația s -a îndepărtat, treptat, de înțelesul generic de guvern pentru popor pentru a fi definită pe baza existenț ei un or condiții imposibil de evitat : libertatea de asociere, de gândire, de informare, dreptul la vot și alegeri libere, dreptul liderilor politici de a se confrunta între ei în vederea consensului; posibilitatea de acces în funcții publice; controlul politicii forțelor aflate la guvernare din partea opoziției și alternarea la guvernare.” (Enciclopedia de istorie universală) SURSA C. ”Art. 33. - Toate puterile Statului emană de la națiune, care nu le poate exercita decât numai prin delegațiune și după principiile și regulile așezate în Constituțiunea de față. Art. 34. - Puterea legislativă se exercită colectiv de către Rege și Reprezentațiunea naț ională. Reprezentațiunea națională se împarte în două Adunări: Senatul și Adunarea deputaților. Orice lege cere învoirea a câtor trei ramuri ale puterii legiuitoare.” ( Extras din Constituția română adoptată în 1923) SURSA D Reprezentante a mișcării sufragetelor din Marea Britanie Nr. Item Scor Utilizează sursele A și B. 1 Numește două state europene ce și-au menținut regimurile democratice pe toată perioada interbelică. 2 2 Numește, utilizând sursele, două principii care au stat la baza regimurilor democratice din statele Europei interbelice. 2 3 4 Valorifică sursele A, B, C, D şi cunoştinţele obținute anterior. 3 Explică termenul Vot universal. 2 4 Apreciază, în două enunțuri, rolul mișcării sufragetelor în evoluția regimului democratic din Marea Britanie. 2 3 4 5 5 Numește un eveniment istoric care a contribuit la consolidarea regimurilor democratice în Europa interbelică. Utilizează sursa C și cunoștințele obținute anterior 6 Explică, conform modelului propus, două cauze ce au determinat adoptarea documentului indicat în sursa C. Cauză 1 Cauză 2 2 3 4 Utilizează sursa A și C. 7 Apreciază importanța separării puterilor în stat pentru existența regimurilor democratice. Formulează două argumente. 2 3 4 5",!Teste examene 2016 - 2024/2018/Esantion/09_ist_test1_ro_es18.pdf,pdfs/2018-esantion-test-1.pdf#page=4
9,2018-esantion-test-1-ii-1,2018-esantion-test-1,2018,Esantion,Test 1,II.1,II,1,item,4,1 Numește două state europene ce și-au menținut regimurile democratice pe toată perioada interbelică. 2,!Teste examene 2016 - 2024/2018/Esantion/09_ist_test1_ro_es18.pdf,pdfs/2018-esantion-test-1.pdf#page=4
9,2018-esantion-test-1-ii-2,2018-esantion-test-1,2018,Esantion,Test 1,II.2,II,2,item,4,"2 Numește, utilizând sursele, două principii care au stat la baza regimurilor democratice din statele Europei interbelice. 2 3 4 Valorifică sursele A, B, C, D şi cunoştinţele obținute anterior.",!Teste examene 2016 - 2024/2018/Esantion/09_ist_test1_ro_es18.pdf,pdfs/2018-esantion-test-1.pdf#page=4
9,2018-esantion-test-1-ii-3,2018-esantion-test-1,2018,Esantion,Test 1,II.3,II,3,item,5,3 Explică termenul Vot universal. 2,!Teste examene 2016 - 2024/2018/Esantion/09_ist_test1_ro_es18.pdf,pdfs/2018-esantion-test-1.pdf#page=5
9,2018-esantion-test-1-ii-4,2018-esantion-test-1,2018,Esantion,Test 1,II.4,II,4,item,5,"4 Apreciază, în două enunțuri, rolul mișcării sufragetelor în evoluția regimului democratic din Marea Britanie. 2 3 4 5",!Teste examene 2016 - 2024/2018/Esantion/09_ist_test1_ro_es18.pdf,pdfs/2018-esantion-test-1.pdf#page=5
9,2018-esantion-test-1-ii-5,2018-esantion-test-1,2018,Esantion,Test 1,II.5,II,5,item,5,5 Numește un eveniment istoric care a contribuit la consolidarea regimurilor democratice în Europa interbelică. L 0,!Teste examene 2016 - 2024/2018/Esantion/09_ist_test1_ro_es18.pdf,pdfs/2018-esantion-test-1.pdf#page=5
9,2018-esantion-test-1-ii-6,2018-esantion-test-1,2018,Esantion,Test 1,II.6,II,6,item,5,"6 Explică, conform modelului propus, două cauze ce au determinat adoptarea documentului indicat în sursa C. Cauză 1 Cauză 2 2 3",!Teste examene 2016 - 2024/2018/Esantion/09_ist_test1_ro_es18.pdf,pdfs/2018-esantion-test-1.pdf#page=5
9,2018-esantion-test-1-ii-7,2018-esantion-test-1,2018,Esantion,Test 1,II.7,II,7,item,6,7 Apreciază importanța separării puterilor în stat pentru existența regimurilor democratice. Formulează două argumente. 2 3 4 5,!Teste examene 2016 - 2024/2018/Esantion/09_ist_test1_ro_es18.pdf,pdfs/2018-esantion-test-1.pdf#page=6
9,2018-esantion-test-1-iii-essay,2018-esantion-test-1,2018,Esantion,Test 1,III.essay,III,essay,essay,6,"SUBIECTUL al III-lea (15 puncte) Studiază sursele A-C. TERMEN: Alianță – Înțelegere politică între două sau mai multe state, pe bază de tratat, prin care acestea se obligă să acționeze în comun sau să se ajute în anumite împrejurări, în special în caz de război ori de atac al unor state terțe. SURSA A. ” Potrivit convențiilor din 1921, care au fost aprobate de toate guvernele românești [...] România se angajează să intre în război în apărarea Cehoslovaciei și Iugoslaviei, dacă aceste două țări ar fi atacate de Ungaria, acționând fie singură, fie împreună cu alte state.” (N. Titulescu, despre obligațiunile României în cadrul Micii Ințelegeri) SURSA B. ” Art.1 Grecia, România,Turcia și Iugoslavia își garantează mutual securitatea tuturor fruntariilor [hotarelor – n.n.] lor balcanice. Art.2 Înaltele părți contractante se angajează să se sfătuiască asupra măsurilor de luat față de eventualitatea ce ar putea afecta interesele lor așa cum sunt definite prin prezentul acord. ” ( Pactul Înțelegerii Balcanice, 9 februarie 1934) SURSA C Item Scor Utilizează sursele pentru a argumenta, într -un text coerent, afirmația: Constituirea alianțelor de securita te colectivă nu a fost o garanție a integrității teritoriale pentru România interbelică. Notă: Formulează cel puțin trei argumente. 2 2 3 2 3 4 5 6 7 2",!Teste examene 2016 - 2024/2018/Esantion/09_ist_test1_ro_es18.pdf,pdfs/2018-esantion-test-1.pdf#page=6
9,2018-esantion-test-2-i-1,2018-esantion-test-2,2018,Esantion,Test 2,I.1,I,1,item,3,"1 Studiază coperta cărții. Numește un fapt istoric pe care autorul îl poate oferi pentru a justifica titlul lucrării. Argumentează răspunsul. Inscripție: Dușmanul de clasă, represiuni politice, violență și rezistență în R(A)SS Moldovenească, 1924-1956. 2 3",!Teste examene 2016 - 2024/2018/Esantion/09_ist_test2_ro_es18.pdf,pdfs/2018-esantion-test-2.pdf#page=3
9,2018-esantion-test-2-i-2,2018-esantion-test-2,2018,Esantion,Test 2,I.2,I,2,item,3,2 Studiază caricatura. Determină un eveniment din perioada postbelică la care face trimitere autorul. Argumentează răspunsul. 2 3,!Teste examene 2016 - 2024/2018/Esantion/09_ist_test2_ro_es18.pdf,pdfs/2018-esantion-test-2.pdf#page=3
9,2018-esantion-test-2-i-3,2018-esantion-test-2,2018,Esantion,Test 2,I.3,I,3,item,3,3 Studiază titlul articolului. Determină importanța evenimentului reflectat în articol. Argumentează răspunsul. 2 3,!Teste examene 2016 - 2024/2018/Esantion/09_ist_test2_ro_es18.pdf,pdfs/2018-esantion-test-2.pdf#page=3
9,2018-esantion-test-2-i-4,2018-esantion-test-2,2018,Esantion,Test 2,I.4,I,4,item,3,"4 Formulează, cu trimitere la afiș, o caracteristică specifică regimurilor totalitare. Argumentează răspunsul. , Inscripție: Mulțumim bunului Stalin pentru copilăria fericită. 2 3",!Teste examene 2016 - 2024/2018/Esantion/09_ist_test2_ro_es18.pdf,pdfs/2018-esantion-test-2.pdf#page=3
9,2018-esantion-test-2-ii-all,2018-esantion-test-2,2018,Esantion,Test 2,II.all,II,all,section,4,"SUBIECTUL al II-lea (23 de puncte) Studiază materialul suport și realizează sarcinile propuse. SURSA A. “Statisticile de bază ale celui de -al Doilea Razboi Mondial îl califică drep t cel mai mare război din istoria omenirii în termeni de pierderi omenești și resurse materiale folosite. În toate cele 61 de țări cu o populație totală de 1,7 miliarde de locuitori, trei sferturi din populația lumii la acea vreme a luat parte la confruntare. Un total de 110 milioane de trupe au fost mobilizate pentru serviciul militar; mai mult de jumă tate din acest total doar de urmă toarele trei: URSS (22-30 milioane), Germania (17 milio ane) și Statele Unite (16 milioane). Î n termeni de bani cheltui ți, costul total al ră zboiului s-a pus undeva dincolo de 1 trilion de dolari, ceea ce îl face ma i scump decat toate celelalte ră zboaie la un loc. Costul în vieți umane neincluzând pe cei mai mult de 5 milioane de evrei uciș i în Holocaust care au fost victime indirecte ale războiului, este estimat la 55 de milioane de morți dintre care 25 de milioane de soldați și 30 de milioane de civili.” http://www.istoria-romanilor.com/al-doilea-razboi-mondial-in-europa SURSA B. „Crimele de care sunt acuzaţi aceşti indivizi nu au fost comise de furie sau pentru o reacţie neaşteptată. Nu se cons truieşte o enormă maşină de război într -o răbufnire de pasiune, nici un lagăr ca şi Auschwitz într -o crampă de brutalitate. Scopul lor era să construiască din poporul german o maşină militară care să îşi poată impune propriul domeniu în Europa şi î n alte n aţiuni dincolo de mări.” Telford Taylor, Procuror american la Tribunalul de la Nurnberg pentru crimele de război SURSA C. Nr. Item Scor Utilizează sursa A. 1 Scrie limitele cronologice ale celui de-al Doilea Război Mondial. 2 Utilizează sursa B și cunoștințele obținute anterior. 2 Identifică scopul politicii externe naziste. Argumentează cu trimitere la sursă. 2 3 4 Utilizează sursa C și cunoștințele obținute anterior. 3 Explică termenul Holocaust. 2 Utilizează sursa B și cunoștințele obținute anterior. 4 Apreciază importanța Tribunalului de la Nürnberg pentru prevenirea războaielor. Formulează două argumente. 2 3 4 5 Utilizează sursa C și cunoștințele obținute anterior. 5 Formulează scopul edificării Monumentului Victimelor Ghetoului din Chișinău. Utilizează sursele A, B și C și cunoștințele obținute anterior. 6 Determină, după algoritmul propus, două consecințe ale celui de-al Doilea Război Mondial. Consecințe umane Consecințe materiale 2 3 4 7 Apreciază importanța menținerii păcii în lumea contemporană. Formulează două argumente. 2 3 4 5",!Teste examene 2016 - 2024/2018/Esantion/09_ist_test2_ro_es18.pdf,pdfs/2018-esantion-test-2.pdf#page=4
9,2018-esantion-test-2-ii-2,2018-esantion-test-2,2018,Esantion,Test 2,II.2,II,2,item,5,2 Identifică scopul politicii externe naziste. Argumentează cu trimitere la sursă. 2 3,!Teste examene 2016 - 2024/2018/Esantion/09_ist_test2_ro_es18.pdf,pdfs/2018-esantion-test-2.pdf#page=5
9,2018-esantion-test-2-ii-4,2018-esantion-test-2,2018,Esantion,Test 2,II.4,II,4,item,5,4 Apreciază importanța Tribunalului de la Nürnberg pentru prevenirea războaielor. Formulează două argumente. 2 3 4,!Teste examene 2016 - 2024/2018/Esantion/09_ist_test2_ro_es18.pdf,pdfs/2018-esantion-test-2.pdf#page=5
9,2018-esantion-test-2-ii-3,2018-esantion-test-2,2018,Esantion,Test 2,II.3,II,3,item,5,3 Explică termenul Holocaust.,!Teste examene 2016 - 2024/2018/Esantion/09_ist_test2_ro_es18.pdf,pdfs/2018-esantion-test-2.pdf#page=5
9,2018-esantion-test-2-ii-5,2018-esantion-test-2,2018,Esantion,Test 2,II.5,II,5,item,5,5 Formulează scopul edificării Monumentului Victimelor Ghetoului din Chișinău. L 0,!Teste examene 2016 - 2024/2018/Esantion/09_ist_test2_ro_es18.pdf,pdfs/2018-esantion-test-2.pdf#page=5
9,2018-esantion-test-2-ii-1,2018-esantion-test-2,2018,Esantion,Test 2,II.1,II,1,item,5,"1 Utilizează sursele A, B și C și cunoștințele obținute anterior.",!Teste examene 2016 - 2024/2018/Esantion/09_ist_test2_ro_es18.pdf,pdfs/2018-esantion-test-2.pdf#page=5
9,2018-esantion-test-2-ii-6,2018-esantion-test-2,2018,Esantion,Test 2,II.6,II,6,item,5,"6 Determină, după algoritmul propus, două consecințe ale celui de-al Doilea Război Mondial. Consecințe umane Consecințe materiale 2 3 4",!Teste examene 2016 - 2024/2018/Esantion/09_ist_test2_ro_es18.pdf,pdfs/2018-esantion-test-2.pdf#page=5
9,2018-esantion-test-2-ii-7,2018-esantion-test-2,2018,Esantion,Test 2,II.7,II,7,item,5,7 Apreciază importanța menținerii păcii în lumea contemporană. Formulează două argumente. 2 3 4 5,!Teste examene 2016 - 2024/2018/Esantion/09_ist_test2_ro_es18.pdf,pdfs/2018-esantion-test-2.pdf#page=5
9,2018-esantion-test-2-iii-essay,2018-esantion-test-2,2018,Esantion,Test 2,III.essay,III,essay,essay,6,"SUBIECTUL al III-lea (15 puncte) Studiază sursele A-C. SURSA A. “Investițiile la bursă au fost văzute drept o cale ușoară de îmbogățire ( easy money) și se estimează că în orice moment al perioadei 1925 -1929, cel puțin 4 milioane de americani dețineau acțiuni la bursă. Drept rezultat, s -a ajuns la declinul treptat al preţurilor, în octombrie 1929, investitorii şi -au pierdut încrederea, iar balonul de săpun al bursei de valori s -a spart. Panica vânzărilor s-a declanşat în Joia Neagră, 24 octombrie 1929, când, la bursa din New York se vând 12.894.650 de acțiuni. Deoarece declinul a fost atât de dramatic, acest eveniment a rămas cunoscut ca Marele Crah din 1929. Prin sistemul de vase comunicante care lega SUA de celelalte state ale lumii, întreaga economie mondială a început să fie afectată.” (http://www.academia.edu/Marea-Criza-Din-Anii-1929-1933) SURSA B. „La 24 octombrie 1929, î n ""Vinerea ne agră"", brokerii de la Bursa New York au ieș it cu hainele rupte (...) Cursul acțiunilor se prabuș ise. A cesta a fost semnalul care anunța națiunilor începutul crizei mondiale, unul dintre cele mai mari evenim ente ale istoriei prin consecinț ele produse. (...) Criza a atins întreaga lume. Muncitorul ș i metalurgistul american din Pittsburg, plantatorul brazilian de cafea, artizanul din Paris și bancherul din Londra, toți au fost loviț i de criză”. (Paul Regnaud, deputat francez) SURSA C. Imagini din perioada crizei economice di n 1929 -1933 (coperte de revistă, pagina de ziar fotografie de epocă). Item Scor Utilizează sursele pentru a argumenta, într -un text coerent, afirma ția: Criza economică mondială din 1929-1933 a declanșat schimbări decisive în istoria omenirii. Notă: Formulează cel puțin trei argumente. 2 2 3 2 3 4 5 6 7 2",!Teste examene 2016 - 2024/2018/Esantion/09_ist_test2_ro_es18.pdf,pdfs/2018-esantion-test-2.pdf#page=6
9,2018-pretestare-test-i-1,2018-pretestare-test,2018,Pretestare,,I.1,I,1,item,3,1 Studiază posterul. Numește un obiectiv al implementării P lanului Marshall. Argumentează răspunsul. 2 3,!Teste examene 2016 - 2024/2018/Pretestare/09_ist_test_ro_pr18.pdf,pdfs/2018-pretestare-test.pdf#page=3
9,2018-pretestare-test-i-2,2018-pretestare-test,2018,Pretestare,,I.2,I,2,item,3,2 Studiază coperta revistei. Determină o consecință directă a evenimentului istoric la care face trimitere coperta revistei. Argumentează răspunsul. 2 3,!Teste examene 2016 - 2024/2018/Pretestare/09_ist_test_ro_pr18.pdf,pdfs/2018-pretestare-test.pdf#page=3
9,2018-pretestare-test-i-3,2018-pretestare-test,2018,Pretestare,,I.3,I,3,item,3,3 Studiază afișul. Apreciază contribuția personalității nominalizate în dezvoltarea culturii naționale. Argumentează răspunsul. ______________________________________________________________ 2 3,!Teste examene 2016 - 2024/2018/Pretestare/09_ist_test_ro_pr18.pdf,pdfs/2018-pretestare-test.pdf#page=3
9,2018-pretestare-test-i-4,2018-pretestare-test,2018,Pretestare,,I.4,I,4,item,3,"4 Formulează, utilizând datele statistice din tabel, o concluzie despre dezvoltarea industrială a României în perioada interbelică. Argumentează răspunsul. , Tabel: Producția de cărbune și oțel în România în anii 1921-1939 (t) Anul Cărbune Oțel 1921 1.804.676 - 1929 3.046.027 49.386 1933 1.508.456 144.766 1939 2.395.538 276.532 , ______________________________________________________________ ______________________________________________________________ 2 3",!Teste examene 2016 - 2024/2018/Pretestare/09_ist_test_ro_pr18.pdf,pdfs/2018-pretestare-test.pdf#page=3
9,2018-pretestare-test-ii-all,2018-pretestare-test,2018,Pretestare,,II.all,II,all,section,4,"SUBIECTUL al II-lea (23 de puncte) Studiază materialul suport și realizează sarcinile propuse. SURSA A. “(…)“Criza preţurilor” s -a făcut simţită la nivelul comerţului exterior, prin scăderea impresionantă a preţurilor produselor exportate de România pe pieţele internaţionale: cereale, petrol, lemn, vite. Când se vorbeşte de scăderea preţurilor, percepţia popula ţiei este că se întâmplă un lucru bun, dar a urmat „criza veniturilor”. (…) Toţi cei care exportau atât producătorii agricoli, cât şi cei din industrie, au suferit o cădere a veniturilor. (…) Anul 1929 a fost un an agricol foarte bun. (…) Dar, dintr -o prod ucţie mare s -au obţinut venituri mici. Pentru că nu au mai putut să exporte, producătorii (…) nu şi -au mai acoperit cheltuielile de producţie, fapt ce a determinat apariţia „crizei de consum”. Angajaţii din economie şi agricultură, salariaţii publici, libe r profesioniştii, cei din învăţământ şi sănătate au resimţit reducerea veniturilor, scăderea puterii de cumpărare. A urmat „criza producţiei”, scăzând puterea de cumpărare şi consumul, producţia internă, de asemenea, s -a prăbuşit şi ea. Comerţul a fost des tabilizat, volumul vânzărilor a scăzut (…). Cu marfa nevândută, s -a ajuns la „criză de producţie”. Cu depozitele pline de marfă şi fără cumpărători, fabricanţii nu mai investeau în materii prime şi în mână de lucru, a fost „criza locurilor de muncă”. (Mugur Isărescu, Guvernatorului BNR, Consideraţii privind Marea Criză Economică din 1929 – 1933) SURSA B. „(…) În Chișinău criza economică a ruinat 163 întreprinderi. Peste 8,5% din numărul muncitorilor Basarabiei erau șomeri. Fuseseră închise fa brica de tricotaje din Chișinău “Sfinx” (au fost concediați 400 muncitori), atelierele feroviare din Tighina (700 muncitori au devenit șomeri), etc.” (Anton Moraru, Istoria Românilor, Basarabia și Transnistria 1812-1993) REPERE CRONOLOGICE (C) Octombrie, 1929 – falimentul financiar al bursei din New York; Aprilie, 1930 – înființarea Gărzii de Fier; Iunie, 1930 – revenirea în țară a lui Carol al II-lea (Restaurația); Februarie, 1938 – instaurarea dictaturii regale; Februarie, 1938 – adoptarea noii Constituții. SURSA D. Producția de cărbune, oțel și fontă în România în anii 1921-1939 (t) Anul Cărbune Oțel Fontă 1921 1.804.676 - 33.362 1929 3.046.027 49.386 72.346 1933 1.508.456 144.766 2.024 1939 2.395.538 276.532 132.681 Nr. Item Scor Utilizează sursa A și cunoștințele obținute anterioare. 1 Numește evenimentul istoric care a declanșat criza economică mondială, inclusiv în România. 2 Justifică aplicarea termenului criză economică cu referire la contextul istoric descris de autor. Argumentează răspunsul. 2 3 4 Utilizează sursa B și cunoștințele obținute anterioare. 3 Formulează o caracteristică a crizei economice din Basarabia. 2 Utilizează sursele A, B și cunoștințele obținute anterior. 4 Explică semnificația sintagmei Marea Depresiune. 2 5 Identifică formele de manifestare ale crizei economice în România interbelică. Formulează două argumente. 2 3 4 5 Utilizează sursele C, D și cunoștințele obținute anterior. 6 Determină, du pă alg oritmul propus, consecințe le crizei economice din România interbelică. Argumentează răspunsul. Consecință economică Consecință politică 2 3 4 7 Exprimă-ți opinia: Criza economică mondială din anii 1929-1933 a influențat evoluția societății interbelice? Formulează două argumente. 2 3 4 5",!Teste examene 2016 - 2024/2018/Pretestare/09_ist_test_ro_pr18.pdf,pdfs/2018-pretestare-test.pdf#page=4
9,2018-pretestare-test-ii-1,2018-pretestare-test,2018,Pretestare,,II.1,II,1,item,5,"1 Numește evenimentul istoric care a declanșat criza economică mondială, inclusiv în România. 2 Justifică aplicarea termenului criză economică cu referire la contextul istoric descris de autor. Argumentează răspunsul. 2 3",!Teste examene 2016 - 2024/2018/Pretestare/09_ist_test_ro_pr18.pdf,pdfs/2018-pretestare-test.pdf#page=5
9,2018-pretestare-test-ii-4,2018-pretestare-test,2018,Pretestare,,II.4,II,4,item,5,4 Utilizează sursa B și cunoștințele obținute anterioare.,!Teste examene 2016 - 2024/2018/Pretestare/09_ist_test_ro_pr18.pdf,pdfs/2018-pretestare-test.pdf#page=5
9,2018-pretestare-test-ii-3,2018-pretestare-test,2018,Pretestare,,II.3,II,3,item,5,3 Formulează o caracteristică a crizei economice din Basarabia.,!Teste examene 2016 - 2024/2018/Pretestare/09_ist_test_ro_pr18.pdf,pdfs/2018-pretestare-test.pdf#page=5
9,2018-pretestare-test-ii-2,2018-pretestare-test,2018,Pretestare,,II.2,II,2,item,5,"2 Utilizează sursele A, B și cunoștințele obținute anterior.",!Teste examene 2016 - 2024/2018/Pretestare/09_ist_test_ro_pr18.pdf,pdfs/2018-pretestare-test.pdf#page=5
9,2018-pretestare-test-ii-5,2018-pretestare-test,2018,Pretestare,,II.5,II,5,item,5,5 Identifică formele de manifestare ale crizei economice în România interbelică. Formulează două argumente. 2 3 4,!Teste examene 2016 - 2024/2018/Pretestare/09_ist_test_ro_pr18.pdf,pdfs/2018-pretestare-test.pdf#page=5
9,2018-pretestare-test-ii-6,2018-pretestare-test,2018,Pretestare,,II.6,II,6,item,5,"6 Determină, du pă alg oritmul propus, consecințe le crizei economice din România interbelică. Argumentează răspunsul. Consecință economică Consecință politică 2 3 4",!Teste examene 2016 - 2024/2018/Pretestare/09_ist_test_ro_pr18.pdf,pdfs/2018-pretestare-test.pdf#page=5
9,2018-pretestare-test-ii-7,2018-pretestare-test,2018,Pretestare,,II.7,II,7,item,5,7 Exprimă-ți opinia: Criza economică mondială din anii 1929-1933 a influențat evoluția societății interbelice? Formulează două argumente. 2 3 4 5,!Teste examene 2016 - 2024/2018/Pretestare/09_ist_test_ro_pr18.pdf,pdfs/2018-pretestare-test.pdf#page=5
9,2018-pretestare-test-iii-essay,2018-pretestare-test,2018,Pretestare,,III.essay,III,essay,essay,6,"SUBIECTUL al III-lea (15 puncte) Studiază sursele A-C. REPERE CRONOLOGICE (A) 29 iulie -15 octombrie 1946 – Conferinţa de pace de la Paris 5 iunie 1947 – Lansarea Planului Marshall. 25 ianuarie 1949 – Crearea Consiliului de Ajutor Economic Reciproc (CAER) 4 aprilie 1949 – Crearea Organizației Tratatului Atlanticului de Nord (NATO) 14 mai 1955 – Crearea Organizației Tratatului de la Varșovia (OTV) 1962 – Criza din Caraibe 1965-1973 – Războiul din Vietnam 20-21 august 1968 – Intervenţia forțelor militare a blocului OTV în Cehoslovacia 1 august 1975 – Semnarea Actului Final de la Helsinki 1979-1989 – Războiul din Afganistan SURSA B. „ De la Stettin, în Baltica, la Triest, în Adriatica, o cortină de fier a că zut peste continent. În spatele acestei linii se găsesc capitalele tuturor țărilor Europei de Est: Varșovia, Berlin, Praga, Viena, Budapesta, București și Sofia. Toate aceste orașe celebre, toate aceste națiuni se găsesc în sfera sovietică, și toate sunt s upuse sub o formă sau alta, nu numai influenței sovietice, dar și controlului foarte strâns și în continuă creștere al Moscovei. Comuniștii, care erau foarte slabi în toate aceste state ale estului Europei, au fost investiți cu puteri ce nu corespund deloc influenței lor numerice.” ( Discursul lui W.Churchill de la Universitatea Fulton, martie 1946) SURSA C. „Termenul Război Rece se referă la starea de tensiune, ostilitate, competiţie şi conflict care a caracterizat, pentru cea mai mare parte a perioadei postbelice, relaţiile Vestului cu Uniunea Sovietică, în mod particular relaţiile Sovieto -Americane. Război ul Rece nu a fost premeditat aşa cum al Doilea Război Mondial a fost premeditat de Hitler, iar lumea nu s -a pregătit pentru el aşa cum s-a pregătit pentru Primul Război Mondial. Război ul Rece s-a manifestat cel mai vizibil prin divizarea Europei între Est şi Vest, cea mai simbolică manifestare a sa fiind divi zarea Germaniei şi a Berlinului”. (Klaus Larres, Ann Lane, Războiul Rece. Lecturi selecte, 2001) Item Scor Utilizează sursele pentru a argumenta, într-un text coerent, afirmația: Confruntarea dintre cele două supraputeri, SUA și URSS, a influențat relațiile internaționale postbelice. Notă: Formulează cel puțin trei argumente. 2 2 3 2 3 4 5 6 7 2",!Teste examene 2016 - 2024/2018/Pretestare/09_ist_test_ro_pr18.pdf,pdfs/2018-pretestare-test.pdf#page=6
9,2018-sesiunea-de-baza-test-i-1,2018-sesiunea-de-baza-test,2018,Sesiunea de baza,,I.1,I,1,item,3,"1 Formulează, utilizând informația din tabel, o caracteristică a vieții politice din Republica Moldova. Argumentează răspunsul. Tabel: Femeile în Parlamentul Republicii Moldova Anul Nr. % 1998 9 8,7 2001 16 15,8 2005 21 20,8 2008 22 21,8 2010 19 18,8 2 3",!Teste examene 2016 - 2024/2018/Sesiunea de baza/09_ist_test_ro_sb18.pdf,pdfs/2018-sesiunea-de-baza-test.pdf#page=3
9,2018-sesiunea-de-baza-test-i-2,2018-sesiunea-de-baza-test,2018,Sesiunea de baza,,I.2,I,2,item,3,2 Studiază caricatura. Determină evenimentul istoric la care face trimitere caricatura. Argumentează răspunsul. Inscripție: România 2 3,!Teste examene 2016 - 2024/2018/Sesiunea de baza/09_ist_test_ro_sb18.pdf,pdfs/2018-sesiunea-de-baza-test.pdf#page=3
9,2018-sesiunea-de-baza-test-i-3,2018-sesiunea-de-baza-test,2018,Sesiunea de baza,,I.3,I,3,item,3,3 Studiază coperta cărții. Apreciază contribuția personalității nominalizate în dezvoltarea culturii naționale. Argumentează răspunsul. 2 3,!Teste examene 2016 - 2024/2018/Sesiunea de baza/09_ist_test_ro_sb18.pdf,pdfs/2018-sesiunea-de-baza-test.pdf#page=3
9,2018-sesiunea-de-baza-test-i-4,2018-sesiunea-de-baza-test,2018,Sesiunea de baza,,I.4,I,4,item,3,"4 Formulează, cu trimitere la timbrul poștal, un obiectiv al politicii externe a Republicii Moldova. Argumentează răspunsul. , 2 3",!Teste examene 2016 - 2024/2018/Sesiunea de baza/09_ist_test_ro_sb18.pdf,pdfs/2018-sesiunea-de-baza-test.pdf#page=3
9,2018-sesiunea-de-baza-test-ii-all,2018-sesiunea-de-baza-test,2018,Sesiunea de baza,,II.all,II,all,section,4,"SUBIECTUL al II-lea (23 de puncte) Studiază materialul suport și realizează sarcinile propuse. REPERE CRONOLOGICE (A) 5 iunie 1947 – Lansarea Planului Marshall. 25 ianuarie 1949 – Crearea Consiliului de Ajutor Economic Reciproc (CAER). 4 aprilie 1949 – Crearea Organizației Tratatului Atlanticului de Nord (NATO). 14 mai 1955 – Crearea Organizației Tratatului de la Varșovia (OTV) 1962 – Criza din Caraibe 1965-1973 – Războiul din Vietnam 1979-1989 – Războiul din Afganistan SURSA B. „[…] De la Stettin, în Baltica, la Triest, în Adriatica, o cortină de fier a căzut peste continent. În spatele acestei linii se găsesc capitalele tuturor țărilor Europei de Est: Varșovia, Berlin, Praga, Viena, Bu dapesta, București și Sofia. Toate aceste orașe celebre, toate aceste națiuni se găsesc în sfera sovietică, și toate sunt supuse sub o formă sau alta, nu numai influenței sovietice, dar și controlului foarte strâns și în continuă creștere al Moscovei. Comuniștii, care erau foarte slabi în toate aceste state ale estului Europei, au fost investiți cu puteri ce nu corespund deloc influenței lor numerice.” ( Discursul lui W.Churchill de la Universitatea Fulton, martie 1946) SURSA C. SURSA D. „Termenul Război Rece se referă la starea de tensiune, ostilitate, competiţie şi conflict care a caracterizat, pentru cea mai mare parte a perioadei postbelice, relaţiile Vestului cu Uniunea Sovietică, în mod particular relaţiile Sovieto -Americane. Război Rece nu a fost premeditat aşa cum al Doilea Război Mondial a fost premeditat de Hitler, iar lumea nu s-a pregătit pentru el aşa cum s -a pregătit pentru Primul Război Mondial. Război ul Rece s-a manifestat cel mai vizibil prin divizarea Europei între Est şi Vest, cea mai simbolică manifestare a sa fiind divizarea Germaniei şi a Berlinului”. (Klaus Larres, Ann Lane, Războiul Rece. Lecturi selecte, 2001) Nr. Item Scor Utilizează sursa A. 1 Identifică în repere cronologice două alianțe politico-militare create după al Doilea Război Mondial. 2 Utilizează sursa B. 2 Numește procesul istoric descris de autorul sursei. 3 Justifică utilizarea termenului cortină de fier cu referire la contextul politic descris de autor. Argumentează răspunsul. 2 3 4 4 Formulează o cauză a confruntării dintre SUA și URSS. 2 Utilizează sursele C, D și cunoștințele obținute anterior. 5 Determină formele de manifestare ale Războiului Rece în perioada postbelică. Formulează două argumente. 2 3 4 Valorifică materialul suport și cunoștințele obținute anterior. 6 Identifică în reperele cronologice două evenimente care justifică confruntarea dintre SUA și URSS, conform modelului propus. Argumentează răspunsul. Confruntare economică: ______________________________________________ Confruntare militară:_________________________________________________ 2 3 4 5 7 Exprimă-ți opinia: Conflictul dintre SUA și URSS a influențat relațiile internaționale postbelice? Formulează două argumente. 2 3 4 5",!Teste examene 2016 - 2024/2018/Sesiunea de baza/09_ist_test_ro_sb18.pdf,pdfs/2018-sesiunea-de-baza-test.pdf#page=4
9,2018-sesiunea-de-baza-test-ii-1,2018-sesiunea-de-baza-test,2018,Sesiunea de baza,,II.1,II,1,item,5,1 Identifică în repere cronologice două alianțe politico-militare create după al Doilea Război Mondial.,!Teste examene 2016 - 2024/2018/Sesiunea de baza/09_ist_test_ro_sb18.pdf,pdfs/2018-sesiunea-de-baza-test.pdf#page=5
9,2018-sesiunea-de-baza-test-ii-2,2018-sesiunea-de-baza-test,2018,Sesiunea de baza,,II.2,II,2,item,5,2 Numește procesul istoric descris de autorul sursei. 3 Justifică utilizarea termenului cortină de fier cu referire la contextul politic descris de autor. Argumentează răspunsul. 2 3 4,!Teste examene 2016 - 2024/2018/Sesiunea de baza/09_ist_test_ro_sb18.pdf,pdfs/2018-sesiunea-de-baza-test.pdf#page=5
9,2018-sesiunea-de-baza-test-ii-4,2018-sesiunea-de-baza-test,2018,Sesiunea de baza,,II.4,II,4,item,5,4 Formulează o cauză a confruntării dintre SUA și URSS.,!Teste examene 2016 - 2024/2018/Sesiunea de baza/09_ist_test_ro_sb18.pdf,pdfs/2018-sesiunea-de-baza-test.pdf#page=5
9,2018-sesiunea-de-baza-test-ii-5,2018-sesiunea-de-baza-test,2018,Sesiunea de baza,,II.5,II,5,item,5,5 Determină formele de manifestare ale Războiului Rece în perioada postbelică. Formulează două argumente. 2 3 4 Valorifică materialul suport și cunoștințele obținute anterior.,!Teste examene 2016 - 2024/2018/Sesiunea de baza/09_ist_test_ro_sb18.pdf,pdfs/2018-sesiunea-de-baza-test.pdf#page=5
9,2018-sesiunea-de-baza-test-ii-6,2018-sesiunea-de-baza-test,2018,Sesiunea de baza,,II.6,II,6,item,5,"6 Identifică în reperele cronologice două evenimente care justifică confruntarea dintre SUA și URSS, conform modelului propus. Argumentează răspunsul. Confruntare economică: ______________________________________________ Confruntare militară:_________________________________________________ 2 3 4 5",!Teste examene 2016 - 2024/2018/Sesiunea de baza/09_ist_test_ro_sb18.pdf,pdfs/2018-sesiunea-de-baza-test.pdf#page=5
9,2018-sesiunea-de-baza-test-ii-7,2018-sesiunea-de-baza-test,2018,Sesiunea de baza,,II.7,II,7,item,5,7 Exprimă-ți opinia: Conflictul dintre SUA și URSS a influențat relațiile internaționale postbelice? Formulează două argumente. 2 3 4 5,!Teste examene 2016 - 2024/2018/Sesiunea de baza/09_ist_test_ro_sb18.pdf,pdfs/2018-sesiunea-de-baza-test.pdf#page=5
9,2018-sesiunea-de-baza-test-iii-essay,2018-sesiunea-de-baza-test,2018,Sesiunea de baza,,III.essay,III,essay,essay,6,"SUBIECTUL al III-lea (15 puncte) Studiază sursele A-C. SURSA A. „România de la 1918, realizată din punct de vedere național, trebuia să adapteze la un cadru comun profilul istoric, demografic, economic, politic o-administrativ și social diferit regiunile ieșite de sub regimuri politice diferite, cu tradiții și realități deosebite. […] Reformele electorală, agrară și administrativă, analizate prin aspectul unificator al acestora, se înscriu cu certitudine în șirul demersurilor modernizatoare, aplicate în perioada imediat următoare Unirii. Caracterul democratic al acestora […] se prezenta drept o necesitate stringentă după Unire: asigurarea dreptului de vot, împroprietărirea, garantarea participării cetățenilor în viața publică.” (Svetlana Suveica, Basarabia în primul deceniu interbelic (1918-1928). Modernizare prin reforme) SURSA B. „Reforma agrară din 1921 a determinat însemnate modificări în structura proprietății funciare rurale din România. Ca rezultat al traducerii ei în fapt, s-a expropriat, până în anul 1938, de la 18.262 mari proprietăți, o suprafață de 5.804.838 ha arabile, finețe, pășuni, păduri, vii și terenuri necultivabile. Din această întindere, 3.860.353 ha au fost distribuite la împroprietărirea indi viduală a țăranilor, restul întinderii expropriate fiind destinată pentru pășuni și păduri comunale, vetre de sat, rezerve de interes de stat sau obștesc.” (Dumitru Șandru, Reforma agrară din 1921 și loturile demonstrative) SURSA C. „Art.5. Românii, fără deosebire de origine etnică, de limbă sau de religie, se bucură de libertatea conștiinței, de libertatea învățământului, de libertatea presei, de libertatea întrunirilor, de libertatea de asociere și de toate libertățile și drepturile stabilite prin lege. Art.33. Toate puterile statului emană de la națiune, care nu le poate exercita decât numai prin delegațiune și după principiile și regulile așezate în Constituțiunea de față.” (Din Constituția României din 29 martie 1923) REPERE CRONOLOGICE (D). noembrie 1 919 – Desfășurarea primelor alegeri generale pe baza votului universal 1920 – reunificarea monetară 1919-1921 – Reforma agrară 1921 – întocmirea primului buget al României întregite 1923 – adoptarea Constituției României Mari 1924 – Legea despre învățămâ ntul primar al statului și învățământul normal primar 14 iunie 1925 – Legea pentru unificarea administrativă a teritoriului României Mari Item Scor Utilizează sursele pentru a argumenta, într -un text coerent, afirmația: Reformele efectuate in România interbelică au favorizat democratizarea societății. Notă: Formulează cel puțin trei argumente. 2 2 3 2 3 4 5 6 7 2",!Teste examene 2016 - 2024/2018/Sesiunea de baza/09_ist_test_ro_sb18.pdf,pdfs/2018-sesiunea-de-baza-test.pdf#page=6
9,2018-suplimentara-test-i-1,2018-suplimentara-test,2018,Suplimentara,,I.1,I,1,item,3,1 Studiază coperta cărții. Numește un fapt istoric pe care autorul îl poate oferi pentru a justifica titlul lucrării. Argumentează răspunsul. 2 3,!Teste examene 2016 - 2024/2018/Suplimentara/09_ist_test_ro_ss18.pdf,pdfs/2018-suplimentara-test.pdf#page=3
9,2018-suplimentara-test-i-2,2018-suplimentara-test,2018,Suplimentara,,I.2,I,2,item,3,2 Studiază caricatura. Determină procesul istoric la care face trimitere autorul. Argumentează răspunsul. Inscripție: Propaganda roșie 2 3,!Teste examene 2016 - 2024/2018/Suplimentara/09_ist_test_ro_ss18.pdf,pdfs/2018-suplimentara-test.pdf#page=3
9,2018-suplimentara-test-i-3,2018-suplimentara-test,2018,Suplimentara,,I.3,I,3,item,3,3 Studiază titlul articolului. Determină importanța evenimentului reflectat în articol. Argumentează răspunsul. Inscripție: “Omul intră în spațiu” 2 3,!Teste examene 2016 - 2024/2018/Suplimentara/09_ist_test_ro_ss18.pdf,pdfs/2018-suplimentara-test.pdf#page=3
9,2018-suplimentara-test-i-4,2018-suplimentara-test,2018,Suplimentara,,I.4,I,4,item,3,"4 Studiază fotografia. Apreciază importanța documentului pentru cetățenii Republicii Moldova. Argumentează răspunsul. , 2 3",!Teste examene 2016 - 2024/2018/Suplimentara/09_ist_test_ro_ss18.pdf,pdfs/2018-suplimentara-test.pdf#page=3
9,2018-suplimentara-test-ii-all,2018-suplimentara-test,2018,Suplimentara,,II.all,II,all,section,4,"SUBIECTUL al II-lea (23 de puncte) Studiază materialul suport și realizează sarcinile propuse. SURSA A „Revoluțiile din 1989 au schimbat în mod fundamental harta politică, economică și culturală a lumii. Rezultând din nemulțumirea generală față de dominația ideologică l eninistă, ele au permis redescoperirea participării democratice și a activismului civic. […] În timp ce rezultatul final al acestei tranziții este încă neclar, revoluțiile au reușit în scopul lor cel mai important: au desființat regimurile leniniste și au acordat cetățenilor acestor țări libertatea de a se implica total în modelarea propriilor destine”. (Vladimir Tismăneanu, Revoluțiile din 1989 între trecut și viitor, 1999) SURSA B. Fotografie: Căderea zidului Berlinului SURSA C. ”Căderea neașteptată a Zidului, care a marcat desatelizarea ”democrațiilor populare” în 1989 și apoi implozia URSS în 1991, a reprezentat o dublă revoluție. Revoluție, desigur, pentru țările eliberate de sub tutela sovietică; dar și revoluție în raporturile dintr e cele două părți ale Europei. Imaginea miilor de berlinezi din Est năvălind, pe 9 noiembrie 1989, începând cu ora 22, pe Bornholmer Strasse, care făcea legătura dintre Pankow și Wedding, primul punct de trecere unde barierele dintre partea de Est și cea d e Vest au fost ridicate, au rămas în memorie drept simbolul dorinței populare de a reface unitatea distrusă: Unitatea Germaniei, dar și unitatea Europei.” (Soulet Jean- Francois, Istoria Europei de Est de la al Doilea Război Mondial până în prezent) Nr. Item Scor Utilizează sursele A, B, C și cunoștințele obținute anterior. 1 Numește, valorificând sursele și cunoștințele obținute anterior, două state în care au avut loc revoluții în anul 1989. 2 2 Explică termenul democrație. 2 3. Explică, în baza surselor A și C, două cauze ale Revoluției din 1989. Sursa A: ___________________________________________________________ Sursa C: ___________________________________________________________ 2 3 4 4. Apreciază contribuția popoarelor Europei de Est în desfășurarea evenimentelor ce au avut ca rezultat restabilirea unității Europei. Argumentează răspunsul cu trimitere la surse. 2 3 4 5 5 Determină în sursele B și C simbolul dorinței populare de a reface unitatea distrusă: Unitatea Germaniei. 6 Formulează două consecințe ale Revoluțiilor din 1989 pentru destinul popoarelor europene. Consecința 1: 2 3 4 Consecința 2: 7 Exprimă-ți opinia: De ce anul 1989 a fost definitoriu pentru istoria Europei? Formulează două argumente. 2 3 4 5",!Teste examene 2016 - 2024/2018/Suplimentara/09_ist_test_ro_ss18.pdf,pdfs/2018-suplimentara-test.pdf#page=4
9,2018-suplimentara-test-ii-1,2018-suplimentara-test,2018,Suplimentara,,II.1,II,1,item,5,"1 Numește, valorificând sursele și cunoștințele obținute anterior, două state în care au avut loc revoluții în anul 1989. 2",!Teste examene 2016 - 2024/2018/Suplimentara/09_ist_test_ro_ss18.pdf,pdfs/2018-suplimentara-test.pdf#page=5
9,2018-suplimentara-test-ii-2,2018-suplimentara-test,2018,Suplimentara,,II.2,II,2,item,5,2 Explică termenul democrație. 2,!Teste examene 2016 - 2024/2018/Suplimentara/09_ist_test_ro_ss18.pdf,pdfs/2018-suplimentara-test.pdf#page=5
9,2018-suplimentara-test-ii-3,2018-suplimentara-test,2018,Suplimentara,,II.3,II,3,item,5,"3. Explică, în baza surselor A și C, două cauze ale Revoluției din 1989. Sursa A: ___________________________________________________________ Sursa C: ___________________________________________________________ 2 3 4",!Teste examene 2016 - 2024/2018/Suplimentara/09_ist_test_ro_ss18.pdf,pdfs/2018-suplimentara-test.pdf#page=5
9,2018-suplimentara-test-ii-4,2018-suplimentara-test,2018,Suplimentara,,II.4,II,4,item,5,4. Apreciază contribuția popoarelor Europei de Est în desfășurarea evenimentelor ce au avut ca rezultat restabilirea unității Europei. Argumentează răspunsul cu trimitere la surse. 2 3 4 5,!Teste examene 2016 - 2024/2018/Suplimentara/09_ist_test_ro_ss18.pdf,pdfs/2018-suplimentara-test.pdf#page=5
9,2018-suplimentara-test-ii-5,2018-suplimentara-test,2018,Suplimentara,,II.5,II,5,item,5,5 Determină în sursele B și C simbolul dorinței populare de a reface unitatea distrusă: Unitatea Germaniei.,!Teste examene 2016 - 2024/2018/Suplimentara/09_ist_test_ro_ss18.pdf,pdfs/2018-suplimentara-test.pdf#page=5
9,2018-suplimentara-test-ii-6,2018-suplimentara-test,2018,Suplimentara,,II.6,II,6,item,5,6 Formulează două consecințe ale Revoluțiilor din 1989 pentru destinul popoarelor europene. Consecința 1: 2 3 4 Consecința 2:,!Teste examene 2016 - 2024/2018/Suplimentara/09_ist_test_ro_ss18.pdf,pdfs/2018-suplimentara-test.pdf#page=5
9,2018-suplimentara-test-ii-7,2018-suplimentara-test,2018,Suplimentara,,II.7,II,7,item,6,7 Exprimă-ți opinia: De ce anul 1989 a fost definitoriu pentru istoria Europei? Formulează două argumente. 2 3 4 5,!Teste examene 2016 - 2024/2018/Suplimentara/09_ist_test_ro_ss18.pdf,pdfs/2018-suplimentara-test.pdf#page=6
9,2018-suplimentara-test-iii-essay,2018-suplimentara-test,2018,Suplimentara,,III.essay,III,essay,essay,6,"SUBIECTUL al III-lea (15 puncte) Studiază sursele A-D. REPERE CRONOLOGICE (A) 1939- Semnarea Pactului Ribbentrop- Molotov 1940 , 28 iunie - Anexarea Basarabiei de către URSS 1940, 2 august – Formarea RSSM 1944 – reinstaurarea regimului sovietic în Basarabia 1946-1947 – Foametea în RSSM 1946-1949- Colectivizarea forțată în RSSM 1949- Deportări în masă a populației din RSSM în Siberia SURSA B. „(...) Un efect scontat al deportării din 1949 a fost înregimentarea accelerată şi masivă a ţăranilor în colhozuri, aşa -numita colectivizare sau „ofensivă decisivă a socialismului asupra satului” dintre Prut şi Nistru. Legarea ţăranului de glia colhoznică, prin dictatul regimului bolşevic, a avut drept urmare lichidarea proprietăţii private şi pierderea sentimentului de iniţiativă economică la sate, desţărănirea şi dezmoştenirea clasei ţăranilor. Odată cu încheierea colec tivizării, a fost instituit un mecanism special al relaţiilor de producere şi repartiţie, mecanism care permitea statului sovietic să controleze în totalitate producţia agricolă, ţăranii primind de la stat doar minimul necesar pentru a supravieţui şi a munci din greu pe terenurile colhoznice”. (Comisia pentru studierea şi aprecierea regimului comunist totalitar din R. Moldova) SURSA C. „(...) Comitetele executive, au supus la impozitul agricol, în conformitate cu hotărîrea Consiliului de Miniștri a l RSSM din 30 august 1947 10.154 de gospodării cheaburești care: [...] au folosit pemanent muncitori năimiți; au folosit sistematic în agricultură ori meșteșugărit muncitori sezonieri năimiți, au folosit sistematic munca altor țărani; obțineau sistematic v enituri de pe urma utilizării mașinilor agricole în alte gospodării contra unei plăți (...); aveau sistematic venituri de la moară, oloiniță, râșniță și alte întreprinderi; au practicat cumpărarea în scopul revânzării, comerțului ori cămătăriei. (...)”. (Din Informație privind rezultatele identificării și supunerii la impozitul agricol a gospodăriilor cheaburești în 1947 în RSSM) Item Scor Utilizează sursele pentru a argumenta, într -un text coerent, afirma ția: Colectivizarea agriculturii în RSSM a lovit dur în destinul țărănimii basarabene. Notă: Formulează cel puțin trei argumente. 2 2 3 2 3 4 5 6 7 2",!Teste examene 2016 - 2024/2018/Suplimentara/09_ist_test_ro_ss18.pdf,pdfs/2018-suplimentara-test.pdf#page=6
9,2019-esantion-test-1-i-1,2019-esantion-test-1,2019,Esantion,Test 1,I.1,I,1,item,3,1 Studiază posterul. Numește un obiectiv al implementării Programului ”Noul Curs” al SUA. Argumentează răspunsul cu trimitere la sursă. Inscripție:”Munca plătește Americii” 2 3,!Teste examene 2016 - 2024/2019/Esantion/09_ist_test1_ro_es19.pdf,pdfs/2019-esantion-test-1.pdf#page=3
9,2019-esantion-test-1-i-2,2019-esantion-test-1,2019,Esantion,Test 1,I.2,I,2,item,3,2 Studiază coperta revistei. Determină o consecință directă a evenimentului istoric la care face trimitere coperta revistei. Argumentează răspunsul cu trimitere la sursă. 2 3,!Teste examene 2016 - 2024/2019/Esantion/09_ist_test1_ro_es19.pdf,pdfs/2019-esantion-test-1.pdf#page=3
9,2019-esantion-test-1-i-3,2019-esantion-test-1,2019,Esantion,Test 1,I.3,I,3,item,3,3 Studiază afișul. Apreciază contribuția personalității nominalizate în dezvoltarea culturii universale. Argumentează răspunsul cu trimitere la sursă. ______________________________________________________________ 2 3,!Teste examene 2016 - 2024/2019/Esantion/09_ist_test1_ro_es19.pdf,pdfs/2019-esantion-test-1.pdf#page=3
9,2019-esantion-test-1-i-4,2019-esantion-test-1,2019,Esantion,Test 1,I.4,I,4,item,3,"4 Formulează, utilizând datele statistice din tabel, o concluzie despre dezvoltarea industrială a României în perioada interbelică. Argumentează răspunsul. , Tabel: Producția de cărbune și oțel în România în anii 1921-1939 (t) Anul Cărbune Oțel 1921 1.804.676 - 1929 3.046.027 49.386 1933 1.508.456 144.766 1939 2.395.538 276.532 , ______________________________________________________________ ______________________________________________________________ 2 3",!Teste examene 2016 - 2024/2019/Esantion/09_ist_test1_ro_es19.pdf,pdfs/2019-esantion-test-1.pdf#page=3
9,2019-esantion-test-1-ii-all,2019-esantion-test-1,2019,Esantion,Test 1,II.all,II,all,section,4,"SUBIECTUL al II-lea (23 de puncte) Studiază materialul suport și realizează sarcinile propuse. SURSA A. “Marea Unire a fost însoțită de elaborarea unor măsuri, reforme democrati ce: votul universal, reforma agrară, egalitatea în drepturi a cetățenilor indiferent de naționalitate, măsuri în domeniul regimului de muncă etc., incluse în Constituția din martie 1923. […] Marea Unire a ridicat pe o treaptă superioară comunitatea de viaț ă materială și spirituală statornicită de -a lungul veacurilor între toate teritoriile românești . Reformele din 1918 -1923 au schimbat vechile structuri economice, politice și sociale; România întregită a însemnat nu numai provincii reunificate, ci și un stat mai democratic”. (Ion Agrigoroaiei, Istoria românilor, Compendiu, 1996) SURSA B. ” […] Vom închina toate puterile noastre consolidării Unității Naționale. Vom da României întregite Constituția așteptată. Vom face o politică de dreptate social ă, asigurând astfel democrației sănătoase liniștea necesară pentru a dezvolta roadele dobândite prin sufragiul universal. Vom desăvârși pentru țărani aplicarea reformei agrare și vom veghea la îmbunătățirea stării lor materiale, culturale și morale. Nu vom cruța nimic pentru a reda țării situația financiară la care are dreptul potrivit bogățiilor și tradițiilor.” (Din Programul Partidului Național-Liberal, ianuarie 1922) REPERE CRONOLOGICE (C) SURSA D. 1918 – realizarea Marii Uniri; 1919 - desfășurarea primelor alegeri în baza votului universal; 1921 – legiferarea Reformei agrare; 1922 - constituirea guvernului liberal în frunte cu Ion I.C. Brăteanu; 1923 - adoptarea Constituţiei României Mari; 1924 - adoptarea Legii pentru învăţământul primar şi normal-primar; 1925- adoptarea Legii pentru unificarea administrativă. Nr. Item Scor Utilizează sursa A și cunoștințele obținute anterioare. 1 Numește evenimentul istoric care a favorizat aplicarea reformelor democratice în toate teritoriile românești. 2 Formulează o caracteristică a societății românești la începutul perioadei interbelice. 2 Utilizează sursele B, D și cunoștințele obținute anterioare. 3 Explică semnificația sintagmei stat național unitar. 2 Utilizează sursele A, B, C și cunoștințele obținute anterior. 4 Formulează două schimbări în vechile structuri politice și economice. Explică răspunsul cu trimitere la: domeniul politic: domeniul economic: 2 3 4 5 Utilizează sursele C, B, D și cunoștințele obținute anterior. 5 Numește o reformă aplicată de PNL în vederea consolidării Unității Naționale. Argumentează cu trimitere la Basarabia. 2 3 4 Utilizează sursele și cunoștințele obținute anterior. 6 De ce PNL consideră consolidarea Unității Naționale o prioritate pentru România interbelică? Formulează două argumente. 1. ________________________________________________________________ 2. 2 3 4 7 Exprimă-ți opinia: Reformele democratice din anii 1918-1923 au contribuit la modernizarea societății românești? Formulează două argumente. 2 3 4 5",!Teste examene 2016 - 2024/2019/Esantion/09_ist_test1_ro_es19.pdf,pdfs/2019-esantion-test-1.pdf#page=4
9,2019-esantion-test-1-ii-1,2019-esantion-test-1,2019,Esantion,Test 1,II.1,II,1,item,5,1 Numește evenimentul istoric care a favorizat aplicarea reformelor democratice în toate teritoriile românești.,!Teste examene 2016 - 2024/2019/Esantion/09_ist_test1_ro_es19.pdf,pdfs/2019-esantion-test-1.pdf#page=5
9,2019-esantion-test-1-ii-2,2019-esantion-test-1,2019,Esantion,Test 1,II.2,II,2,item,5,2 Formulează o caracteristică a societății românești la începutul perioadei interbelice.,!Teste examene 2016 - 2024/2019/Esantion/09_ist_test1_ro_es19.pdf,pdfs/2019-esantion-test-1.pdf#page=5
9,2019-esantion-test-1-ii-3,2019-esantion-test-1,2019,Esantion,Test 1,II.3,II,3,item,5,3 Explică semnificația sintagmei stat național unitar.,!Teste examene 2016 - 2024/2019/Esantion/09_ist_test1_ro_es19.pdf,pdfs/2019-esantion-test-1.pdf#page=5
9,2019-esantion-test-1-ii-4,2019-esantion-test-1,2019,Esantion,Test 1,II.4,II,4,item,5,4 Utilizează sursele și cunoștințele obținute anterior. 6 De ce PNL consideră consolidarea Unității Naționale o prioritate pentru România interbelică? Formulează două argumente. 1. ________________________________________________________________ 2. 2 3 4,!Teste examene 2016 - 2024/2019/Esantion/09_ist_test1_ro_es19.pdf,pdfs/2019-esantion-test-1.pdf#page=5
9,2019-esantion-test-1-ii-5,2019-esantion-test-1,2019,Esantion,Test 1,II.5,II,5,item,5,5 Numește o reformă aplicată de PNL în vederea consolidării Unității Naționale. Argumentează cu trimitere la Basarabia. 2 3,!Teste examene 2016 - 2024/2019/Esantion/09_ist_test1_ro_es19.pdf,pdfs/2019-esantion-test-1.pdf#page=5
9,2019-esantion-test-1-ii-7,2019-esantion-test-1,2019,Esantion,Test 1,II.7,II,7,item,5,7 Exprimă-ți opinia: Reformele democratice din anii 1918-1923 au contribuit la modernizarea societății românești? Formulează două argumente. 2 3 4 5,!Teste examene 2016 - 2024/2019/Esantion/09_ist_test1_ro_es19.pdf,pdfs/2019-esantion-test-1.pdf#page=5
9,2019-esantion-test-1-iii-essay,2019-esantion-test-1,2019,Esantion,Test 1,III.essay,III,essay,essay,6,"SUBIECTUL al III-lea (15 puncte) Studiază sursele A-C. SURSA A. ”Democrația este un sistem bazat pe principiul conform căruia nimeni nu se pоate proclama conducător, nimeni nu poate deține puterea în nume personal și în mod irevocabil. Conducătorii vor deține această funcție, ca urmare a desemnării libere, neângrădite de către cetățenii care urmează să fie conduși.” (G. Satori,Teoria democrației reinterpretată) SURSA B. ”În prima jumatate a secolului XX, democr ația putea fi definită pe baza existenței unor condiții imposibil de evitat : libertatea de asociere, de gândire, de informare, dreptul la vot și alegeri libere, dreptul liderilor politici de a se confrunta între ei în vederea consensului; posibilitatea de acces în funcții publice; controlul politicii forțelor aflate la guvernare din partea opoziției și alternarea la guvernare.” (Enciclopedia de istorie universală) SURSA C. ”Art. 33. - Toate puterile Statului emană de la națiune, care nu le poate exercita decât numai prin delegațiune și după principiile și regulile așezate în Constituțiunea de față. Art. 34. - Puterea legislativă se exercită colectiv de către Rege și Reprezentațiunea națională. Reprezentațiunea națională se împarte în două Adunări: Senatul și Adunarea deputaților. Orice lege cere învoirea a câtor trei ramuri ale puterii legiuitoare.” ( Extras din Constituția română adoptată în 1923) Item Scor Utilizează sursele pentru a argumen ta, într -un text coerent, întrebarea : Ce caracteristici sunt esențiale pentru a defini regimul democratic interbelic? Notă: Formulează cel puțin trei argumente. 2 2 3 2 3 4 5 6 7 2",!Teste examene 2016 - 2024/2019/Esantion/09_ist_test1_ro_es19.pdf,pdfs/2019-esantion-test-1.pdf#page=6
9,2019-esantion-test-2-i-1,2019-esantion-test-2,2019,Esantion,Test 2,I.1,I,1,item,3,1 Studiază coperta cărții. Numește un fapt istoric pe care autorul îl poate oferi pentru a justifica titlul lucrării. Argumentează răspunsul. 2 3,!Teste examene 2016 - 2024/2019/Esantion/09_ist_test2_ro_es19.pdf,pdfs/2019-esantion-test-2.pdf#page=3
9,2019-esantion-test-2-i-2,2019-esantion-test-2,2019,Esantion,Test 2,I.2,I,2,item,3,2 Studiază caricatura. Determină procesul din perioada postbelică la care face trimitere autorul. Argumentează răspunsul cu trimitere la sursă. Inscripție: Propaganda roșie 2 3,!Teste examene 2016 - 2024/2019/Esantion/09_ist_test2_ro_es19.pdf,pdfs/2019-esantion-test-2.pdf#page=3
9,2019-esantion-test-2-i-3,2019-esantion-test-2,2019,Esantion,Test 2,I.3,I,3,item,3,3 Studiază timbrul poștal. Determină importanța evenimentului reflectat în conținut. Argumentează răspunsul cu trimitere la sursă. Imaginea lui Neil Armstrong pe un timbru poștal din Republica Moldova 2 3,!Teste examene 2016 - 2024/2019/Esantion/09_ist_test2_ro_es19.pdf,pdfs/2019-esantion-test-2.pdf#page=3
9,2019-esantion-test-2-i-4,2019-esantion-test-2,2019,Esantion,Test 2,I.4,I,4,item,3,"4 Studiază afișul. Apreciază contribuția personalității nominalizate la dezvoltarea culturii. Argumentează răspunsul cu trimitere la sursă. , 2 3",!Teste examene 2016 - 2024/2019/Esantion/09_ist_test2_ro_es19.pdf,pdfs/2019-esantion-test-2.pdf#page=3
9,2019-esantion-test-2-ii-all,2019-esantion-test-2,2019,Esantion,Test 2,II.all,II,all,section,4,"SUBIECTUL al II-lea (23 de puncte) Studiază materialul suport și realizează sarcinile propuse. SURSA A „ Art.1. Acordul de pace încheiat deschis, după care nu vor mai exista acorduri internaţionale private de nici un fel; doar convenţii de pace publice, încheiate deschis. (…) Art.4. Garanții suficiente date și adoptate ca toate armamentele naţionale vor fi reduse la limita extremă compatibilă.(…) cu securitatea ţării’’ Art.14. O societate generală a națiunilor trebuie să fie formată în virtutea convențiilor formale, având ca obiect să furnizeze garanții de independență politică și teritorială micilor ca și marilor state. (…)” “W.Wilson,”14 puncte”) SURSA B. „ Art. 10. Membrii Societății își iau îndatorirea să respecte și să mențină, în contra oricărei agresiuni externe, integritatea teritorială și independența politică existentă a tuturor membrilor Societății. (...) Art. 16. Membrii Societății mai convin de a-și da sprijin reciproc pentru aplicarea măsurilor economice și financiare. (…)“ (Din Pactul Societății Națiunilor) SURSA C. “Art.1.Evacuarea va începe la 1 octombrie. Art. 2. Regatul Unit, Franța și Italia convin că evacuarea teritoriului în cauză va trebui să fie terminată la 10 octombrie. Art. 3. Condițiile acestei evacuări vor fi stabilite (…) de o Comisie i nternațională, compusă din reprezentanți ai Germaniei, Regatului Unit, F ranței, Italiei și a Cehoslovaciei . Art. 6. Determinarea finală a frontierelor se va face ce către Comisia internațională a celor patru puteri: Germania, Regatul Unit, Franța și Itali a.; în anumite cazuri excepționale, ea va recomanda modificări de mică importanță la determinarea strict etnografică a zonelor transferabile (…).” (Din Acordul de la München, 29-30 septembrie 1938) SURSA D. „Art. II. În eventualitatea unor rearanjamente politice şi teritoriale în regiunile ce aparţin Poloniei, sferele de influenţă ale Germaniei şi ale U.R.S.S. vor fi limitate conform liniei râurilor Narev, Vistula şi San. (…) Art. III. În privința Sud-Estul Europei, partea Sovietică sublini ază interesul pe care -l manifestă Basarabia. Partea Germană își declară totalul dezinteres politic față de aceste teritorii. Art. IV. Prezentul Protocol trebuie tratat de ambele părţi ca unul strict secret. (Din Protocolul adițional secret, al Pactului de neagresiune Pactul Societății Națiunilor dintre Germania și URSS, Moscova, 23 August 1939) Nr. Item Scor Utilizează sursa A și cunoștințele obținute anterior. 1 Numește contextul istoric în care a fost propus documentul. Utilizează sursa B și cunoștințele obținute anterior. 2 Explică termenul Societatea Națiunilor. 2 Utilizează sursele A și B și cunoștințele obținute anterior. 3 Identifică importanța constituirii Societății Națiunilor.Formulează două argumente. 2 3 4 Utilizează sursele C și D și cunoștințele obținute anterior. 4 Apreciază contextul politic în care s-au produs evenimentele descrise în surse. Formulează două argumente. 2 3 4 5 Utilizează sursele C și cunoștințele obținute anterioare. 5 Formulează o caracteristică a Acordului de la München. 2 Utilizează sursele A, B, C și D și cunoștințele obținute anterior. 6 Determină, după algoritmul propus , două cauze ale tensionării relațiilor internaționale în anii 30 ai secopilui XX Cauza 1 2 3 4 Cauza 2 7 Exprimă-ți opinia despre urmările politicii revizioniste asupa evoluției Europei. Formulează două argumente. 2 3 4 5",!Teste examene 2016 - 2024/2019/Esantion/09_ist_test2_ro_es19.pdf,pdfs/2019-esantion-test-2.pdf#page=4
9,2019-esantion-test-2-ii-1,2019-esantion-test-2,2019,Esantion,Test 2,II.1,II,1,item,5,1 Numește contextul istoric în care a fost propus documentul. L 0,!Teste examene 2016 - 2024/2019/Esantion/09_ist_test2_ro_es19.pdf,pdfs/2019-esantion-test-2.pdf#page=5
9,2019-esantion-test-2-ii-2,2019-esantion-test-2,2019,Esantion,Test 2,II.2,II,2,item,5,"2 Utilizează sursele A, B, C și D și cunoștințele obținute anterior.",!Teste examene 2016 - 2024/2019/Esantion/09_ist_test2_ro_es19.pdf,pdfs/2019-esantion-test-2.pdf#page=5
9,2019-esantion-test-2-ii-3,2019-esantion-test-2,2019,Esantion,Test 2,II.3,II,3,item,5,3 Identifică importanța constituirii Societății Națiunilor.Formulează două argumente. 2 3,!Teste examene 2016 - 2024/2019/Esantion/09_ist_test2_ro_es19.pdf,pdfs/2019-esantion-test-2.pdf#page=5
9,2019-esantion-test-2-ii-4,2019-esantion-test-2,2019,Esantion,Test 2,II.4,II,4,item,5,4 Apreciază contextul politic în care s-au produs evenimentele descrise în surse. Formulează două argumente. 2 3 4,!Teste examene 2016 - 2024/2019/Esantion/09_ist_test2_ro_es19.pdf,pdfs/2019-esantion-test-2.pdf#page=5
9,2019-esantion-test-2-ii-5,2019-esantion-test-2,2019,Esantion,Test 2,II.5,II,5,item,5,5 Utilizează sursele C și cunoștințele obținute anterioare.,!Teste examene 2016 - 2024/2019/Esantion/09_ist_test2_ro_es19.pdf,pdfs/2019-esantion-test-2.pdf#page=5
9,2019-esantion-test-2-ii-6,2019-esantion-test-2,2019,Esantion,Test 2,II.6,II,6,item,5,"6 Determină, după algoritmul propus , două cauze ale tensionării relațiilor internaționale în anii 30 ai secopilui XX Cauza 1 2 3 4 Cauza 2",!Teste examene 2016 - 2024/2019/Esantion/09_ist_test2_ro_es19.pdf,pdfs/2019-esantion-test-2.pdf#page=5
9,2019-esantion-test-2-ii-7,2019-esantion-test-2,2019,Esantion,Test 2,II.7,II,7,item,6,7 Exprimă-ți opinia despre urmările politicii revizioniste asupa evoluției Europei. Formulează două argumente. 2 3 4 5,!Teste examene 2016 - 2024/2019/Esantion/09_ist_test2_ro_es19.pdf,pdfs/2019-esantion-test-2.pdf#page=6
9,2019-esantion-test-2-iii-essay,2019-esantion-test-2,2019,Esantion,Test 2,III.essay,III,essay,essay,6,"SUBIECTUL al III-lea (15 puncte) Studiază sursele A-D. SURSA A. REPERE CRONOLOGICE 1920 – deschiderea Universităților la Cluj și Cernăuți; 1921 – decoperirea insulinei de către medicul fiziolog N. Păulescu; 1924 - Legea pentru învățământul primar și normal-primar; 1926 – înființarea mitropoliei Basarabiei; 1933 – deschiderea facultății de științe agricole la Chișinău; 1935-1938 – crearea de către C. Brâncuși a complexului memorial de la Târgul Jiu. SURSA B. „[...]Descătuşând energiile, Unirea din 1918 a încercat – uneori în condiţii dificile o solidarizare a generaţiilor, provinciilor, finalităţilor. Dar poate că particularitatea cea mai interesantă a epocii o constituie afirmar ea în acelaşi spaţiu de cultură şi creaţie, alături de r omâni a naţionalităţilor conlocuitoare”. (Octavian Goga, Discurs în cadrul Academiei Române) SURSA C. „[...] Sumele importante acordate de stat educaţiei şi culturii au constituit un suport solid asigurat vieţii spirituale. Învăţământul, cultura şi artele, cercetarea ştiinţifică au fost încurajate şi prin sprijinul primit din partea unor prefecturi şi primării, instituţii şi întreprinderi, persoane juridice şi fizice, organisme neguvernamentale etc. Democratizarea societăţii, reforma agrară, acordarea votului universal, chemarea la viaţă politică a milioane de oameni au avut ca efect dorinţa de instruire, de ridicare a nivelului de cultură.. [...]”. (Ion Agrigoroaiei, Istoria românilor) SURSA D. Tabel: “Situaţia ştiutorilor de carte, pe provincii, medii şi sexe” (Recensământul din 1930) Provincii Mediul rural Mediul urban Total M F Total M F România 51,3 64,9 38,7 77,3 84,5 70,3 Basarabia 34,1 48,2 20,6 62,6 72,3 53,1 Bucovina 59,8 67,1 53,2 80,3 84,8 76,1 Transilvania 64,2 70,4 58,1 88,0 90,0 86,0 Muntenia 48,8 68,5 30,4 78,4 87,4 69,6 Item Scor Utilizează sursele pentru a argumenta, într-un text coerent, afirmația: Cultura românească interbelică: progres sau limite. Notă: Formulează cel puțin trei argumente. 2 2 3 2 3 4 5 6 7 2",!Teste examene 2016 - 2024/2019/Esantion/09_ist_test2_ro_es19.pdf,pdfs/2019-esantion-test-2.pdf#page=6
9,2019-pretestare-test-i-1,2019-pretestare-test,2019,Pretestare,,I.1,I,1,item,3,1 Studiază coperta cărții. Numește un fapt istoric pe care autorul îl poate oferi pentru a justifica titlul lucrării. Argumentează răspunsul. 2 3,!Teste examene 2016 - 2024/2019/Pretestare/09_ist_test_ro_pr19.pdf,pdfs/2019-pretestare-test.pdf#page=3
9,2019-pretestare-test-i-2,2019-pretestare-test,2019,Pretestare,,I.2,I,2,item,3,2 Studiază caricatura. Determină procesul la care face trimitere autorul. Argumentează răspunsul. 2 3,!Teste examene 2016 - 2024/2019/Pretestare/09_ist_test_ro_pr19.pdf,pdfs/2019-pretestare-test.pdf#page=3
9,2019-pretestare-test-i-3,2019-pretestare-test,2019,Pretestare,,I.3,I,3,item,3,3 Studiază afișul. Apreciază contribuția personalității nominalizate în dezvoltarea culturii naționale. Argumentează răspunsul. 2 3,!Teste examene 2016 - 2024/2019/Pretestare/09_ist_test_ro_pr19.pdf,pdfs/2019-pretestare-test.pdf#page=3
9,2019-pretestare-test-i-4,2019-pretestare-test,2019,Pretestare,,I.4,I,4,item,3,"4 Studiază timbrul poștal. Determină importanța evenimentului reflectat în conținut. Argumentează răspunsul. , Timbru poștal din Republica Moldova, 1995 , __________________________________________________________________ __________________________________________________________________ 2 3",!Teste examene 2016 - 2024/2019/Pretestare/09_ist_test_ro_pr19.pdf,pdfs/2019-pretestare-test.pdf#page=3
9,2019-pretestare-test-ii-all,2019-pretestare-test,2019,Pretestare,,II.all,II,all,section,4,"SUBIECTUL al II-lea (23 de puncte) Studiază materialul suport și realizează sarcinile propuse. SURSA A. REPERE CRONOLOGICE 1939, august - Semnarea Pactului Ribbentrop- Molotov; 1940, iunie - Ultimatumul sovietic înaintat României; 1940, august - Dictatul de la Viena; 1940, septembrie - Tratatul de la Craiova; 1940, septembrie - Abdicarea lui Carol al II-lea; 1940, septembrie - Mihai redevine rege; 1940, noiembrie - Aderarea României la Pactul Tripartit; 1941, iunie - Atacul Germaniei naziste și al aliaților ei asupra URSS; 1944, august - Lovitura de stat, înlăturarea lui Ion Antonescu de la putere. SURSA B. „[...]Art. 3. În privința Europei de Sud -Est, partea sovietică sublinia ză interesul pe care -l manifestă pentru Basarabia. Partea germană își declară totalul dezinteres politic față de aceste teritorii. Art. 4. Prezentul protocol va fi considerat de ambele părți ca strict secret”. (Din Protocolul adițional secret al Pactului de neagresiune dintre Germania și URSS, 23 august 1939) SURSA C. „[...] Ostași, Vă ordon: Treceți Prutul. Zdrobiți vrăjmașul din Răsărit și Miazănoapte. Dezrobiți din jugul roșu al bolșevismului pe frații voștri cotropiți. Reî mpliniți în trupul țării glia străbună a Basarabilor și codrii voievodali ai Bucovinei, ogoarele și plaiurile voastre. Comandant de căpetenie al Armatei, general Ion Antonescu”. (Din Ordinul de zi către armată din 22 iunie 1941) SURSA D. „[...] Români, în ceasul cel mai greu al istoriei noastre, am socotit, în deplină înțelegere cu poporul meu, că nu este decât o singură cale pentru salvarea Țării de la o catastrofă totală: ieșirea noastră din alianța cu Puterile Axei și imediata î ncetare a războiului cu Națiunile Unite.” (Din Proclamația regelui României Mihai I către țară, 23 august 1944) SURSA E. Nr. Item Scor Utilizează sursa A și cunoștințele obținute anterior. 1 Numește un eveniment istoric care reflectă raptul Basarabiei și al Bucovinei de Nord din vara anului 1940. Utilizează sursa B și cunoștințele obținute anterior. 2 Explică termenul Protocol adițional secret. 2 Utilizează sursele A, B, C și cunoștințele obținute anterior. 3 Identifică cauzele intrării României în război de partea Germaniei. Formulează două argumente. 2 3 4 Utilizează sursele A, B, C și cunoștințele obținute anterior. 4 Determină contextul politic extern în care s-au produs cedările teritoriale din vara anului 1940. Formulează două argumente. 2 3 4 5 Utilizează sursa D și cunoștințele obținute anterior. 5 Formulează o caracteristică a loviturii de stat din 23 august 1944. 2 Utilizează sursele A, B, C, D, E și cunoștințele obținute anterior. 6 Numește, după algoritmul propus, consecințele loviturii de stat din 23 august 1944. Argumentează răspunsul. Consecința 1. Consecința 2. 2 3 4 7 Exprimă-ți opinia despre impactul celui de-al Doilea Război Mondial pentru români. Formulează două argumente. 2 3 4 5",!Teste examene 2016 - 2024/2019/Pretestare/09_ist_test_ro_pr19.pdf,pdfs/2019-pretestare-test.pdf#page=4
9,2019-pretestare-test-ii-1,2019-pretestare-test,2019,Pretestare,,II.1,II,1,item,5,1 Numește un eveniment istoric care reflectă raptul Basarabiei și al Bucovinei de Nord din vara anului 1940. L 0,!Teste examene 2016 - 2024/2019/Pretestare/09_ist_test_ro_pr19.pdf,pdfs/2019-pretestare-test.pdf#page=5
9,2019-pretestare-test-ii-2,2019-pretestare-test,2019,Pretestare,,II.2,II,2,item,5,"2 Utilizează sursele A, B, C, D, E și cunoștințele obținute anterior.",!Teste examene 2016 - 2024/2019/Pretestare/09_ist_test_ro_pr19.pdf,pdfs/2019-pretestare-test.pdf#page=5
9,2019-pretestare-test-ii-3,2019-pretestare-test,2019,Pretestare,,II.3,II,3,item,5,3 Identifică cauzele intrării României în război de partea Germaniei. Formulează două argumente. 2 3,!Teste examene 2016 - 2024/2019/Pretestare/09_ist_test_ro_pr19.pdf,pdfs/2019-pretestare-test.pdf#page=5
9,2019-pretestare-test-ii-4,2019-pretestare-test,2019,Pretestare,,II.4,II,4,item,5,4 Determină contextul politic extern în care s-au produs cedările teritoriale din vara anului 1940. Formulează două argumente. 2 3 4,!Teste examene 2016 - 2024/2019/Pretestare/09_ist_test_ro_pr19.pdf,pdfs/2019-pretestare-test.pdf#page=5
9,2019-pretestare-test-ii-5,2019-pretestare-test,2019,Pretestare,,II.5,II,5,item,5,5 Formulează o caracteristică a loviturii de stat din 23 august 1944.,!Teste examene 2016 - 2024/2019/Pretestare/09_ist_test_ro_pr19.pdf,pdfs/2019-pretestare-test.pdf#page=5
9,2019-pretestare-test-ii-6,2019-pretestare-test,2019,Pretestare,,II.6,II,6,item,5,"6 Numește, după algoritmul propus, consecințele loviturii de stat din 23 august 1944. Argumentează răspunsul. Consecința 1. Consecința 2. 2 3 4",!Teste examene 2016 - 2024/2019/Pretestare/09_ist_test_ro_pr19.pdf,pdfs/2019-pretestare-test.pdf#page=5
9,2019-pretestare-test-ii-7,2019-pretestare-test,2019,Pretestare,,II.7,II,7,item,5,7 Exprimă-ți opinia despre impactul celui de-al Doilea Război Mondial pentru români. Formulează două argumente. 2 3 4 5,!Teste examene 2016 - 2024/2019/Pretestare/09_ist_test_ro_pr19.pdf,pdfs/2019-pretestare-test.pdf#page=5
9,2019-pretestare-test-iii-essay,2019-pretestare-test,2019,Pretestare,,III.essay,III,essay,essay,6,"SUBIECTUL al III-lea (15 puncte) Studiază sursele A-D. Termen: Sovietizare - transformarea unei realități social -economice și politice dintr -una specific națională într -una de tip sovietic; inaugurarea regimului comunist de tip sovietic în țările Europei Centrale și de Est după cel de-al Doilea Război Mondial. REPERE CRONOLOGICE (A) SURSA B. 1944-1949 – Instaurarea regimurilor comuniste în statele Europei de Est; 1947 – Crearea Kominformbiroului; 1949 – Instaurarea comunismului în China; 25 ianuarie 1949 – Crearea Consiliului de Ajutor Economic Reciproc (CAER); 14 mai 1955 – Crearea Organizației Tratatului de la Varșovia (OTV). SURSA C. „ Stalin s -a apucat să recreeze Europa de Est după modelul sovietic, să reproducă istoria, instituțiile și practicile sovietice în fiecare din micile state contr olate acum de partide comuniste . Albania, Bulgaria, România, Ungaria, Cehoslovacia, Polonia și Republica Democratică Germană urmau să devină […] miniature ale Uniunii Sovietice. Fiecare urma să aibă o constituție copiată după cea sovietică (prima a fost ad optată în Bulgaria în decembrie 1947, ultima în Polonia în iulie 1952). Fiecare urma să suporte reforme economice și să adopte planuri cincinale, aliniindu -și instituțiile și practicile cu cele ale Uniunii Sovietice . Fiecare avea să devină un stat polițist după tiparul sovietic. Și fiecare avea să fie condusă de aparatul unui Partid Comunist subordonat (practic, dacă nu teoretic) Partidului Comunist conducător de la Moscova”. ( Tony Judt, Epoca postbelică. O istorie a Europei după 1945) SURSA D. „Paralel cu preluarea puterii politice, comuniștii din estul Europei au lansat un program de transformare a economiei după varianta sovietică. Principalele sectoare industriale, precum și transportul au fost naționalizate imediat. În prima perioadă era u împroprietăriți cu pământ țăranii săraci, iar ulterior pământul a trecut în proprietatea statului, așa cum s -a procedat și în Uniunea Sovietică după 1917. Numai în Polonia, R.D.G. și în zonele muntoase ale României unii țărani și-au păstrat dreptul de fo losință individuală asupra pământului. Consecințele naționalizării au fost dezastruoase din punct de vedere politic – toți oamenii au devenit dependenți de stat și și-au pierdut libertatea”. (Igor Cașu, Politică, societate și cultură în Sud-Estul Europei) Item Scor Utilizează sursele pentru a argumenta, într -un text coerent, afirma ția: Prezența militară sovietică a marcat destinul popoarelor din Europa de Est după al Doilea Război Mondial. Notă: Formulează cel puțin trei argumente. 2 2 3 2 3 4 5 6 7 2",!Teste examene 2016 - 2024/2019/Pretestare/09_ist_test_ro_pr19.pdf,pdfs/2019-pretestare-test.pdf#page=6
9,2019-sesiunea-de-baza-test-i-1,2019-sesiunea-de-baza-test,2019,Sesiunea de baza,,I.1,I,1,item,3,1 Studiază posterul. Formulează o caracteristică specifică regimurilor totalitare. Argumentează răspunsul cu trimitere la sursă. Inscripție: Înainte spre victoria comunismului! 2 3,!Teste examene 2016 - 2024/2019/Sesiunea de baza/09_ist_test_ro_sb19.pdf,pdfs/2019-sesiunea-de-baza-test.pdf#page=3
9,2019-sesiunea-de-baza-test-i-2,2019-sesiunea-de-baza-test,2019,Sesiunea de baza,,I.2,I,2,item,3,2 Studiază caricatura. Determină evenimentul istoric la care face trimitere autorul. Argumentează răspunsul cu trimitere la sursă. 2 3,!Teste examene 2016 - 2024/2019/Sesiunea de baza/09_ist_test_ro_sb19.pdf,pdfs/2019-sesiunea-de-baza-test.pdf#page=3
9,2019-sesiunea-de-baza-test-i-3,2019-sesiunea-de-baza-test,2019,Sesiunea de baza,,I.3,I,3,item,3,3 Studiază afișul. Formulează o caracteristică a dezvoltării economice în perioada interbelică. Argumentează răspunsul cu trimitere la sursă. 2 3,!Teste examene 2016 - 2024/2019/Sesiunea de baza/09_ist_test_ro_sb19.pdf,pdfs/2019-sesiunea-de-baza-test.pdf#page=3
9,2019-sesiunea-de-baza-test-i-4,2019-sesiunea-de-baza-test,2019,Sesiunea de baza,,I.4,I,4,item,3,"4 Studiază timbrul poștal. Apreciază importanța personalității nominalizate în dezvoltarea culturii naționale. Argumentează răspunsul cu trimitere la sursă. , Inscripție: Maria Bieșu, Cio-Cio-San, Tokio, 1967 , ________________________________________ 2 3",!Teste examene 2016 - 2024/2019/Sesiunea de baza/09_ist_test_ro_sb19.pdf,pdfs/2019-sesiunea-de-baza-test.pdf#page=3
9,2019-sesiunea-de-baza-test-ii-all,2019-sesiunea-de-baza-test,2019,Sesiunea de baza,,II.all,II,all,section,4,"SUBIECTUL al II-lea (23 de puncte) Studiază materialul suport și realizează sarcinile propuse. SURSA A. „[...] Comisia Sovietului Suprem al R.S.S. Moldova, în scopul restabilirii adevărului istoric, ținând cont de deciziile Comisie similare a Congresului al doilea de deputați ai poporului din U.R.S.S. și de rezultatele muncii desfășurate în ultimii ani de istoricii și juriștii din republică și de peste hotare, a examinat aspectele esențiale ale semnării, înfăptuirii și urmărilor Tratatului sovieto- german de neagresiune din 23 august 1939 și ale Protocolului adițional secret. […] La 28 iunie 1940 U.R.S.S. a ocupat prin forța armată Basarabia și Bucovina de Nord, contrar voinței populației acestor ținuturi. Proclamarea în mod nelegitim, la 2 august 1940, a R.S.S. Moldovenești a fost un act de dezmembrare a Basarabiei și Bucovinei. Trecerea arbitrară sub jurisdicția R.S.S. Ucrainene a Bucovinei de Nord și a județelor Hotin, Ismail și Cetatea Albă contravenea adevărului istoric și realității etnice existente în acea vreme. Odată cu instaurarea în Basarabia și Bucovina de Nord a regimului sovietic stalinist, în aceste ținuturi au fost comise crime împotriva umanității: omoruri în masă, deportări, foamete organizată. […] Prin prezentul Aviz Comisia întregește, sub toate aspectele, semnificația profundă și amplă a Declarației suveranității R.S.S. Moldova”. (Din Avizul Comisiei Comitetului Suprem al R.S.S. Moldova (1990) pentru aprecierea politico- juridică a Tratatului sovieto-german de neagresiune și a protocolului adițional secret din 23 august 1939) SURSA B. SURSA C. ”1. Republica Sovietică Socialistă Moldova este un stat suveran. Suveranitatea R.S.S. Moldova este condiția firească și necesară a existenței statalității Moldovei. 2. Izvorul suveranității este poporul. Suveranitatea este exercitată în interesul întregului popor de către organul reprezentativ suprem al puterii de stat al republicii. […] 3. Republica Sovietică Socialistă Moldova este un stat unitar, indivizibil. Frontierele R.S.S. Moldova pot fi schimbate numai pe bază de acorduri reciproce între R.S.S. Moldova și alte state suverane, în conformitate cu voința poporului, adevărul istoric și ținându -se seama de normele dreptului internațional unanim recunoscute.” (Din Declarația de suveranitate a R.S.S. Moldova, 23 iunie 1990) Nr. Item Punctaj Utilizează sursa A și cunoștințele obținute anterior. 1 Numește un eveniment care a cauzat anexarea Basarabiei de către URSS. Utilizează sursele A, C și cunoștințele obținute anterior. 2 Explică, ce teritorii au fost dezmembrate de autoritățile sovietice pentru a crea RSSM. 2 3 4 Utilizează sursa A și cunoștințele obținute anterior. 3 Apreciază legitimitatea proclamării R.S.S. Moldovenești. Formulează două argumente. 2 3 4 5 4 Descrie două consecințe ale instaurării regimului sovietic stalinist în Basarabia și Bucovina de Nord. 1._________________________________________________________________ 2._________________________________________________________________ 2 3 4 Utilizează sursa B și cunoștințele obținute anterior. 5 Explică termenul suveranitate. 2 6 Identifică, în sursa B, două caracteristici ale statului suveran Republica Sovietică Socialistă Moldova. 2 7 Apreciază importanța istorică pentru Republica Moldova a adoptării Declarației de suveranitate. Formulează două argumente. 2 3 4 5",!Teste examene 2016 - 2024/2019/Sesiunea de baza/09_ist_test_ro_sb19.pdf,pdfs/2019-sesiunea-de-baza-test.pdf#page=4
9,2019-sesiunea-de-baza-test-ii-1,2019-sesiunea-de-baza-test,2019,Sesiunea de baza,,II.1,II,1,item,5,1 Numește un eveniment care a cauzat anexarea Basarabiei de către URSS. L 0,!Teste examene 2016 - 2024/2019/Sesiunea de baza/09_ist_test_ro_sb19.pdf,pdfs/2019-sesiunea-de-baza-test.pdf#page=5
9,2019-sesiunea-de-baza-test-ii-2,2019-sesiunea-de-baza-test,2019,Sesiunea de baza,,II.2,II,2,item,5,"2 Explică, ce teritorii au fost dezmembrate de autoritățile sovietice pentru a crea RSSM. 2 3",!Teste examene 2016 - 2024/2019/Sesiunea de baza/09_ist_test_ro_sb19.pdf,pdfs/2019-sesiunea-de-baza-test.pdf#page=5
9,2019-sesiunea-de-baza-test-ii-4,2019-sesiunea-de-baza-test,2019,Sesiunea de baza,,II.4,II,4,item,5,4 Descrie două consecințe ale instaurării regimului sovietic stalinist în Basarabia și Bucovina de Nord. 1._________________________________________________________________ 2._________________________________________________________________ 2 3,!Teste examene 2016 - 2024/2019/Sesiunea de baza/09_ist_test_ro_sb19.pdf,pdfs/2019-sesiunea-de-baza-test.pdf#page=5
9,2019-sesiunea-de-baza-test-ii-3,2019-sesiunea-de-baza-test,2019,Sesiunea de baza,,II.3,II,3,item,5,3 Apreciază legitimitatea proclamării R.S.S. Moldovenești. Formulează două argumente. 2 3 4 5,!Teste examene 2016 - 2024/2019/Sesiunea de baza/09_ist_test_ro_sb19.pdf,pdfs/2019-sesiunea-de-baza-test.pdf#page=5
9,2019-sesiunea-de-baza-test-ii-5,2019-sesiunea-de-baza-test,2019,Sesiunea de baza,,II.5,II,5,item,5,5 Explică termenul suveranitate. 2,!Teste examene 2016 - 2024/2019/Sesiunea de baza/09_ist_test_ro_sb19.pdf,pdfs/2019-sesiunea-de-baza-test.pdf#page=5
9,2019-sesiunea-de-baza-test-ii-6,2019-sesiunea-de-baza-test,2019,Sesiunea de baza,,II.6,II,6,item,5,"6 Identifică, în sursa B, două caracteristici ale statului suveran Republica Sovietică Socialistă Moldova. 2",!Teste examene 2016 - 2024/2019/Sesiunea de baza/09_ist_test_ro_sb19.pdf,pdfs/2019-sesiunea-de-baza-test.pdf#page=5
9,2019-sesiunea-de-baza-test-ii-7,2019-sesiunea-de-baza-test,2019,Sesiunea de baza,,II.7,II,7,item,5,7 Apreciază importanța istorică pentru Republica Moldova a adoptării Declarației de suveranitate. Formulează două argumente. 2 3 4 5,!Teste examene 2016 - 2024/2019/Sesiunea de baza/09_ist_test_ro_sb19.pdf,pdfs/2019-sesiunea-de-baza-test.pdf#page=5
9,2019-sesiunea-de-baza-test-iii-essay,2019-sesiunea-de-baza-test,2019,Sesiunea de baza,,III.essay,III,essay,essay,6,"SUBIECTUL al III-lea (15 puncte) Studiază sursele A-D. REPERE CRONOLOGICE (A) 1928 – A.Fleming descoperă penicilina 1931 – inventat cauciucul sintetic 1933 – construit primul microscop electronic 1934 – descoperirea radioactivității artificiale 1935 – inventarea radarului 1945 – primul computer 1953 – este descoperită structura ADN 1961 – primul om lansat în spațiu 1972 – primul calculator de buzunar 1991 – lansarea rețelei www. SURSA B. “[…] Noua știință și tehnică se gasesc întruchipate organic în structura bazei materiale a producției industriale, inclusiv în construcții, transporturi, agricultură, în instrucția și calificarea forței de munc ă și în activitatea managerială, de organizare și conducere a muncii productive. În prezent, nici un domeniu al vieții sociale nu se poate dispensa de aportul științei, în caz contrar societatea respectivă este sortită înapoierii economice și degradării co ndiției umane. Știința pulsează hotărâtor în viața economică, social -politică, influentează inclusiv sfera întregii creații spirituale, devenind dimensiunea esentială a culturii și civilizației contemporane”. (Igor Casapciuc, Știința românească în perioada interbelică și postbelică) SURSA C. “[…] La începutul secolului XX asistăm la o dezvoltare fără precedent a industriei automobilului mai ales în ţările dezvoltate. Astfel, firmele americane constructoare de automobile, precum Ford şi General Motors , cunosc o dezvoltare rapidă fără precedent. Astfel, între 1908 şi 1927, automobilul Ford Model T va revoluţiona istoria automobilului, atât prin schimbările în design, cât mai ales prin producţia de mare serie în care este realizat şi aceasta folosind o linie de asamblare, ajungând că în 1914 să fie vândute 250.000 de bucăţi.[…] Dacă la începutul secolului XX existau câteva sute de mii, la începutul perioadei postbelice existau pe plan mondial peste 500.000 de automobile, ca în 2007 producţia mondială anuală să depăşească 70 de mln de unităţi”. (Roxana Veliche, historia.ro) SURSA D. „Nici o perioadă din istorie nu a fost mai dependent ă și mai pătrun să de științele natural e decât secol ul XX. […] Inovațiile științei, odată ce au fost realizate, ele au fost aproape imediat traduse în tehnologii practice. Astfel, tranzistorii au apărut ca un subprodus al cercetărilor în fizica solidelor, așa s-a întâmplat și cu laserul. Realizate pentru prima oară în laborator în 1960, au ajuns pe la începutul anilor 80 la consumator sub forma compact discului (CD-ului) ”. (E. Hobsbawm, O istorie a secolului XX) Item Punctaj Utilizează sursele pentru a argumenta, î ntr-un text coerent, afirmația: Dezvoltarea științifică și tehnologică a schimbat viața societății umane în secolul XX. Notă: Formulează cel puțin trei argumente. 2 2 3 2 3 4 5 6 7 2",!Teste examene 2016 - 2024/2019/Sesiunea de baza/09_ist_test_ro_sb19.pdf,pdfs/2019-sesiunea-de-baza-test.pdf#page=6
9,2019-suplimentara-test-i-1,2019-suplimentara-test,2019,Suplimentara,,I.1,I,1,item,3,1 Studiază coperta cărții. Numește un fapt istoric pe care autorul îl poate oferi pentru a justifica titlul lucrării. Argumentează răspunsul cu trimitere la sursă. 2 3,!Teste examene 2016 - 2024/2019/Suplimentara/09_ist_test_ro_ss19.pdf,pdfs/2019-suplimentara-test.pdf#page=3
9,2019-suplimentara-test-i-2,2019-suplimentara-test,2019,Suplimentara,,I.2,I,2,item,3,2 Studiază caricatura. Determină un proces istoric la care face trimitere autorul. Argumentează răspunsul cu trimitere la sursă. 2 3,!Teste examene 2016 - 2024/2019/Suplimentara/09_ist_test_ro_ss19.pdf,pdfs/2019-suplimentara-test.pdf#page=3
9,2019-suplimentara-test-i-3,2019-suplimentara-test,2019,Suplimentara,,I.3,I,3,item,3,3 Studiază timbrul poștal. Apreciază importanța istorică a personalității prezentate în conținut. Argumentează răspunsul cu trimitere la sursă. Timbru poștal din Republica Moldova 2 3,!Teste examene 2016 - 2024/2019/Suplimentara/09_ist_test_ro_ss19.pdf,pdfs/2019-suplimentara-test.pdf#page=3
9,2019-suplimentara-test-i-4,2019-suplimentara-test,2019,Suplimentara,,I.4,I,4,item,3,"4 Studiază tabelul. Apreciază evoluția economică a României în perioada interbelică. Argumentează răspunsul cu trimitere la sursă. Tabel: Valoarea producției agrare și industrial e în România interbelică (%) , Anul Producția agricolă Producția industrială 1925 68,2 31,8 1929 63,2 36,8 1934 53,4 46,6 1938 51,4 48,4 2 3",!Teste examene 2016 - 2024/2019/Suplimentara/09_ist_test_ro_ss19.pdf,pdfs/2019-suplimentara-test.pdf#page=3
9,2019-suplimentara-test-ii-all,2019-suplimentara-test,2019,Suplimentara,,II.all,II,all,section,4,"SUBIECTUL al II-lea (23 de puncte) Studiază materialul suport și realizează sarcinile propuse. SURSA A. REPERE CRONOLOGICE 1918 - realizarea Marii Uniri; 1918 - încoronarea regelui Ferdinand; 1919 - desfășurarea primelor alegeri în baza votului universal; 1921 - legiferarea Reformei agrare; 1923 - adoptarea Constituţiei României Mari; 1924 - adoptarea Legii pentru înv ăţământul primar şi normal-primar; 1925 - adoptarea Legii pentru unificarea administrativă. SURSA B. “Marea Unire a fost însoțită de elaborarea unor măsuri, reforme democratice: votul universal, reforma agrară, egalitatea în drepturi a cetăț enilor indiferent de naționalitate, măsuri în domeniul regimului de muncă etc., incluse în Constituția din martie 1923. […] Marea Unire a ridicat pe o treaptă superioară comunitatea de viață materială și spirituală statornicită de -a lungul veacurilor între toate teritoriile românești. Reformele din 1918 -1923 au schimbat vechile structuri economice, politice și sociale; România întregită a însemnat nu numai provincii reunificate, ci și un stat mai democratic”. (Ion Agrigoroaiei, Istoria românilor, Compendiu, 1996) SURSA C. “Art. 1. Pentru cauză de utilitate publică și națională se expropriază proprietățile imobiliare din cuprinsul Basarabiei (…). Art. 7. Se vor expropria pământurile din proprietățile particulare, lăsându-se pentru fiecare proprietate 100 ha pământ cultivabil, viile, grădinile de pomi roditori și pepinierile existente până la 22 Decembrie 1918 (...). Art. 9. Trec în proprietatea Statului apele , lacurile, bălțile și stuhări ile, în afară de cele ce aparțin obștilor sau comunelor. Art. 33. Vor fi împroprietăriți muncitorii de pământ, după capii de familie (...)”. ( Din Legea de reformă agrară pentru Basarabia, 1920) SURSA D. „Art.33. Toate puteri le statului emană de la naţiune , care nu le poate exercita dec ât numai prin delegaţiune şi după principiile şi regulile aşezate în Constituţiunea de faţă. Art. 34. Puterea legis lativă se exercită colectiv de către rege şi reprezentaţiunea naţională. Orice lege cere învoirea a câtor trei ramuri ale puterii legiuitoare. Nici o lege nu poate fi supusă sancţiunii regale decât după ce se va fi discutat şi votat liber de majoritatea ambelor adunări.” (Extras din Constituţia română adoptată în anul 1923) Nr. Item Scor Utilizează sursa A și cunoștințele obținute anterior. 1 Numește evenimentul istoric care a favorizat aplicarea reformelor democratice în toate teritoriile românești. Utilizează sursa B și cunoștințele obținute anterior. 2 Formulează o caracteristică a societății românești în perioada interbelică. 2 Utilizează sursele A, B, D și cunoștințele obținute anterior. 3 Explică termenul Constituție. 2 Utilizează sursele B, C, D și cunoștințele obținute anterior. 4 Descrie, conform domeniilor propuse, două consecințe ale reformelor democratice aplicate în România interbelică. domeniul politic: domeniul economic: ___________________________________________________________________ __________________________________________________________________ 2 3 4 Utilizează sursa C și cunoștințele obținute anterior. 5 Identifică în sursa C două etape ale implementării Reformei agrare în Basarabia. Explică răspunsul. 1. 2. 2 3 4 Utilizează sursele A, B, C și D și cunoștințele obținute anterior. 6 Numește o personalitate istorică care a contribuit la democratizarea societății românești. Formulează două argumente. Personalitatea: 1. 2 3 4 5 2. 7 Exprimă-ți opinia: Reformele democratice din anii 1918-1928 au contribuit la dezvoltarea societății românești? Formulează două argumente. 2 3 4 5",!Teste examene 2016 - 2024/2019/Suplimentara/09_ist_test_ro_ss19.pdf,pdfs/2019-suplimentara-test.pdf#page=4
9,2019-suplimentara-test-ii-1,2019-suplimentara-test,2019,Suplimentara,,II.1,II,1,item,5,1 Numește evenimentul istoric care a favorizat aplicarea reformelor democratice în toate teritoriile românești. L 0,!Teste examene 2016 - 2024/2019/Suplimentara/09_ist_test_ro_ss19.pdf,pdfs/2019-suplimentara-test.pdf#page=5
9,2019-suplimentara-test-ii-2,2019-suplimentara-test,2019,Suplimentara,,II.2,II,2,item,5,2 Formulează o caracteristică a societății românești în perioada interbelică.,!Teste examene 2016 - 2024/2019/Suplimentara/09_ist_test_ro_ss19.pdf,pdfs/2019-suplimentara-test.pdf#page=5
9,2019-suplimentara-test-ii-3,2019-suplimentara-test,2019,Suplimentara,,II.3,II,3,item,5,3 Explică termenul Constituție.,!Teste examene 2016 - 2024/2019/Suplimentara/09_ist_test_ro_ss19.pdf,pdfs/2019-suplimentara-test.pdf#page=5
9,2019-suplimentara-test-ii-4,2019-suplimentara-test,2019,Suplimentara,,II.4,II,4,item,5,"4 Descrie, conform domeniilor propuse, două consecințe ale reformelor democratice aplicate în România interbelică. domeniul politic: domeniul economic: ___________________________________________________________________ __________________________________________________________________ 2 3",!Teste examene 2016 - 2024/2019/Suplimentara/09_ist_test_ro_ss19.pdf,pdfs/2019-suplimentara-test.pdf#page=5
9,2019-suplimentara-test-ii-5,2019-suplimentara-test,2019,Suplimentara,,II.5,II,5,item,5,5 Identifică în sursa C două etape ale implementării Reformei agrare în Basarabia. Explică răspunsul. 1. 2. 2 3,!Teste examene 2016 - 2024/2019/Suplimentara/09_ist_test_ro_ss19.pdf,pdfs/2019-suplimentara-test.pdf#page=5
9,2019-suplimentara-test-ii-6,2019-suplimentara-test,2019,Suplimentara,,II.6,II,6,item,5,6 Numește o personalitate istorică care a contribuit la democratizarea societății românești. Formulează două argumente. Personalitatea: 1. 2 3 4 5 2.,!Teste examene 2016 - 2024/2019/Suplimentara/09_ist_test_ro_ss19.pdf,pdfs/2019-suplimentara-test.pdf#page=5
9,2019-suplimentara-test-ii-7,2019-suplimentara-test,2019,Suplimentara,,II.7,II,7,item,6,7 Exprimă-ți opinia: Reformele democratice din anii 1918-1928 au contribuit la dezvoltarea societății românești? Formulează două argumente. 2 3 4 5,!Teste examene 2016 - 2024/2019/Suplimentara/09_ist_test_ro_ss19.pdf,pdfs/2019-suplimentara-test.pdf#page=6
9,2019-suplimentara-test-iii-essay,2019-suplimentara-test,2019,Suplimentara,,III.essay,III,essay,essay,6,"SUBIECTUL al III-lea (15 puncte) Studiază sursele A-D. SURSA A. „De la Stettin, în Baltica, la Trieste, în Adriatica, o cortină de fier s -a lăsat peste continent. În spatele acestei linii se află to ate capitalele vechilor state din Europa Centrală şi Răsăriteană. Varşovia, Berlin, Praga, Viena, Budapesta, Belgrad, Bucureşti şi Sofia, toate aceste oraşe faimoase şi populaţiile din jurul lor se află în ceea ce eu trebuie să numesc sfera sovietică; şi t oate se află, într-o formă sau alta, nu numai sub influenţă sovietică, ci şi sub un control foarte strict de la Moscova .” (Din Discursul lui Winston Churchill, Universitatea Fulton, 1946) SURSA B. “Această hotărâre neașteptată și clandestină de a instala pentru prima dată arme strategice în afara teritoriului sovietic constituie o modificare deliberat provocatoare și neju stificată a status - quo-ului care nu poate fi acceptată de țara noastră, dacă vrem ca prietenii sau dușmanii noștri să continuie să aibă încredere în curajul și cuvântul nostru”. (Din Discursul preşedintelui J.F.Kennedy, 1962) SURSA C. „ (…) Doctrina Truman a reprezentat în primul rând o suită de acțiuni politice și militare de combatere punctuală a comunismului (…). Convins de necesitatea unei poziții ferme față de expansionismul lui Stalin, Truman a reacționat pas cu pas, începând din 1947, în sensul îngrădirii lui. Pe plan extern, a acordat sprijin militar Greciei și Turciei, pentru stăvilirea mișcărilor comuniste și separatiste de pe teritoriul acestora; a dema rat ajutorarea statelor occidentale prin Planul Marshall; a pus bazele NATO (aprilie 1949); a susținut regimul sud -coreean în războiul cu Nordul comunist și a preluat treptat de la francezi sarcina războiului din Indochina (Vietnam).” (Ana-Maria Ambrosă, Doctrinele politicii internaționale în Războiul Rece) Item Scor Utilizează sursele pentru a argumenta, într -un text coerent, afirma ția: Războiul rece – stare de încordare, de dispută și de confruntare între SUA și URSS. Notă: Formulează cel puțin trei argumente. 2 2 3 2 3 4 5 6 7 2",!Teste examene 2016 - 2024/2019/Suplimentara/09_ist_test_ro_ss19.pdf,pdfs/2019-suplimentara-test.pdf#page=6
9,2021-esantion-test-1-i-1,2021-esantion-test-1,2021,Esantion,Test 1,I.1,I,1,item,3,1 Studiază coperta revistei. Numește un fapt istoric pe care autorul îl poate oferi pentru a justifica titlul de pe copertă. Argumentează răspunsul cu trimitere la sursă. 2 3,!Teste examene 2016 - 2024/2021/Esantion/09_ist_test1_ro_es21.pdf,pdfs/2021-esantion-test-1.pdf#page=3
9,2021-esantion-test-1-i-2,2021-esantion-test-1,2021,Esantion,Test 1,I.2,I,2,item,3,2 Studiază posterul. Formulează o caracteristică specifică regimurilor totalitare. Argumentează răspunsul cu trimitere la sursă. Inscripție: Mângâierea lui Stalin luminează viitorul copiilor noștri. 2 3,!Teste examene 2016 - 2024/2021/Esantion/09_ist_test1_ro_es21.pdf,pdfs/2021-esantion-test-1.pdf#page=3
9,2021-esantion-test-1-i-3,2021-esantion-test-1,2021,Esantion,Test 1,I.3,I,3,item,3,3 Studiază timbrul poștal. Determină importanța istorică a personalității prezentate în conținut. Argumentează răspunsul cu trimitere la sursă. Timbru poștal din România 2 3,!Teste examene 2016 - 2024/2021/Esantion/09_ist_test1_ro_es21.pdf,pdfs/2021-esantion-test-1.pdf#page=3
9,2021-esantion-test-1-i-4,2021-esantion-test-1,2021,Esantion,Test 1,I.4,I,4,item,3,"4 Studiază tabelul. Apreciază evoluția producției de automobile în perioada interbelică. Argumentează răspunsul cu trimitere la sursă. Tabel: Producția de automobile în perioada interbelică , Țara 1913 1939 Germania 93 000 1 816 000 Franța 125 000 2 250 000 Marea Britanie 208 000 2 420 000 SUA 1 260 000 29 440 000 2 3",!Teste examene 2016 - 2024/2021/Esantion/09_ist_test1_ro_es21.pdf,pdfs/2021-esantion-test-1.pdf#page=3
9,2021-esantion-test-1-ii-all,2021-esantion-test-1,2021,Esantion,Test 1,II.all,II,all,section,4,"SUBIECTUL al II-lea (23 de puncte) Studiază materialul suport și realizează sarcinile propuse. SURSA A. REPERE CRONOLOGICE 1918 - Marea Unire; 1919 - desfășurarea primelor alegeri în baza votului universal; 1921 - legiferarea Reformei agrare; 1923 - adoptarea Constituţiei României Mari; 1924 - adoptarea Legii pentru învăţământul primar şi normal-primar; 1925 - adoptarea Legii pentru unificarea administrativă. SURSA B. “Marea Unire a fost înso țită de elaborarea unor măsuri, reforme democratice: votul universal, reforma agrară, egalitatea în drepturi a cetă țenilor indiferent de naționalitate, m ăsuri în domeniul regimului de muncă etc., inclus e în Constitu ția din martie 1923. […] Marea Unire a ridicat pe o treaptă superioară comunitatea de via ță materială și spirituală statornicită de -a lungul veacurilor între toate teritoriile române ști. Reformele din 1918 -1923 au schimbat vechile structuri economice, politice și sociale; România întregită a însemnat nu numai provincii reunificate, ci și un stat mai democratic”. (Ion Agrigoroaiei, Istoria românilor, Compendiu, 1996) SURSA C. Componența etnică a populației României (1930) Componența etnică a populației Basarabiei (1930) SURSA D. „Art. 5. - Românii, fără deosebire de originea etnică, de limbă sau de religie, se bucură de libertatea conștiinței, de libertatea învățământului, de libertatea presei, de libertatea întrunirilor, de libertatea de asociație și de toate libertățile și drepturile stabilite prin legi. Art. 7. - Deosebirea de credințe religioase și confesiuni, originea etnică și de limbă, nu constitue în România o piedică spre a dobândi drepturile civile și politice și a le exercita..” (Extras din Constituţia română adoptată în anul 1923) Nr. Item Scor Utilizează sursa A și cunoștințele obținute anterior. 1 Numește evenimentul istoric care a stabilit trăsăturile de bază ale regimului politic în România interbelică. Utilizează sursa C și cunoștințele obținute anterior. 2 Formulează o caracteristică a societății românești în perioada interbelică. 2 Utilizează sursele A, B, C și cunoștințele obținute anterior. 3 Explică termenul Stat național unitar. 2 Utilizează sursele B, C, D și cunoștințele obținute anterior. 4 Descrie, două trăsături ale regimului politic din România interbelică. 1. 2. 2 3 4 Utilizează sursa A și cunoștințele obținute anterior. 5 Identifică în sursa A două acțiuni ale guvernului întreprinse pentru democratizarea și modernizarea societății după Marea Unire. Explică răspunsul. 1. 2. 2 3 4 Utilizează sursele A, B, C și D și cunoștințele obținute anterior. 6 Numește o personalitate care a influențat viața politică a societății românești interbelice. Formulează două argumente. Personalitatea: 1. 2 3 4 5 2. 7 Exprimă-ți opinia: România interbelică era o țară în care minoritățile naționale se bucurau de drepturi egale cu ale majorității populației ? Formulează două argumente. 2 3 4 5",!Teste examene 2016 - 2024/2021/Esantion/09_ist_test1_ro_es21.pdf,pdfs/2021-esantion-test-1.pdf#page=4
9,2021-esantion-test-1-ii-1,2021-esantion-test-1,2021,Esantion,Test 1,II.1,II,1,item,5,1 Numește evenimentul istoric care a stabilit trăsăturile de bază ale regimului politic în România interbelică. L 0,!Teste examene 2016 - 2024/2021/Esantion/09_ist_test1_ro_es21.pdf,pdfs/2021-esantion-test-1.pdf#page=5
9,2021-esantion-test-1-ii-2,2021-esantion-test-1,2021,Esantion,Test 1,II.2,II,2,item,5,2 Formulează o caracteristică a societății românești în perioada interbelică.,!Teste examene 2016 - 2024/2021/Esantion/09_ist_test1_ro_es21.pdf,pdfs/2021-esantion-test-1.pdf#page=5
9,2021-esantion-test-1-ii-3,2021-esantion-test-1,2021,Esantion,Test 1,II.3,II,3,item,5,3 Explică termenul Stat național unitar.,!Teste examene 2016 - 2024/2021/Esantion/09_ist_test1_ro_es21.pdf,pdfs/2021-esantion-test-1.pdf#page=5
9,2021-esantion-test-1-ii-4,2021-esantion-test-1,2021,Esantion,Test 1,II.4,II,4,item,5,"4 Descrie, două trăsături ale regimului politic din România interbelică. 1. 2. 2 3",!Teste examene 2016 - 2024/2021/Esantion/09_ist_test1_ro_es21.pdf,pdfs/2021-esantion-test-1.pdf#page=5
9,2021-esantion-test-1-ii-5,2021-esantion-test-1,2021,Esantion,Test 1,II.5,II,5,item,5,5 Identifică în sursa A două acțiuni ale guvernului întreprinse pentru democratizarea și modernizarea societății după Marea Unire. Explică răspunsul. 1. 2. 2 3,!Teste examene 2016 - 2024/2021/Esantion/09_ist_test1_ro_es21.pdf,pdfs/2021-esantion-test-1.pdf#page=5
9,2021-esantion-test-1-ii-6,2021-esantion-test-1,2021,Esantion,Test 1,II.6,II,6,item,5,6 Numește o personalitate care a influențat viața politică a societății românești interbelice. Formulează două argumente. Personalitatea: 1. 2 3 4 5 2.,!Teste examene 2016 - 2024/2021/Esantion/09_ist_test1_ro_es21.pdf,pdfs/2021-esantion-test-1.pdf#page=5
9,2021-esantion-test-1-ii-7,2021-esantion-test-1,2021,Esantion,Test 1,II.7,II,7,item,6,7 Exprimă-ți opinia: România interbelică era o țară în care minoritățile naționale se bucurau de drepturi egale cu ale majorității populației ? Formulează două argumente. 2 3 4 5,!Teste examene 2016 - 2024/2021/Esantion/09_ist_test1_ro_es21.pdf,pdfs/2021-esantion-test-1.pdf#page=6
9,2021-esantion-test-1-iii-essay,2021-esantion-test-1,2021,Esantion,Test 1,III.essay,III,essay,essay,6,"SUBIECTUL al III-lea (15 puncte) Studiază sursele A-C. TERMEN: Pact – tratat interna țional, bilateral sau multilateral, încheiat în special în scopul menținerii păcii sau al colaborării între semnatari. SURSA A. „Art. 1. Înaltele părţi contractante declară solemn, în numele popoarelor lor respective, că condamnă recursul la război pentru reglarea diferendelor internaţionale şi renunţă la el ca instrument de politică naţională în relaţiile lor mutuale. Art. 2. Înaltele Părţi Contractante recunosc că regularea sau rezolvarea tuturor diferendelor sau conflictelor de orice natură sau de orice origine ar fi ele care se vor putea ivi între ele, nu va trebui niciodată urmărită decât prin mijloace pacifice. Art. 3. Prezentul tratat va fi ratificat de înaltele Părţi Contractante desemnate în preambul, conform cerinţelor constituţiilor lor respective şi va lua efect de îndată ce toate instrumentele de ratificare vor fi fost depuse la Washington.” (Din Pactul Briand-Kellogg, 1928) SURSA B. „ Respectarea acestui legământ promite mai mult pentru pacea lumii decât oricare alt acord negociat vreodată între națiuni. ” (Din declarația președintelui Statelor Unite ale Americii C. Coolidge, a.1928) SURSA C. ” Pactul Kellogg-Briand, o ini țiativă comună franco -americană, propunea condamnarea folosirii războiului ca modalitate de rezolvare a conflictelor dintre state și rezolvarea acestor dispute prin metode pacifiste. De și a fost apla udat drept o ini țiativă diplomatică remarcabilă, Pactul a fost, în fond, un e șec: el nu a impus sancțiuni în cazul înc ălcării principiilor sale fundamentale, astfel că statelor semnatare le-a fost ușor, la momentul convenabil, să încalce Pactul . ” (H. Kissinger, Diplomația, 2008) Item Scor Utilizează sursele pentru a argumenta, într -un text coerent, afirma ția: Pactul Briand - Kellogg un efort de apărare și menținere a păcii. Notă: În elaborarea textului vei respecta următoarele criterii: -Redactează un text coerent: introducere, cuprins, concluzie -Utilizează sursele -Formulează cel puțin trei argumente -Utilizează limbajul istoric - Formulează un mesaj corect din punct de vedere științific. 2 2 3 2 3 4 5 6 7 2",!Teste examene 2016 - 2024/2021/Esantion/09_ist_test1_ro_es21.pdf,pdfs/2021-esantion-test-1.pdf#page=6
9,2021-esantion-test-2-i-1,2021-esantion-test-2,2021,Esantion,Test 2,I.1,I,1,item,3,"1 Studiază posterul. Numește un fapt istoric, care ar justifica îndemnul de a vota personalitatea menționată în sursă. Argumentează răspunsul. Inscripție: Alege din nou Roosevelt 2 3",!Teste examene 2016 - 2024/2021/Esantion/09_ist_test2_ro_es21.pdf,pdfs/2021-esantion-test-2.pdf#page=3
9,2021-esantion-test-2-i-2,2021-esantion-test-2,2021,Esantion,Test 2,I.2,I,2,item,3,2 Studiază afișul propagandistic. Formulează o caracteristică specifică procesului de colectivizare forțată. Argumentează răspunsul cu trimitere la sursă. Inscripție: Să alungăm culacii din colhoz 2 3,!Teste examene 2016 - 2024/2021/Esantion/09_ist_test2_ro_es21.pdf,pdfs/2021-esantion-test-2.pdf#page=3
9,2021-esantion-test-2-i-3,2021-esantion-test-2,2021,Esantion,Test 2,I.3,I,3,item,3,"3 Studiază timbrul poștal. Determină importanța istorică a personalității prezentate în conținut. Argumentează răspunsul cu trimitere la sursă. Inscripție: Ion Inculeț, 100 ani de la Unirea Basarabiei cu România 2 3",!Teste examene 2016 - 2024/2021/Esantion/09_ist_test2_ro_es21.pdf,pdfs/2021-esantion-test-2.pdf#page=3
9,2021-esantion-test-2-i-4,2021-esantion-test-2,2021,Esantion,Test 2,I.4,I,4,item,3,"4 Studiază tabelul. Compară evoluția economică a României cu a altor țări în perioada interbelică. Argumentează răspunsul cu trimitere la sursă. Tabel: Venitul na țional în dolari pe cap de locuitor, 1938 , Țara Venitul național Marea Britanie 512 Iugoslavia 106 România 110 Polonia 94 Bulgaria 89 Turcia 62 2 3",!Teste examene 2016 - 2024/2021/Esantion/09_ist_test2_ro_es21.pdf,pdfs/2021-esantion-test-2.pdf#page=3
9,2021-esantion-test-2-ii-all,2021-esantion-test-2,2021,Esantion,Test 2,II.all,II,all,section,4,"SUBIECTUL al II-lea (23 de puncte) Studiază materialul suport și realizează sarcinile propuse. SURSA A. REPERE CRONOLOGICE 1922 – instaurarea regimului fascist în Italia 1933 – venirea la putere a partidului nazist condus de Hitler în Germania 1936 – remilitarizarea Zonei Renane 11-12.03.1938 - Anexarea Austriei de Germania nazista (Anschlussul) 29-30.09.1938 –Acordul de la München 23.09.1939 - Semnarea Pactului Ribbentrop - Molotov SURSA B. „[…] Art. 1. Evacuarea va începe pe 1 octombrie. Art. 2. Regatul Unit, Fran ța și Italia convin ca evacuarea teritoriului în cauz ă va trebui să fie terminată la 10 octombrie. Art. 4. Ocuparea progresivă de către trupele Reich -ului a teritoriilor în care predomină germani va începe la 1 octombrie.[…] Art. 6. Determinarea finală a frontierelor se va face de către Comisia Interna țională a celor patru puteri: Germania, Regatul Unit, Fran ța și Italia, în anumite cazuri exepționale, ea va recomanda modificări de mică importanță la determinarea strict etnografică a zonelor Transferabile.” (Acordul de la Munchen, 29-30 septembrie 1938) SURSA C. “Art. I. În eventualitatea unor rearanjamente politice şi teritoriale în regiunile ce aparţin Stat elor Baltice (Finlanda, Estonia, Letonia, Lituania), hotarul de nord al Lituaniei va reprezenta hotarul sferelor de influenţă ale Germaniei şi U.R.S.S. În această privinţă interesul pentru Lituania în regiunea Vilna este recunoscut de ambele părţi. Art. II. În eventualitatea unor rearanjamente politice şi teritoriale în regiunile ce aparţin Poloniei, sferele de influenţă ale Germaniei şi ale U.R.S.S. vor fi limitate conform liniei râurilor Narev, Vistula şi San.(...) Art. III. Privitor la Sud -estul Europei, atenţia este atrasă de căt re partea Sovietică privitor la interesul acesteia în Basarabia. Partea Germană declară dezinteresul politic total în această regiune. (...) ” (Protocolul Adițional Secret al Pactului Ribbentrop-Molotov,1939) SURSA D. „... De ce l -au ajutat Ch amberlain și Daladier pe Hitler s ă-și atingă scopul? Sperau să -l liniștească dându-i o parte de Cehoslovacia. Vroiau să direc ționeze agresiunea Germaniei înspre Est, spre URSS... drept rezultat, URSS era singură în fa ța amenințării naziste crescânde. În această situa ție, URSS a trebuit să încheie un tratat de neagresiune cu Germania ... care i -a oferit URSS timp să -și întărească apărarea. (după R. Rees, The Modern World, 1996) Nr. Item Scor Utilizează sursa A și cunoștințele obținute anterior. 1 Numește evenimentul istoric care demonstrează politica externă agresivă a Germaniei naziste Utilizează sursa B și cunoștințele obținute anterior. 2 Explică de ce Acordul de la München a fost calificat drept o „cârdășie” 2 Utilizează sursele A, B, C, D și cunoștințele obținute anterior. 3 Explică termenul Conciliatorism. 2 Utilizează sursa C și cunoștințele obținute anterior. 4 Determină două consecințe ale Pactului Ribbentrop – Molotov asupra relațiilor internaționale interbelice. Consecința 1: Consecința 2: 2 3 4 Utilizează sursa C, D și cunoștințele obținute anterior. 5 Identifică doi factori favorabili apropierii germano-sovietice în perioada interbelică. Explică răspunsul. 1. 2. 2 3 4 Utilizează sursele A, B, C și D și cunoștințele obținute anterior. 6 Numește o personalitate care a influențat relațiile internaționale interbelice, reflectate în surse. Formulează două argumente. Personalitatea: 2 3 1. 2. 4 5 7 Exprimă-ți opinia: Politica c onciliatoristă a Marilor Puteri a stimulat expansionismul Germaniei naziste? Formulează două argumente. 1. 2. 2 3 4 5",!Teste examene 2016 - 2024/2021/Esantion/09_ist_test2_ro_es21.pdf,pdfs/2021-esantion-test-2.pdf#page=4
9,2021-esantion-test-2-ii-1,2021-esantion-test-2,2021,Esantion,Test 2,II.1,II,1,item,5,1 Numește evenimentul istoric care demonstrează politica externă agresivă a Germaniei naziste L 0,!Teste examene 2016 - 2024/2021/Esantion/09_ist_test2_ro_es21.pdf,pdfs/2021-esantion-test-2.pdf#page=5
9,2021-esantion-test-2-ii-2,2021-esantion-test-2,2021,Esantion,Test 2,II.2,II,2,item,5,2 Explică de ce Acordul de la München a fost calificat drept o „cârdășie”,!Teste examene 2016 - 2024/2021/Esantion/09_ist_test2_ro_es21.pdf,pdfs/2021-esantion-test-2.pdf#page=5
9,2021-esantion-test-2-ii-3,2021-esantion-test-2,2021,Esantion,Test 2,II.3,II,3,item,5,3 Explică termenul Conciliatorism.,!Teste examene 2016 - 2024/2021/Esantion/09_ist_test2_ro_es21.pdf,pdfs/2021-esantion-test-2.pdf#page=5
9,2021-esantion-test-2-ii-4,2021-esantion-test-2,2021,Esantion,Test 2,II.4,II,4,item,5,4 Determină două consecințe ale Pactului Ribbentrop – Molotov asupra relațiilor internaționale interbelice. Consecința 1: Consecința 2: 2 3,!Teste examene 2016 - 2024/2021/Esantion/09_ist_test2_ro_es21.pdf,pdfs/2021-esantion-test-2.pdf#page=5
9,2021-esantion-test-2-ii-5,2021-esantion-test-2,2021,Esantion,Test 2,II.5,II,5,item,5,5 Identifică doi factori favorabili apropierii germano-sovietice în perioada interbelică. Explică răspunsul. 1. 2. 2 3,!Teste examene 2016 - 2024/2021/Esantion/09_ist_test2_ro_es21.pdf,pdfs/2021-esantion-test-2.pdf#page=5
9,2021-esantion-test-2-ii-6,2021-esantion-test-2,2021,Esantion,Test 2,II.6,II,6,item,5,"6 Numește o personalitate care a influențat relațiile internaționale interbelice, reflectate în surse. Formulează două argumente. Personalitatea: 2 3 1. 2. 4 5",!Teste examene 2016 - 2024/2021/Esantion/09_ist_test2_ro_es21.pdf,pdfs/2021-esantion-test-2.pdf#page=5
9,2021-esantion-test-2-ii-7,2021-esantion-test-2,2021,Esantion,Test 2,II.7,II,7,item,6,7 Exprimă-ți opinia: Politica c onciliatoristă a Marilor Puteri a stimulat expansionismul Germaniei naziste? Formulează două argumente. 1. 2. 2 3 4 5,!Teste examene 2016 - 2024/2021/Esantion/09_ist_test2_ro_es21.pdf,pdfs/2021-esantion-test-2.pdf#page=6
9,2021-esantion-test-2-iii-essay,2021-esantion-test-2,2021,Esantion,Test 2,III.essay,III,essay,essay,6,"SUBIECTUL al III-lea (15 puncte) Studiază sursele A-C. SURSA A. a) „ A considera necesar, în primul rând din considerente politice, organizarea popula ției moldovenești într-o republică autonomă aparte în componen ța RSS Ucrainene și a propune CC al PCU să elaboreze directivele corespunzătoare organelor sovietice ucrainene. b) A propune Comitetului Central al Partidului Comunist din Ucraina, timp de o lună, de a face o comunicare în Biroul politic al Comitetului Central al Partidului Comunist 9bol șevic) din Rusia despre starea lucrurilor privitor la organizarea Republicii Autonome Moldovenești” (Hotărârea biroului politic al Comitetului Central al partidului Comunist (bolșevic) din Rusia Despre RASS Moldovenească, 29 iulie 1924) SURSA B. “... În pornirea dict aturii bolșevice de a întemeia o lume nou ă, bazată pe criterii de clasă și de ur ă de clasă, fostei RASS Moldovenești i s-a rezervat un loc aparte. ... Deși prezentată ca o entitate de stat autonomă, RASS Moldovenească a fost, în realitate, un „cap de pod„ în planurile expansioniste sovietice, evoluând din 1924 până în 1940 spre îngustarea drastică a caracteristicilor proprii unei pretinse entită ți de stat, spre statutul unei regiuni obișnuite a Ucrainei Sovietice.” (din Raportul analitic al Comisiei pentru studierea și aprecierea regimului comunist totalitar din R. Moldova, 2010 ) SURSA C. „""Crearea acestei republici va genera o serie întregă de consecinţe de ordin intern (din punctul de vedere al intereselor nemijlocite ale URSS) şi internaţional (...). 2. Republica Moldovenească ar putea juca acelaşi rol de factor politico -propagandistic pe care îl joacă Republica Bielorusă faţă de Polonia şi cea Carelă - faţă de Finlanda. Ea ar focaliza atenţia şi simpatia populaţiei basara bene şi ar crea pretexte evidente în pretenţiile alipirii la Republica Moldovenească a Basarabiei. Din acest punct de vedere devine imperioasă necesitatea de a se crea anume o republică socialistă, şi nu o regiune autonomă în componenţa URSS. Unirea terito riilor de pe ambele părţi ale Nistrului ar servi drept breşă strategică a URSS faţă de Balcani şi faţă de Europa central, pe care URSS le-ar putea folosi drept cap de pod în scopuri militare şi politice. (...)” (Memoriu cu privire la necesitatea creării Republicii Autonome Sovietice Socialiste Moldoveneşti (RASSM) (1924) Item Scor Utilizează sursele pentru a argumenta, într -un text coerent, afirma ția: Crearea RASS Moldovenești a avut consecințe social-politice de lungă durată. Notă: În elaborarea textului vei respecta următoarele criterii: -Redactează un text coerent: introducere, cuprins, concluzie -Utilizează sursele -Formulează cel puțin trei argumente -Utilizează limbajul istoric - Formulează un mesaj corect din punct de vedere științific. 2 2 3 2 3 4 5 6 7 2",!Teste examene 2016 - 2024/2021/Esantion/09_ist_test2_ro_es21.pdf,pdfs/2021-esantion-test-2.pdf#page=6
9,2021-pretestare-test-i-1,2021-pretestare-test,2021,Pretestare,,I.1,I,1,item,3,1. Studiază fotografia. Numește evenimentul istoric redat în imagine . Argumentează răspunsul cu trimitere la sursă. _____________________________________ _____________________________________ _____________________________________ _____________________________________ _____________________________________ _____________________________________ _____________________________________ Reprezentanții ”Consilului delor Patru” _____________________________________________________________________________ _____________________________________________________________________________ 2 3,!Teste examene 2016 - 2024/2021/Pretestare/09_ist_test_ro_pr21.pdf,pdfs/2021-pretestare-test.pdf#page=3
9,2021-pretestare-test-i-2,2021-pretestare-test,2021,Pretestare,,I.2,I,2,item,3,"2. Formulează, utilizînd diagrama, o concluzie despre ponderea minorităților etnice în România interbelică. Argumentează răspunsul cu trimitere la sursă. ______________________________________ ______________________________________ ______________________________________ ______________________________________ ______________________________________ ______________________________________ Componența etnică a populației României (1930) _____________________________________________________________________________ ___________________________________________________________________________ 2 3",!Teste examene 2016 - 2024/2021/Pretestare/09_ist_test_ro_pr21.pdf,pdfs/2021-pretestare-test.pdf#page=3
9,2021-pretestare-test-i-3,2021-pretestare-test,2021,Pretestare,,I.3,I,3,item,3,3 Studiază coperta revistei. Determină o consecință a evenimentului istoric prezentat în titlul de pe copertă. Argumentează răspunsul cu trimitere la sursă. 2 3,!Teste examene 2016 - 2024/2021/Pretestare/09_ist_test_ro_pr21.pdf,pdfs/2021-pretestare-test.pdf#page=3
9,2021-pretestare-test-i-4,2021-pretestare-test,2021,Pretestare,,I.4,I,4,item,3,4 Studiază imaginea. Formulează scopul edificării monumentului din imagine. Argumentează răspunsul . Complexul memorial ”Eternitatea” din Chișinău 2 3,!Teste examene 2016 - 2024/2021/Pretestare/09_ist_test_ro_pr21.pdf,pdfs/2021-pretestare-test.pdf#page=3
9,2021-pretestare-test-ii-all,2021-pretestare-test,2021,Pretestare,,II.all,II,all,section,4,"SUBIECTUL al II-lea (23 de puncte) Studiază materialul suport și realizează sarcinile propuse. SURSA A. REPERE CRONOLOGICE 1919: fondarea Societății/ Ligii Națiunilor 10.09.1919: semnare a Tratatului de Pace cu Austria (Saint-Germain) 1920: semnarea Tratatului de Pace cu Ungaria (Trianon) 1928: semnarea Pactului Briand – Kellogg 1934: semnarea Înțelegerii Balcanice 11-12.03.1938: anexarea Austriei („Anschluss- ul”) 29-30.09.1938: Acordul de la München 23.03.1939: semnarea Pactului Ribbentrop- Molotov SURSA B. ”Art.80, 81, 87: Germania recunoaște independenţa şi frontierele Austriei, Cehoslovaciei, Poloniei. Art.119: Germania renunță la drepturile ei asupra coloniilor. Art.160: Armata germană nu poate depăşi cifra de 100 000 de oameni. Art.173: Serviciul militar este abolit. Art.198: Forțele militare ale Germaniei nu vor trebui să cuprindă nici o aviaţie militară sau marină. Art.231: Germania recunoaște că ea și aliații ei sunt responsabili de toate pierderile și sacrificiile.” (Extrase din Tratatul de la Versailles, 28 iunie 1919) SURSA C. ” Pactul Kellogg -Briand, o inițiativă comună franco -americană, propunea con damnarea folosirii războiului ca modalitate de rezolvare a conflictelor dintre state și rezolvarea acestor dispute prin metode pacifiste. Deși a fost aplaudat drept o inițiativă diplomatică remarcabilă, Pactul a fost, în fond, un eșec: el nu a impus sancțiuni în cazul încălcării principiilor sale fundamentale, astfel că statelor semnatare le-a fost ușor, la momentul convenabil, să încalce Pactul . În contextul apropierii dintre Italia şi Germania, dar mai ales datorită obsesivei dorinţe de a evita o înfrunta re militară europeană cu consecinţe dezastruoase , liderii Marilor Puteri occidentale s -au limitat la a protesta diplomatic faţă de anexările produse, fapt care contravenea angajamentelor existente.” (H. Kissinger, Diplomația, 2008) SURSA D. “Pacea instau rată la sfârșitul Primului Război Mondial a fost o pace fragilă, amenințată de numeroase neînțelegeri manifestate între marile puteri. Instaurarea regimurilor totalitare într -o serie de state europene a încurajat atitudinea revizionistă față de ordinea și pacea instaurate prin tratatele de pace semnate la Paris. S -a adăugat atitudinea conciliatoristă a Franței și Angliei față de pretențiile tot mai mari ale revizionismului german, precum și ineficiența sancțiunilor morale și economice aplicate de Societatea Națiunilor în cazul încălcării prevederilor tratatelor.” (E. Bold, I. Ciupercă, Europa în derivă, 2001 ) Nr. Item Punctaj Utilizează sursa A și cunoștințele obținute anterior. 1 Numește un tratat care a constituit parte componentă a Sistemului de la Versailles. Utilizează sursa B, C, D și cunoștințele obținute anterior. 2 Formulează o caracteristică a relațiilor internaționale din perioada interbelică. 2 Utilizează sursele A și C și cunoștințele obținute anterior. 3 Explică termenul Pact. 2 Utilizează sursele A, B, D și cunoștințele obținute anterior. 4 Determină două consecințe ale prevederilor Tratatului de la Versailles pentru evoluția relațiilor internaționale interbelice. Consecința 1. Consecința 2. ___________________________________________________________________ __________________________________________________________________ 2 3 4 Utilizează sursa A și cunoștințele obținute anterior. 5 Identifică în sursa A două acțiuni ale statelor europene pentru consolidarea securității colective. Explică răspunsul. 1. 2. 2 3 4 Utilizează sursele A, B, C și D și cunoștințele obținute anterior. 6 Numește o personalitate care a influențat relațiile internaționale interbelice reflectate în surse. Formulează două argumente. Personalitatea: 1. 2 3 4 5 2. 7 Exprimă-ți opinia: Prin Sistemul de la Versailles s-au pus bazele unei păci trainice sau fragile? Formulează două argumente. 1. 2. 2 3 4 5",!Teste examene 2016 - 2024/2021/Pretestare/09_ist_test_ro_pr21.pdf,pdfs/2021-pretestare-test.pdf#page=4
9,2021-pretestare-test-ii-1,2021-pretestare-test,2021,Pretestare,,II.1,II,1,item,5,1 Numește un tratat care a constituit parte componentă a Sistemului de la Versailles. L 0,!Teste examene 2016 - 2024/2021/Pretestare/09_ist_test_ro_pr21.pdf,pdfs/2021-pretestare-test.pdf#page=5
9,2021-pretestare-test-ii-2,2021-pretestare-test,2021,Pretestare,,II.2,II,2,item,5,2 Formulează o caracteristică a relațiilor internaționale din perioada interbelică.,!Teste examene 2016 - 2024/2021/Pretestare/09_ist_test_ro_pr21.pdf,pdfs/2021-pretestare-test.pdf#page=5
9,2021-pretestare-test-ii-3,2021-pretestare-test,2021,Pretestare,,II.3,II,3,item,5,3 Explică termenul Pact.,!Teste examene 2016 - 2024/2021/Pretestare/09_ist_test_ro_pr21.pdf,pdfs/2021-pretestare-test.pdf#page=5
9,2021-pretestare-test-ii-4,2021-pretestare-test,2021,Pretestare,,II.4,II,4,item,5,4 Determină două consecințe ale prevederilor Tratatului de la Versailles pentru evoluția relațiilor internaționale interbelice. Consecința 1. Consecința 2. ___________________________________________________________________ __________________________________________________________________ 2 3,!Teste examene 2016 - 2024/2021/Pretestare/09_ist_test_ro_pr21.pdf,pdfs/2021-pretestare-test.pdf#page=5
9,2021-pretestare-test-ii-5,2021-pretestare-test,2021,Pretestare,,II.5,II,5,item,5,5 Identifică în sursa A două acțiuni ale statelor europene pentru consolidarea securității colective. Explică răspunsul. 1. 2. 2 3,!Teste examene 2016 - 2024/2021/Pretestare/09_ist_test_ro_pr21.pdf,pdfs/2021-pretestare-test.pdf#page=5
9,2021-pretestare-test-ii-6,2021-pretestare-test,2021,Pretestare,,II.6,II,6,item,5,6 Numește o personalitate care a influențat relațiile internaționale interbelice reflectate în surse. Formulează două argumente. Personalitatea: 1. 2 3 4 5 2.,!Teste examene 2016 - 2024/2021/Pretestare/09_ist_test_ro_pr21.pdf,pdfs/2021-pretestare-test.pdf#page=5
9,2021-pretestare-test-ii-7,2021-pretestare-test,2021,Pretestare,,II.7,II,7,item,6,7 Exprimă-ți opinia: Prin Sistemul de la Versailles s-au pus bazele unei păci trainice sau fragile? Formulează două argumente. 1. 2. 2 3 4 5,!Teste examene 2016 - 2024/2021/Pretestare/09_ist_test_ro_pr21.pdf,pdfs/2021-pretestare-test.pdf#page=6
9,2021-pretestare-test-iii-essay,2021-pretestare-test,2021,Pretestare,,III.essay,III,essay,essay,6,"SUBIECTUL al III-lea (15 puncte) Studiază sursele A-D. TERMEN: Pluralism politic – ordine politică și juridică ce permite forțelor social -politice să manifeste diferite interese și opinii într-o confruntare liberă. SURSA A. „Art.33. Toate puterile statului emană de la naţiune , care nu le poate exercita dec ât numai prin delegaţiune şi după principiile şi regulile aşezate în Constituţiunea de faţă. Art. 34. Puterea legislativă se exercită colectiv de către rege şi reprezentaţiunea naţională. Orice lege cere învoirea a celor trei ramuri ale puterii legiuitoare. Nici o lege nu poate fi supusă sancţiunii regale decâ t după ce se va fi discutată şi votată liber de majoritatea ambelor adunări.” (Extras din Constituţia română adoptată în anul 1923) SURSA B. ”Sistemul politic din perioada interbelică s -a caracterizat printr -un ""boom"" al partidelor, specific pluripartidismului şi, totodată, pluralismului politic legiferat prin noua Constituţie a României din 1923 /…/ Pe scena politică românească interbelică Partidul Național Liberal s -a aflat permanent în concurenţă cu Partidul Național Tărănesc, format în 1926 prin fuziu nea Partidului Naţional Român conduc de I.Maniu şi Partidul Ţărănesc condus de I.Mihalache”. (Ion Irimia, Regimul politic românesc) SURSA C. ” Reforma agrară a fost apreciată drept „reforma pozitivă cea mai simţită”, „piatra de temelie a activităţii Statului român” în Basarabia. /.../ În rezultatul trecerii de la marea proprietate latifundiară la mica gospodărie ţărănească, a fost puternic stimulat interesul ţăranului pentru folosirea mai bună a pământului, pentru ameliorarea mijloacelor şi metodelor de cultură/… / Reforma agrară a contribuit la mărirea şi consolidarea proprietăţii ţărăneşti bazate pe munca săteanului, a familiei sale şi a marcat o considerabilă creştere a standardului de viaţă a ţăranului. (Enciu Nicolae, Reforma agrară și evoluția agriculturii basarabene în perioada dintre cele două războaie mondiale) SURSA D. ”România dispunea de importante bogății miniere, pe baza cărora s-a dezvoltat o industrie extractivă de mare însemnătate. România era cea mai mare producătoare de petrol și aur din Europa /.../ea dispunea și de cărbune, gaz metan, m inereu de argint, cupru, fier, sare. Industria minieră a devenit cea mai importantă ramură industrială a țării.” (L. Bathory, Modernizarea industriei miniere și metalurgice din țările Europei Centrale în perioada interbelică) Item Punctaj Utilizează sursele pentru a argumenta, într -un text coerent, afirmația: Între cele două războaie mondiale România a realizat o dezvoltare amplă în domeniul economic, politic și social. Notă: În elaborarea textului vei respecta următoarele criterii: -Redactează un text coerent: introducere, cuprins, concluzie -Utilizează sursele -Formulează cel puțin trei argumente -Utilizează limbajul istoric - Formulează un mesaj corect din punct de vedere științific. 2 2 3 2 3 4 5 6 7 2",!Teste examene 2016 - 2024/2021/Pretestare/09_ist_test_ro_pr21.pdf,pdfs/2021-pretestare-test.pdf#page=6
9,2021-sesiunea-de-baza-test-i-1,2021-sesiunea-de-baza-test,2021,Sesiunea de baza,,I.1,I,1,item,3,1 Studiază coperta cărții. Numește un fapt istoric pe care autorul îl poate utiliza pentru a justifica titlul lucrării. Argumentează răspunsul. 2 3,!Teste examene 2016 - 2024/2021/Sesiunea de baza/09_ist_test_ro_sb_21.pdf,pdfs/2021-sesiunea-de-baza-test.pdf#page=3
9,2021-sesiunea-de-baza-test-i-2,2021-sesiunea-de-baza-test,2021,Sesiunea de baza,,I.2,I,2,item,3,2 Studiază imaginea. Formulează motivul edificării monumentului din imagine. Argumentează răspunsul. Monumentul domnitorului Ștefan cel Mare și Sfânt din Chișinău 2 3,!Teste examene 2016 - 2024/2021/Sesiunea de baza/09_ist_test_ro_sb_21.pdf,pdfs/2021-sesiunea-de-baza-test.pdf#page=3
9,2021-sesiunea-de-baza-test-i-3,2021-sesiunea-de-baza-test,2021,Sesiunea de baza,,I.3,I,3,item,3,3 Studiază fotografia. Determină importanța istorică a personalității reprezentate. Argumentează răspunsul folosind un fapt istoric. 2 3,!Teste examene 2016 - 2024/2021/Sesiunea de baza/09_ist_test_ro_sb_21.pdf,pdfs/2021-sesiunea-de-baza-test.pdf#page=3
9,2021-sesiunea-de-baza-test-i-4,2021-sesiunea-de-baza-test,2021,Sesiunea de baza,,I.4,I,4,item,3,4 Studiază diagrama. Formulează o concluzie despre ponderea minorităților etnice în Basarabia interbelică. Argumentează răspunsul. _______________________________ _______________________________ _______________________________ _______________________________ _______________________________ _______________________________ _______________________________ Componența etnică a populației Basarabiei (1930) 2 3,!Teste examene 2016 - 2024/2021/Sesiunea de baza/09_ist_test_ro_sb_21.pdf,pdfs/2021-sesiunea-de-baza-test.pdf#page=3
9,2021-sesiunea-de-baza-test-ii-all,2021-sesiunea-de-baza-test,2021,Sesiunea de baza,,II.all,II,all,section,4,"SUBIECTUL al II-lea (23 de puncte) Studiază materialul suport și realizează sarcinile propuse. SURSA A. REPERE CRONOLOGICE 23.08.1939 - semnarea Pactului Ribbentrop - Molotov 01.09.1939 – începutul celui de-al Doilea Război Mondial 22.06.1940 – capitularea Franței 22.06.1941 – atacul german asupra URSS 07.12.1941 – atacul japonez asupra SUA la Pearl Harbor 02.02.1943 – victoria sovieticilor la Stalingrad 08.05.1945 – semnarea Actului de capitulare a Germaniei 02.09.1945 – capitularea Japoniei. Sfârșitul celui de-al Doilea Război Mondial SURSA B. „[...] Tratatul de la Versailles dictat Germaniei de către Puterile învingătoare în Primul Război Mondial conținea elemente de răzbunare și umili re, fapt inadmisibil în relațiile dintre țări. Germania a fost declarată principalul stat responsabil de izbucnirea războiului, fiind lipsită de colonii, de unele teritorii din Europa cu populație formată preponderen t din nemți. Guvernului German i-a fost remisă nota de plată pentru reparații. [...] În Germania au luat naștere numeroase formațiuni politice animate de spiritul revanșard. [...] Izbucnirea celui de-al Doilea Război Mondial a fost cauzată de eșecul politicii de conciliere a guvernelor Marii Britanii și a Franței. [...]”. ( Petrencu A. „Istoria universală. Epoca contemporană”) SURSA C. „Avem concetățeni care au luptat pe ambele părți ale baricadei în cel de -al Doilea Război Mondial. Așa încât, celebrând vi ctoria unora, se cuvine să nu lezăm demnitatea altora. Apoi, mai important: nu putem uita că perioada postbelică pentru Moldova, spre deosebire de națiunile din Vestul continentului, a însemnat instaurarea unui regim totalitar. Noi nu am avut o autentică eliberare. De aceea, eu consider că 9 mai ar trebui să fie o zi de comemorare a victimelor războiului, o zi a reculegerii și a recursului la istorie”. (scriitorul Vitalie Ciobanu despre comemorarea zilei de 9 mai) SURSA D. „În acest război au luptat 1, 7 miliarde de oameni, adică ¾ din populația lumii. Războiul a cauzat moartea a cca 55 mln. de oameni și distrugeri materiale incalculabile. [...] Ca rezultat al zdrobirii fasci smului german, este eliberată întreaga Europ ă. Deoarece partea de vest a continentului a fost eliberată de către armatele aliaților, acolo după război s -au păstrat regimurile democratice. În Europa de est, eliberată de către Armata Roșie, regimurile erau totalmente dependente de Statul Sovietic și aici treptat s -au instaurat regimuri totalitare după modelul sovietic. Autoritățile sovietice s -au amestecat în treburile interne ale țărilor est -europene și le -au impus modelul propriu de dezvoltare”. (Nazaria S. „Istoria Universală. Epoca Contemporană”) Nr. Item Punctaj Utilizează sursa A și cunoștințele obținute anterior. 1 Identifică limitele cronologice ale celui de-al Doilea Război Mondial 2 Utilizează sursa B și cunoștințele obținute anterior. 2 Formulează o cauză a celui de-al Doilea Război Mondial 2 Utilizează sursele A, D și cunoștințele obținute anterior. 3 Explică termenul Război total 2 Utilizează sursa C și cunoștințele obținute anterior. 4 Explică de ce ziua de 9 mai trebuie să fie „zi de comemorare a victimelor războiului, o zi a reculegerii și a recursului la istorie”. ___________________________________________________________________ ___________________________________________________________________ 2 3 Utilizează sursa D și cunoștințele obținute anterior. 5 Numește două consecințe ale celui de-al Doilea Război Mondial. Explică răspunsul. Consecința 1. Consecința 2. 2 3 4 Utilizează sursele A, B, C și D și cunoștințele obținute anterior. 6 Numește o personalitate istorică care a influențat mersul celui de-al Doilea Război Mondial. Formulează două argumente. Personalitatea: 1. 2 3 4 2. 5 7 Exprimă-ți opinia: Consecințele celui de al Doilea Război Mondial au schimbat radical soarta popoarelor din Europa de Est. Formulează două argumente. 2 3 4 5",!Teste examene 2016 - 2024/2021/Sesiunea de baza/09_ist_test_ro_sb_21.pdf,pdfs/2021-sesiunea-de-baza-test.pdf#page=4
9,2021-sesiunea-de-baza-test-ii-1,2021-sesiunea-de-baza-test,2021,Sesiunea de baza,,II.1,II,1,item,5,1 Identifică limitele cronologice ale celui de-al Doilea Război Mondial,!Teste examene 2016 - 2024/2021/Sesiunea de baza/09_ist_test_ro_sb_21.pdf,pdfs/2021-sesiunea-de-baza-test.pdf#page=5
9,2021-sesiunea-de-baza-test-ii-2,2021-sesiunea-de-baza-test,2021,Sesiunea de baza,,II.2,II,2,item,5,"2 Utilizează sursele A, D și cunoștințele obținute anterior.",!Teste examene 2016 - 2024/2021/Sesiunea de baza/09_ist_test_ro_sb_21.pdf,pdfs/2021-sesiunea-de-baza-test.pdf#page=5
9,2021-sesiunea-de-baza-test-ii-3,2021-sesiunea-de-baza-test,2021,Sesiunea de baza,,II.3,II,3,item,5,3 Utilizează sursa D și cunoștințele obținute anterior.,!Teste examene 2016 - 2024/2021/Sesiunea de baza/09_ist_test_ro_sb_21.pdf,pdfs/2021-sesiunea-de-baza-test.pdf#page=5
9,2021-sesiunea-de-baza-test-ii-4,2021-sesiunea-de-baza-test,2021,Sesiunea de baza,,II.4,II,4,item,5,"4 Explică de ce ziua de 9 mai trebuie să fie „zi de comemorare a victimelor războiului, o zi a reculegerii și a recursului la istorie”. ___________________________________________________________________ ___________________________________________________________________ 2",!Teste examene 2016 - 2024/2021/Sesiunea de baza/09_ist_test_ro_sb_21.pdf,pdfs/2021-sesiunea-de-baza-test.pdf#page=5
9,2021-sesiunea-de-baza-test-ii-5,2021-sesiunea-de-baza-test,2021,Sesiunea de baza,,II.5,II,5,item,5,5 Numește două consecințe ale celui de-al Doilea Război Mondial. Explică răspunsul. Consecința 1. Consecința 2. 2 3,!Teste examene 2016 - 2024/2021/Sesiunea de baza/09_ist_test_ro_sb_21.pdf,pdfs/2021-sesiunea-de-baza-test.pdf#page=5
9,2021-sesiunea-de-baza-test-ii-6,2021-sesiunea-de-baza-test,2021,Sesiunea de baza,,II.6,II,6,item,5,6 Numește o personalitate istorică care a influențat mersul celui de-al Doilea Război Mondial. Formulează două argumente. Personalitatea: 1. 2 3 4 2. 5,!Teste examene 2016 - 2024/2021/Sesiunea de baza/09_ist_test_ro_sb_21.pdf,pdfs/2021-sesiunea-de-baza-test.pdf#page=5
9,2021-sesiunea-de-baza-test-ii-7,2021-sesiunea-de-baza-test,2021,Sesiunea de baza,,II.7,II,7,item,6,7 Exprimă-ți opinia: Consecințele celui de al Doilea Război Mondial au schimbat radical soarta popoarelor din Europa de Est. Formulează două argumente. 2 3 4 5,!Teste examene 2016 - 2024/2021/Sesiunea de baza/09_ist_test_ro_sb_21.pdf,pdfs/2021-sesiunea-de-baza-test.pdf#page=6
9,2021-sesiunea-de-baza-test-iii-essay,2021-sesiunea-de-baza-test,2021,Sesiunea de baza,,III.essay,III,essay,essay,6,"SUBIECTUL al III-lea (15 puncte) Studiază sursele A-C. Termen: Oscilare - Mișcare alternativă în sensuri opuse. SURSA A. „Primul Război mondial a lovit puternic atât economia României, cât și cea a Basarabiei. Orientarea economică antebelică și caracterul economic agrar al economiei basarabene au afectat putrnic redresarea economică a provinciei, redresare sesizabilă în restul României, începând cu anul 1923. Ruperea definitivă a legăturilor economice, comerciale și de transport cu Rusia, tarifele ridicate în calea realizării mărfurilor din Basarabia pe piețele românești și europene, precum și caracterul îngust, unilateral al pieței basarabene au avut un rol hotărâtor asupra evoluției nefaste a economiei basarabene în cadrul României întregite”. (O.Țîcu, Relațiile româno-sovietice în perioada interbelică) SURSA B. „[…] Analiza documentelor de arhivă mărturisește despre faptul, că în perioada interbelică, mai ales în anii 1920, au fost eliberate întreprinzătorilor zeci de licențe pentru deschiderea activităților industriale. Atunci și-au început activitatea uzinele de producere a gheții artificiale, de teracotă și de cărămizi, fabricile de vată, de tricotaje, de tăbăcire și de colorare a blănurilor, de confecționare a poșetelor de damă din Chișinău, fabrica de zahăr, turnătoria de fontă, uzina mecanică și de reparații, un șir de ateliere în Bălți, fabrica de confecționare a ambalajelor de lemn din Tighina, un șir de mori, fabrici de ulei ș.a. De regulă, toate aceste întreprinderi erau de dimensiuni mici, lucrau cu materia primă de pe loc și producția lor era destinată, în primul rînd, consumului local”. (A.Moraru, Istoria Românilor, Basarabia și Transnistria, 1812-1993) SURSA C. „În pofida fac torilor defavorabili, agricultura basarabeană interbelică a reuşit să obţină anual cantităţi mari de produse agricole. Producţia a variat la cereale între 1,5 – 3,0 mln. tone, la vin între 1,5 – 3,2 mln. decalitri etc.; faţă de celelalte ţinuturi româneşti , Basarabia ocupa primul loc la cultura plantelor, fructelor şi viţei de vie. [...] În calculul judecăţii reformei agrare nu pot intra doar tonele de cereale realizate imediat după înfăptuirea acesteia, ci trebuie adăugate, chiar evidenţiate, câştigurile materiale şi spirituale ale ţărănimii împroprietărite, câştiguri care au fost apreciabile şi cu multiple consecinţe pozitive asupra ţărănimii”. (N.Enciu, Evoluţia agriculturii basarabene în perioada dintre cele două războaie mondiale) Item Punctaj Utilizează sursele pentru a argumenta, într-un text coerent, afirmația: Evoluția economică a Basarabiei în cadrul României Mari a oscilat între progrese și limite. Notă: În elaborarea textului vei respecta următoarele criterii: - Folosește sursele propuse; - Respectă coerența textului cu structura: introducere, cuprins, concluzie; - Formulează cel puțin trei argumente; - Utilizează limbajul istoric; - Formulează un mesaj corect din punct de vedere științific. 2 2 3 2 3 4 5 6 7 2",!Teste examene 2016 - 2024/2021/Sesiunea de baza/09_ist_test_ro_sb_21.pdf,pdfs/2021-sesiunea-de-baza-test.pdf#page=6
9,2021-suplimentara-test-i-1,2021-suplimentara-test,2021,Suplimentara,,I.1,I,1,item,3,"1 Studiază posterul. Numește un fapt istoric, care justifică îndemnul de a vota personalitatea menționată în sursă. Argumentează răspunsul. Inscripție: „ Alege din nou Roosevelt” 2 3",!Teste examene 2016 - 2024/2021/Suplimentara/09_ist_test_ro_ss_21.pdf,pdfs/2021-suplimentara-test.pdf#page=3
9,2021-suplimentara-test-i-2,2021-suplimentara-test,2021,Suplimentara,,I.2,I,2,item,3,2 Studiază fotografia. Formulează o caracteristică a crizei economice din 1929-1933. Argumentează răspunsul. Inscripție: „ Caut un loc de muncă decent” 2 3,!Teste examene 2016 - 2024/2021/Suplimentara/09_ist_test_ro_ss_21.pdf,pdfs/2021-suplimentara-test.pdf#page=3
9,2021-suplimentara-test-i-3,2021-suplimentara-test,2021,Suplimentara,,I.3,I,3,item,3,3 Studiază afișul. Apreciază contribuția personalității nominalizate pentru dezvoltarea culturii. Argumentează răspunsul. 2 3,!Teste examene 2016 - 2024/2021/Suplimentara/09_ist_test_ro_ss_21.pdf,pdfs/2021-suplimentara-test.pdf#page=3
9,2021-suplimentara-test-i-4,2021-suplimentara-test,2021,Suplimentara,,I.4,I,4,item,3,4 Studiază harta. Determină scopul urmărit de către diplomația română prin crearea alianțelor regionale în perioada interbelică. Argumentează răspunsul. Alianța Mica Antantă 2 3,!Teste examene 2016 - 2024/2021/Suplimentara/09_ist_test_ro_ss_21.pdf,pdfs/2021-suplimentara-test.pdf#page=3
9,2021-suplimentara-test-ii-all,2021-suplimentara-test,2021,Suplimentara,,II.all,II,all,section,4,"SUBIECTUL al II-lea (23 de puncte) Studiază materialul suport și realizează sarcinile propuse. SURSA A. REPERE CRONOLOGICE 23.08.1939 - semnarea Pactului Ribbentrop-Molotov 1944 – reinstaurarea regimului sovietic în Basarabia 1946-1947 – foametea în RSSM 1949 – deportări în masă ale populației RSSM în regiunile estice ale URSS SURSA B. „Art. I. În eventualitatea unor rearanjamente politice şi teritoriale în regiunile ce aparţin Statelor Baltice (Finlanda, Estonia, Letonia, Lituania), hotarul de nord al Lituaniei va reprezenta hotarul sferelor de influenţă ale Germaniei şi U.R.S.S. […]. Art. III. Privitor la Sud -estul Europei, atenţia este atra să de către partea Sovietică privitor la interesul acesteia în Basarabia. Partea Germană declară dezinteresul politic total în această regiune”. (Din Protocolul Adițional Secret al Pactului Ribbentrop-Molotov,1939) SURSA C. „Comitetele executive, au sup us la impozitul agricol, în conformitate cu hotăr ârea Consiliului de Mini ștri al RSSM din 30 august 1947 , 10.154 de gospodării ch iaburești care: au folosit permanent muncitori năimi ți; au folosit sistematic în agricultur ă ori me șteșugărit muncitori sezonieri năimi ți, au folosit sistematic munca altor țărani; aveau sistematic venituri de la moară, oloiniță, râ șniță și alte întreprinderi; au practicat cump ărarea în scopul revânză rii, comer țului ori cămătăriei”. (Din Informație privind rezultatele identificării și supunerii la impozitul agricol a gospodăriilor chiaburești în 1947 în RSSM) SURSA D. „Un efect scontat al deportării din 1949 a fost înregimentarea accelerată şi masivă a ţăranilor în colhozuri, aşa -numita colectivizare sau „ofensivă decisivă a soc ialismului asupra satului”. Legarea ţăranului de glia colhoznică, prin dictatul regimului bolşevic, a avut drept urmare lichidarea proprietăţii private şi pierderea sentimentului de iniţiativă economică la sate . Odată cu încheierea colectivizării, a fost instituit un mecanism special al relaţiilor de producere şi repartiţie, mecanism care permitea statului sovietic să controleze în totalitate producţia agricolă, ţăranii primind de la stat doar minimul necesar pentru a supravieţui şi a munci din greu pe terenurile colhoznice”. ( Comisia pentru studierea şi aprecierea regimului comunist totalitar din Republica Moldova) Nr. Item Punctaj Utilizează sursa A și cunoștințele obținute anterior. 1 Identifică două evenimente importante care au urmat după reinstaurarea regimului sovietic în Basarabia. 2 Utilizează sursele A, B și cunoștințele obținute anterior. 2 Determină un obiectiv urmărit de către semnatarii Pactului Ribbentrop-Molotov. 2 Utilizează sursa C și cunoștințele obținute anterior. 3 Explică termenul chiabur. 2 Utilizează sursele C, D și cunoștințele obținute anterior. 4 Explică cum supunerea la impozitul agricol a gospodăriilor chiabure ști, a influiențat procesul de colectivizare. ___________________________________________________________________ ___________________________________________________________________ 2 3 Utilizează sursele C, D și cunoștințele obținute anterior. 5 Numește două consecințe ale ale colectivizarii. Explică răspunsul. Consecința 1. Consecința 2. 2 3 4 Utilizează sursa B și cunoștințele obținute anterior. 6 Numește o personalitate istorică care a contribuit la semnarea Pactului Ribbentrop- Molotov. Apreciază rolul personalității formulând două argumente. Personalitatea: 1. 2 3 4 2. 5 7 Exprimă-ți opinia: Deportările au contribuit la accelerarea procesului de colectivizare? Formulează două argumente. 2 3 4 5",!Teste examene 2016 - 2024/2021/Suplimentara/09_ist_test_ro_ss_21.pdf,pdfs/2021-suplimentara-test.pdf#page=4
9,2021-suplimentara-test-ii-1,2021-suplimentara-test,2021,Suplimentara,,II.1,II,1,item,5,1 Identifică două evenimente importante care au urmat după reinstaurarea regimului sovietic în Basarabia.,!Teste examene 2016 - 2024/2021/Suplimentara/09_ist_test_ro_ss_21.pdf,pdfs/2021-suplimentara-test.pdf#page=5
9,2021-suplimentara-test-ii-2,2021-suplimentara-test,2021,Suplimentara,,II.2,II,2,item,5,2 Determină un obiectiv urmărit de către semnatarii Pactului Ribbentrop-Molotov.,!Teste examene 2016 - 2024/2021/Suplimentara/09_ist_test_ro_ss_21.pdf,pdfs/2021-suplimentara-test.pdf#page=5
9,2021-suplimentara-test-ii-3,2021-suplimentara-test,2021,Suplimentara,,II.3,II,3,item,5,"3 Utilizează sursele C, D și cunoștințele obținute anterior.",!Teste examene 2016 - 2024/2021/Suplimentara/09_ist_test_ro_ss_21.pdf,pdfs/2021-suplimentara-test.pdf#page=5
9,2021-suplimentara-test-ii-4,2021-suplimentara-test,2021,Suplimentara,,II.4,II,4,item,5,"4 Explică cum supunerea la impozitul agricol a gospodăriilor chiabure ști, a influiențat procesul de colectivizare. ___________________________________________________________________ ___________________________________________________________________ 2",!Teste examene 2016 - 2024/2021/Suplimentara/09_ist_test_ro_ss_21.pdf,pdfs/2021-suplimentara-test.pdf#page=5
9,2021-suplimentara-test-ii-5,2021-suplimentara-test,2021,Suplimentara,,II.5,II,5,item,5,5 Numește două consecințe ale ale colectivizarii. Explică răspunsul. Consecința 1. Consecința 2. 2 3,!Teste examene 2016 - 2024/2021/Suplimentara/09_ist_test_ro_ss_21.pdf,pdfs/2021-suplimentara-test.pdf#page=5
9,2021-suplimentara-test-ii-6,2021-suplimentara-test,2021,Suplimentara,,II.6,II,6,item,5,6 Numește o personalitate istorică care a contribuit la semnarea Pactului Ribbentrop- Molotov. Apreciază rolul personalității formulând două argumente. Personalitatea: 1. 2 3 4 2. 5,!Teste examene 2016 - 2024/2021/Suplimentara/09_ist_test_ro_ss_21.pdf,pdfs/2021-suplimentara-test.pdf#page=5
9,2021-suplimentara-test-ii-7,2021-suplimentara-test,2021,Suplimentara,,II.7,II,7,item,6,7 Exprimă-ți opinia: Deportările au contribuit la accelerarea procesului de colectivizare? Formulează două argumente. 2 3 4 5,!Teste examene 2016 - 2024/2021/Suplimentara/09_ist_test_ro_ss_21.pdf,pdfs/2021-suplimentara-test.pdf#page=6
9,2021-suplimentara-test-iii-essay,2021-suplimentara-test,2021,Suplimentara,,III.essay,III,essay,essay,6,"SUBIECTUL al III-lea (15 puncte) Studiază sursele A-C. TERMEN: Sistemul de la Versailles - noua ordine interna țională edificată de statele învingătoare după primul război mondial prin semnarea tratatelor de pace cu statele învinse. SURSA A. „... Acesta este deci programul de pace pentru întreaga lume, care este și programul nostru […]. Convenții de pac e, pregătite la lumina zilei: nu vor mai fi în țelegeri particulare și secrete de niciun fel între na țiuni, ci diplomația va proceda întotdeauna d eschis și în v ăzul tuturor. […] Suprimarea, pe cât posibil, a tuturor barierelor economice și stabilirea de condiții comerciale egale pentru toate na țiunile ce consimt la pace și se asociaz ă pentru a o men ține. Garanții suficiente pentru reducerea armamentelor fiecărei țări la minimul compatibil cu securitatea interioară”. (Din ”Cele 14 puncte”, program elaborat de președintele american W.Wilson, 1918) SURSA B. „ Art.428. Ca o garanţie pentru executarea tratatului de faţă Germania, teritoriul german, situat la Vest de Rin, […] va fi ocupat de trupele aliate şi asociate, pentru o perioadă de 15 ani […]. Art. 434. Germania se angajează să recunoască forţa deplină a tratatelor de pace şi a convenţiilor suplimentare, […] a recunoaşte orice dispoziţii făcut e cu privire la teritoriile fostei monarhii Austro - Ungare, a Regatului Bulgariei şi a Imperiului Otoman şi să recunoască noile state în limitele frontierelor lor […]. Art. 440. Germania acceptă şi recunoaşte ca fiind valabile şi obligatorii toate decretele şi ordinele privind navele germane şi plata cheltuielilor efectuate de către Puterile Aliate şi Asociate şi se angajează în numele cetăţenilor săi să nu prezinte careva pretenţii legate de aceste decizii”. (Tratatul de la Versailles, 28 iunie 1919) SURSA C. „Totuşi, poate că felul în care a fost „dictat” tratatul a jignit Germania cel mai mult. Delegaţii Germaniei au fost excluşi de la orice discuţie şi apoi au fost convocaţi ca nişte „prizonieri aduşi să audă sentinţa”, după cum îşi aminteşte un dipl omat englez. Mai mult decât atât, semnarea tratatului a avut loc în Sala Oglinzilor de la Versailles, loc unde fusese proclamată constituirea naţiunii germane în 1871, ceea ce părea o alegere intenţionată şi simbolică din partea francezilor, ce transmitea „un sentiment de răzbunare pentru insulta care le fusese adusă” în acel an”. (V. Brendon, Primul război mondial 1914-1918) Item Punctaj Utilizează sursele pentru a argumenta, într-un text coerent, afirma ția: „Noua pace europeană stabilită de către Sistemul de la Versailles s-a dovedit a fi fragilă”. Notă: În elaborarea textului vei respecta următoarele criterii: - Folosește sursele propuse; - Respectă coerența textului cu structura: introducere, cuprins, concluzie; - Formulează cel puțin trei argumente; - Utilizează limbajul istoric; - Formulează un mesaj corect din punct de vedere științific. 2 2 3 2 3 4 5 6 7 2",!Teste examene 2016 - 2024/2021/Suplimentara/09_ist_test_ro_ss_21.pdf,pdfs/2021-suplimentara-test.pdf#page=6
9,2022-esantion-test-1-i-1,2022-esantion-test-1,2022,Esantion,Test 1,I.1,I,1,item,3,1 Studiază coperta cărții. Numește un fapt istoric pe care autorul îl poate utiliza pentru a justifica titlul cărții. Argumentează răspunsul. 2 3,!Teste examene 2016 - 2024/2022/Esantion/09_ist_test1_ro_es22.pdf,pdfs/2022-esantion-test-1.pdf#page=3
9,2022-esantion-test-1-i-2,2022-esantion-test-1,2022,Esantion,Test 1,I.2,I,2,item,3,"2 Studiază imaginea. Numește o ramură industrială dezvoltată în perioada interbelică în România. Argumentează răspunsul. Locomotiva ”Regele Ferdinand” uzina Reșița, România, 1926 2 3",!Teste examene 2016 - 2024/2022/Esantion/09_ist_test1_ro_es22.pdf,pdfs/2022-esantion-test-1.pdf#page=3
9,2022-esantion-test-1-i-3,2022-esantion-test-1,2022,Esantion,Test 1,I.3,I,3,item,3,3 Studiază timbrul poștal. Apreciază importanța personalității reprezentate pentru cultura națională. Argumentează răspunsul. 2 3,!Teste examene 2016 - 2024/2022/Esantion/09_ist_test1_ro_es22.pdf,pdfs/2022-esantion-test-1.pdf#page=3
9,2022-esantion-test-1-i-4,2022-esantion-test-1,2022,Esantion,Test 1,I.4,I,4,item,3,4 Studiază tabelul. Determină o cauză a schimbării indicatorilor economici în această perioadă. Argumentează răspunsul. Tabelul: Schimbarea indicatorilor economici 1929-1932 2 3,!Teste examene 2016 - 2024/2022/Esantion/09_ist_test1_ro_es22.pdf,pdfs/2022-esantion-test-1.pdf#page=3
9,2022-esantion-test-1-ii-all,2022-esantion-test-1,2022,Esantion,Test 1,II.all,II,all,section,4,"SUBIECTUL al II-lea (23 de puncte) Studiază materialul suport și realizează sarcinile propuse. SURSA A. REPERE CRONOLOGICE 1922 - Marșul fasciștilor italieni spre Roma 1926 – Formarea guvernului Unității Naționale a Franței în frunte cu R. Poincare 1928 – Reforma electorală în Marea Britanie prin care femeile au primit dreptul la vot 1929 – 1933 - Marea criză economică 1933 - Numirea lui Adolf Hitler în postul de cancelar al Germaniei 1939 – Începutul celui de-al Doilea Război Mondial SURSA B: „În statele democratice din perioada interbelică a funcţionat principiul separarării puterilor. Parlamentarismul a continuat să fie o trăsătură caracteristică importantă în aceste ţări. Sistemul lor politic era pluripartit şi erau organizate alegeri libere, pe baza votului universal. Libertatea presei şi respectarea drepturilor cetăţenilor au fost alte trăsături ale regimurilor democr atice. Perioada interbelică a fost marcată şi de lupta de emancipare a femeilor, care s -au implicat în viaţa economică. Totuşi, doar în unele ţări acestea au obţinut drepturi politice egale cu bărbaţii. În anii 1922-1928, lumea a cunoscut o perioadă de dez voltare economică. Marea criză economică (1929 - 1933) a putut fi depăşită prin aplicarea unor politici economice complexe.” (Pierre Milza, Serge Bernstein, Istoria secolului XX ,Bucureşti, 1998, vol.I) SURSA C: „Regimurile politice totalitare au fost opus e celor democratice. Regimurile totalitare aveau trăsături comune. Ideologia comunistă susţinea că reprez entă interesele proletariatului, dar, în realitate, era dictatura partidului comunist, a nomenclaturii. Cea fascistă accentua ro lul statului şi supunerea indivizilor faţă de acesta, iar naţional -socialismul era o ideologie naţional istă, rasistă şi antisemită. În cadrul regimurilor de extremă -dreaptă, apărute ca reacţie la comunism, e conomia de piaţă a continuat să existe, dar statul intervenea în cadrul ei, pentru a controla tensiunile sociale.” (Ewan Murray, Shut Up: Tale of Totalitarianism, 2005) SURSA D: „Dacă primul mandat a lui Roosevelt a fost absorbit de criză, al doilea mandat a fost dominat de probleme internaționale. La început, conștient de atașamentul americanilor față de izolaționism, Roosevelt lasă Congresul să voteze legea neutralității (1935). Apoi, neliniștit de agresiunea germană, italiană și japoneză, amenință aceste țări cu punerea în carantină (1937) [...] Roosevelt refuză totuși să ajute Franța sfâșiată și slăbită, în 1940[...]. Reales în 1940 cu o majoritate redusă, decide să ajute Marea Britanie , rămasă singură în luptă, făcând Congresul să voteze legea armamentului (Lend-Lease), extinsă în 1941 și la URSS, angajând industria americană în pr oducția de război.” (Dominique Vallaud, Dicționar istoric, București, 2008) Nr. Item Punctaj Utilizează sursa A și cunoștințele obținute anterior. 1 Identifică două evenimente importante pentru evoluția regimurilor totalitare în perioada interbelică. 2 Utilizează sursele A, C și cunoștințele obținute anterior. 2 Formulează o cauză a instaurării regimurilor totalitare din perioada interbelică. 2 Utilizează sursa D și cunoștințele obținute anterior. 3 Explică termenul Izolaționism. 2 Utilizează sursa B și cunoștințele obținute anterior. 4 Explică scopul luptei de emancipare a femeilor în perioada interbelică. 2 3 Utilizează sursele A, B și cunoștințele obținute anterior. 5 Determină două consecințe ale menținerii regimurilor democratice în perioada interbelică. Explică răspunsul. Consecința 1. Consecința 2. 2 3 4 Utilizează sursa D și cunoștințele obținute anterior. 6 Numește o personalitate istorică ce a condus SUA în perioada celui de-al Doilea Război Mondial. Argumentează, în două idei, rolul acestei personalități în istorie. Personalitatea: 1. 2 3 4 5 2. 7 Exprimă-ți opinia: Regimurile totalitare interbelice aveau trăsături comune? Formulează două argumente. 2 3 4 5",!Teste examene 2016 - 2024/2022/Esantion/09_ist_test1_ro_es22.pdf,pdfs/2022-esantion-test-1.pdf#page=4
9,2022-esantion-test-1-ii-1,2022-esantion-test-1,2022,Esantion,Test 1,II.1,II,1,item,5,1 Identifică două evenimente importante pentru evoluția regimurilor totalitare în perioada interbelică.,!Teste examene 2016 - 2024/2022/Esantion/09_ist_test1_ro_es22.pdf,pdfs/2022-esantion-test-1.pdf#page=5
9,2022-esantion-test-1-ii-2,2022-esantion-test-1,2022,Esantion,Test 1,II.2,II,2,item,5,2 Formulează o cauză a instaurării regimurilor totalitare din perioada interbelică.,!Teste examene 2016 - 2024/2022/Esantion/09_ist_test1_ro_es22.pdf,pdfs/2022-esantion-test-1.pdf#page=5
9,2022-esantion-test-1-ii-3,2022-esantion-test-1,2022,Esantion,Test 1,II.3,II,3,item,5,"3 Utilizează sursele A, B și cunoștințele obținute anterior.",!Teste examene 2016 - 2024/2022/Esantion/09_ist_test1_ro_es22.pdf,pdfs/2022-esantion-test-1.pdf#page=5
9,2022-esantion-test-1-ii-4,2022-esantion-test-1,2022,Esantion,Test 1,II.4,II,4,item,5,4 Explică scopul luptei de emancipare a femeilor în perioada interbelică. 2,!Teste examene 2016 - 2024/2022/Esantion/09_ist_test1_ro_es22.pdf,pdfs/2022-esantion-test-1.pdf#page=5
9,2022-esantion-test-1-ii-5,2022-esantion-test-1,2022,Esantion,Test 1,II.5,II,5,item,5,5 Determină două consecințe ale menținerii regimurilor democratice în perioada interbelică. Explică răspunsul. Consecința 1. Consecința 2. 2 3,!Teste examene 2016 - 2024/2022/Esantion/09_ist_test1_ro_es22.pdf,pdfs/2022-esantion-test-1.pdf#page=5
9,2022-esantion-test-1-ii-6,2022-esantion-test-1,2022,Esantion,Test 1,II.6,II,6,item,5,"6 Numește o personalitate istorică ce a condus SUA în perioada celui de-al Doilea Război Mondial. Argumentează, în două idei, rolul acestei personalități în istorie. Personalitatea: 1. 2 3 4 5 2.",!Teste examene 2016 - 2024/2022/Esantion/09_ist_test1_ro_es22.pdf,pdfs/2022-esantion-test-1.pdf#page=5
9,2022-esantion-test-1-ii-7,2022-esantion-test-1,2022,Esantion,Test 1,II.7,II,7,item,6,7 Exprimă-ți opinia: Regimurile totalitare interbelice aveau trăsături comune? Formulează două argumente. 2 3 4 5,!Teste examene 2016 - 2024/2022/Esantion/09_ist_test1_ro_es22.pdf,pdfs/2022-esantion-test-1.pdf#page=6
9,2022-esantion-test-1-iii-essay,2022-esantion-test-1,2022,Esantion,Test 1,III.essay,III,essay,essay,6,"SUBIECTUL al III-lea (15 puncte) Studiază sursele A-C. SURSA A. „Articolul II. […] proprietățile ce sunt expuse exproprierii trec asupra statului, libere de orice obligațiuni sau orice sarcini de orice natură. Articolul III. Se vor expropria în întregime: a) Proprietățile imobiliare (rurale, urbane) ce aparțin haznalei (statului), udelurilor (coroanei), băncilor țărănești și mănăstirilor din străinătate; b) Proprietățile imobiliare rurale ale supușilor străini […]. Articolul V. Se vor expropria pământurile mănăstirilor locale, lăsându-se fiecărei mănăstiri câte 50 ha pământ cultivabil, viile și grădinile de pomi roditori.” (Din Legea de reformă agrară pentru Basarabia, votată de Parlamentul României la 11 martie 1920, ) SURSA B. „Specificul reformei agrare basarabene a constat nu atât în prevederile legislației agrare, cât în aplicarea acetora. Mecanismul de aplicare a fost unul greoi, din cauza dificitului de pământ și a numărului mare de țărani cu drept de împroprietărire, dar și a lipsei unui cadru legislativ , prin aplicarea căruia statul să sprijine proaspătul proprietar […]. În Basarabia au fost expropriate de fapt pământurile ocupate cu forța de țărani în urma mișcărilor țărănești din anii 1917-1918, care, în final, urmau să devină proprietatea de drept și de fapt. Lotul de împroprietărire în Basarabia a fost mai mic decât prevedea legea, din cauza insuficienței acute de pământ și a cererii ridicate pentru acesta comparativ cu alte regiuni ale României.” (Svetlana Suveică, Basarabia în primul deceniu interbelic (1918-1929). Modernizare prin reforme.) SURSA C. ”Cu toată rentabilitatea redusă a loturilor, cu toate dificultăţile şi lipsurile prin care avea să treacă ţărănimea mai târziu, situaţia materială a țăranilor a început să se schimbe. În câţiva ani de zile după război au dispărut acoperişurile de paie care mai existau ici -colo înainte de împroprietărire. Mulţi ţărani îşi trimiteau copiii la şcoli în oraşe şi o generaţie nouă de intelectuali se ridica din sate. Erau urmările pozitive ale acestei reforme.” (Alexandra Georgescu, Cum s-a aplicat reforma agrară din 1921// Adevărul.ro) Item Punctaj Utilizează sursele pentru a argumenta, într-un text coerent, afirmația: Reforma agrară din 1921 a contribuit la modernizarea societății românești. Notă: În elaborarea textului vei : - folosi sursele propuse; - respecta coerența textului cu structura: introducere, cuprins, concluzie; - formula cel puțin trei argumente; - utiliza în argumentare referințe cu privire la personalități sau repere cronologice; - formula un mesaj corect din punct de vedere științific. 2 2 3 2 3 4 5 6 7 2",!Teste examene 2016 - 2024/2022/Esantion/09_ist_test1_ro_es22.pdf,pdfs/2022-esantion-test-1.pdf#page=6
9,2022-esantion-test-2-i-1,2022-esantion-test-2,2022,Esantion,Test 2,I.1,I,1,item,3,"1 Studiază imaginea. Numește faptul istoric în memoria căruia s-a ridicat acest monument. Argumentează răspunsul. Memorialul Păcii din Hirosima, Japonia 2 3",!Teste examene 2016 - 2024/2022/Esantion/09_ist_test2_ro_es22.pdf,pdfs/2022-esantion-test-2.pdf#page=3
9,2022-esantion-test-2-i-2,2022-esantion-test-2,2022,Esantion,Test 2,I.2,I,2,item,3,2 Studiază coperta cărții. Numește o reformă realizată în Basarabia în perioada interbelică. Argumentează răspunsul. Basarabia în primul deceniu interbelic (1918-1929) Modernizare prin reforme 2 3,!Teste examene 2016 - 2024/2022/Esantion/09_ist_test2_ro_es22.pdf,pdfs/2022-esantion-test-2.pdf#page=3
9,2022-esantion-test-2-i-3,2022-esantion-test-2,2022,Esantion,Test 2,I.3,I,3,item,3,3 Studiază coperta cărții. Determină importanța istorică a personalității din imagine. Argumentează răspunsul. Franklin D. Roosevelt și Noul Curs 2 3,!Teste examene 2016 - 2024/2022/Esantion/09_ist_test2_ro_es22.pdf,pdfs/2022-esantion-test-2.pdf#page=3
9,2022-esantion-test-2-i-4,2022-esantion-test-2,2022,Esantion,Test 2,I.4,I,4,item,3,"4 Studiază tabelul. Comp ară evoluția economică a României cu a altor țări în perioada interbelică. Argumentează răspunsul. Tabel: Venitul național pe cap de locuitor (dolari), 1938 Țara Venitul național Marea Britanie 512 Iugoslavia 106 România 110 Polonia 94 Bulgaria 89 Turcia 62 2 3",!Teste examene 2016 - 2024/2022/Esantion/09_ist_test2_ro_es22.pdf,pdfs/2022-esantion-test-2.pdf#page=3
9,2022-esantion-test-2-ii-all,2022-esantion-test-2,2022,Esantion,Test 2,II.all,II,all,section,4,"SUBIECTUL al II-lea (23 de puncte) Studiază materialul suport și realizează sarcinile propuse. REPERE CRONOLOGICE (A). 1919 - Semnarea Tratatului de Pace cu Austria (Saint-Germain) 1920 - Semnarea Tratatului de Pace cu Ungaria (Trianon) 1920 - Semnarea Tratatului de la Paris privitor la Basarabia 1924 - Conferința sovieto-română de la Viena 1924 - Crearea RASSM 1938 - Anexarea Austriei („Anschluss-ul”) 1939 - Semnarea Tratatului de neagresiune sovieto-german SURSA B: „În politica externă, forțele politice românești s -au străduit să creeze un regim de securitate europeană și sud-est-europeană care să garanteze, sub egida Societății Națiunilor, menținerea statu - quo-lui în Europa și implicit a României Mari, așa cum rezultase ea în urma sistemului versaillez. […] Diplomaţia română este activă şi originală. Un rol important în impulsionarea ei îl are Nicolae Titulescu, un diplomat de excepţie, prin personalitatea căruia România ocupă un rol importa nt în Societatea Naţiunilor […]. În această intenţie, de a crea un sistem de securitate colectivă, Titulescu restabileşte relaţiile diplomatice cu Uniunea Sovietică în 1934, iar în 1936 poartă convorbiri cu Litvinov, ministrul sovietic de externe, pentru un tratat cu URSS […]. […] România și -a bazat securitatea pe acest sistem de alianțe la a cărui creare contribuise. Exclusiv pe acest sistem […]. Faptul a fost o greșeală. Pentru că tot acest edificiu diplomatic a rezistat atâta timp cât au rezistat marile democrații o ccidentale pe care se sprijinea. Când însă echilibrul între marile puteri europene s -a năruit, odată cu expansiunea fascismului în Europa, a căzut și sistemul de apărare al României.” (Ion Bulei, Scrută istorie a românilor) SURSA C: Alianțele politico-militare ale României: Mica Înțelegere (1921), Înțelegerea Balcanică (1934) Nr. Item Punctaj Utilizează sursa B și cunoștințele obținute anterior. 1 Explică semnificația termenului politică externă. 2 2 Identifică în reperele cronologice (A) două documente ce atestă recunoașterea diplomatică a României Mari. 1. 2. 2 3 Identifică opinia autorului despre activitatea diplomației române în perioada interbelică. 4 Caracterizează relațiile româno-sovietice: până la 1934________________________________________________________ după 1934__________________________________________________________ ___________________________________________________________________ 2 3 4 Utilizează sursa C și cunoștințele obținute anterior. 5 Descrie, utilizând hărțile, două alianțe regionale concepute de diplomația română în cadrul sistemului de securitate sud-est-europeană din perioada interbelică. Alianța 1: Alianța 2: 2 3 4 Utilizează sursele A,B,C și cunoștințele obținute anterior. 6 Apreciază activitatea diplomatului Nicolae Titulescu. Formulează două argumente. 2 3 4 5 7 Apreciază pro/ contra afirmația autorului sursei B: Diplomaţia română este activă şi originală. Formulează două argumente. 2 3 4 5",!Teste examene 2016 - 2024/2022/Esantion/09_ist_test2_ro_es22.pdf,pdfs/2022-esantion-test-2.pdf#page=4
9,2022-esantion-test-2-ii-1,2022-esantion-test-2,2022,Esantion,Test 2,II.1,II,1,item,5,1 Explică semnificația termenului politică externă. 2,!Teste examene 2016 - 2024/2022/Esantion/09_ist_test2_ro_es22.pdf,pdfs/2022-esantion-test-2.pdf#page=5
9,2022-esantion-test-2-ii-2,2022-esantion-test-2,2022,Esantion,Test 2,II.2,II,2,item,5,2 Identifică în reperele cronologice (A) două documente ce atestă recunoașterea diplomatică a României Mari. 1. 2. 2,!Teste examene 2016 - 2024/2022/Esantion/09_ist_test2_ro_es22.pdf,pdfs/2022-esantion-test-2.pdf#page=5
9,2022-esantion-test-2-ii-3,2022-esantion-test-2,2022,Esantion,Test 2,II.3,II,3,item,5,3 Identifică opinia autorului despre activitatea diplomației române în perioada interbelică. 4 Caracterizează relațiile româno-sovietice: până la 1934________________________________________________________ după 1934__________________________________________________________ ___________________________________________________________________ 2 3,!Teste examene 2016 - 2024/2022/Esantion/09_ist_test2_ro_es22.pdf,pdfs/2022-esantion-test-2.pdf#page=5
9,2022-esantion-test-2-ii-4,2022-esantion-test-2,2022,Esantion,Test 2,II.4,II,4,item,5,"4 Utilizează sursele A,B,C și cunoștințele obținute anterior.",!Teste examene 2016 - 2024/2022/Esantion/09_ist_test2_ro_es22.pdf,pdfs/2022-esantion-test-2.pdf#page=5
9,2022-esantion-test-2-ii-5,2022-esantion-test-2,2022,Esantion,Test 2,II.5,II,5,item,5,"5 Descrie, utilizând hărțile, două alianțe regionale concepute de diplomația română în cadrul sistemului de securitate sud-est-europeană din perioada interbelică. Alianța 1: Alianța 2: 2 3",!Teste examene 2016 - 2024/2022/Esantion/09_ist_test2_ro_es22.pdf,pdfs/2022-esantion-test-2.pdf#page=5
9,2022-esantion-test-2-ii-6,2022-esantion-test-2,2022,Esantion,Test 2,II.6,II,6,item,5,6 Apreciază activitatea diplomatului Nicolae Titulescu. Formulează două argumente. 2 3 4 5,!Teste examene 2016 - 2024/2022/Esantion/09_ist_test2_ro_es22.pdf,pdfs/2022-esantion-test-2.pdf#page=5
9,2022-esantion-test-2-ii-7,2022-esantion-test-2,2022,Esantion,Test 2,II.7,II,7,item,5,7 Apreciază pro/ contra afirmația autorului sursei B: Diplomaţia română este activă şi originală. Formulează două argumente. 2 3 4 5,!Teste examene 2016 - 2024/2022/Esantion/09_ist_test2_ro_es22.pdf,pdfs/2022-esantion-test-2.pdf#page=5
9,2022-esantion-test-2-iii-essay,2022-esantion-test-2,2022,Esantion,Test 2,III.essay,III,essay,essay,6,"SUBIECTUL al III-lea (15 puncte) Studiază sursele A-C. SURSA A. “Investițiile la bursă au fost văzute drept o cale ușoară de îmbogățire și se estimează că în orice moment al per ioadei 1925-1929, cel puțin 4 milioane de americani dețineau acțiuni la bursă. Drept rezultat, s-a ajuns la declinul treptat al prețurilor, în octombrie 1929, investitorii și -au pierdut încrederea, iar balonul de săpun al bursei de valori s -a spart. Panica vânzărilor s-a declanșat în Joia Neagră, 24 octombrie 1929, când, la bursa din New York se vând 12.894.650 de acțiuni. Deoarece declinul a fost atât de dramatic, acest eveniment a rămas cunoscut ca Marele Crah din 1929. Prin sistemul de vase comunicante c are lega SUA de celelalte state ale lumii, întreaga economie mondială a început să fie afectată.” (http://www.academia.edu/Marea-Criza-Din-Anii-1929-1933) SURSA B. „La 24 octombrie 1929, în ""Vinerea neagră"", brokerii de la Bursa New York au ieșit cu hainele rupte (...) Cursul acțiunilor se prăbușise. Acesta a fost semnalul care anunța națiunilor începutul crizei mondiale, unul dintre cele mai mari evenimente ale istoriei prin conseci nțele produse. (...) Criza a atins întreaga lume. Muncitorul și metalurgistul american din Pittsburg, plantatorul brazilian de cafea, artizanul din Paris și bancherul din Londra, toți au fost loviți de criză”. (Paul Regnaud, deputat francez) SURSA C. “[...] “Criza prețurilor” s -a făcut simțită la nivelul comerțului exterior, prin scăderea impresionantă a prețurilor produselor exportate de România pe piețele internaționale: cereale, petrol, lemn, vite. Când se vorbește de scăderea prețurilor, percepția populației este că se întâmplă un lucru bun, dar a urmat „ criza veniturilor”. [...] Toți cei care exportau atât producătorii agricoli, cât și cei din industrie, au suferit o cădere a veniturilor. [...] Anul 1929 a fost un an agricol foarte bun. [...] Dar, dint r-o producție mare s -au obținut venituri mici. Pentru că nu au mai putut să exporte, producătorii [...] nu și-au mai acoperit cheltuielile de producție, fapt ce a determinat apariția „crizei de consum”. A urmat „criza producției”, scăzând puterea de cumpărare și consumul. Comerțul a fost destabilizat, volumul vânzărilor a scăzut (…).Cu depozitele pline de marfă și fără cumpărători, fabricanții nu mai investeau în materii prime și în mână de lucru, a fost „ criza locurilor de muncă”. (Mugur Isărescu, Considerații privind Marea Criză Economică din 1929 – 1933) Item Punctaj Utilizează sursele pentru a argumenta, într -un text coerent, afirma ția: Criza economică mondială din 1929-1933 a declanșat schimbări decisive în istoria omenirii. Notă: În elaborarea textului vei : - folosi sursele propuse; - respecta coerența textului cu structura: introducere, cuprins, concluzie; - formula cel puțin trei argumente; - utiliza în argumentare referințe cu privire la personalități sau repere cronologice; - formula un mesaj corect din punct de vedere științific. 2 2 3 2 3 4 5 6 7 2",!Teste examene 2016 - 2024/2022/Esantion/09_ist_test2_ro_es22.pdf,pdfs/2022-esantion-test-2.pdf#page=6
9,2022-pretestare-test-i-1,2022-pretestare-test,2022,Pretestare,,I.1,I,1,item,3,1 Studiază imaginea. Numește un fapt istoric în memoria căruia a fost denumită această stradă. Argumentează răspunsul. Strada „31 august 1989” or. Chișinău 2 3,!Teste examene 2016 - 2024/2022/Pretestare/09_ist_test_ro_pr22.pdf,pdfs/2022-pretestare-test.pdf#page=3
9,2022-pretestare-test-i-2,2022-pretestare-test,2022,Pretestare,,I.2,I,2,item,3,2 Studiază coperta cărții. Determină un eveniment istoric pe care autorul îl poate utiliza pentru a justifica titlul cărții. Argumentează răspunsul. „Problema Basarabiei și relațiile soviet o-române în perioada interbelică” 2 3,!Teste examene 2016 - 2024/2022/Pretestare/09_ist_test_ro_pr22.pdf,pdfs/2022-pretestare-test.pdf#page=3
9,2022-pretestare-test-i-3,2022-pretestare-test,2022,Pretestare,,I.3,I,3,item,3,3 Studiază timbrul poștal. Apreciază importanța personalității reprezentate pentru cultura națională. Argumentează răspunsul. 2 3,!Teste examene 2016 - 2024/2022/Pretestare/09_ist_test_ro_pr22.pdf,pdfs/2022-pretestare-test.pdf#page=3
9,2022-pretestare-test-i-4,2022-pretestare-test,2022,Pretestare,,I.4,I,4,item,3,"4 Studiază tabelul. Formulează o concluzie cu privire la evoluția economică a Basarabiei în perioada interbelică. Argumentează răspunsul. Tabel: Contribuție PIB în Basarabia interbelică Ramuri economice Pondere (%) Industrie 3,1% Agricultură 86,5% Sectorul bancar și comerțul 3,5% Servicii 6,6% Altele 0,3% 2 3",!Teste examene 2016 - 2024/2022/Pretestare/09_ist_test_ro_pr22.pdf,pdfs/2022-pretestare-test.pdf#page=3
9,2022-pretestare-test-ii-all,2022-pretestare-test,2022,Pretestare,,II.all,II,all,section,4,"SUBIECTUL al II-lea (23 de puncte) Studiază materialul suport și realizează sarcinile propuse. REPERE CRONOLOGICE (SURSA A.) 1918 - Declararea celor 14 puncte ale lui W. Wilson 1919 - Semnarea Tratatului de Pace cu Austria (Saint-Germain) 1919 – Crearea Ligii Națiunilor 1920 - Semnarea Tratatului de Pace cu Ungaria (Trianon) 1920 – Conferința de Pace de la Paris 1921- 1922 – Conferința de la Washington SURSA B. „Art. 173. Orice fel de serviciu militar general obligatoriu va fi desființat în Germania. Armata germană nu va putea fi constituită și recrutată decât prin angajări voluntare. […] Art. 180. Toate fortărețele, fortificațiile și locurile întărite, situate pe teritoriul german, la estul unei linii trasate la 50 kilometri est de Rin, vor fi dezarmate și dărâmate. […] Art. 231 . Guvernele aliate și asociate declară, iar Germania recunoaște, că Germania și aliații săi sunt răspunzători – pentru că le-au cauzat – de toate pierderile și de toate daunele suferite de guvernele aliate și asociate, precum și de națiunile lor, ca urmare a războiului ce le -a fost impus prin agresiunea Germaniei și a aliaților săi[…] Art.235. […] în cursul anilor 1919 și 1920, precum și în primele patru luni ale anului 1921, Germania va plăti echivalentul a 20 de miliarde mărci aur, în vărsămintele și în condițiile pe care le va fixa Comisia reparațiilor .” (Extrase din Tratatul de la Versailles, 28 iunie 1919) SURSA C. SURSA D. Nr. Item Punctaj Utilizează sursa A și cunoștințele obținute anterior. 1 Identifică un tratat component al Sistemului de la Versailles. Utilizează sursa B și cunoștințele obținute anterior. 2 Explică termenul tratat. 2 3 Explică contextul în care a fost semnat Tratatul de la Versailles din 28 iunie 1919. 2 4 Formulează două consecințe ale Tratatul de la Versailles pentru dezvoltarea Germaniei. Consecința 1: Consecința 2: 2 3 4 Utilizează sursele C, D și cunoștințele obținute anterior. 5 Descrie două schimbări pe harta politică a Europei, conform Sistemului de la Versailles, pentru: 1) România 2) Polonia 2 3 4 Utilizează sursele propuse și cunoștințele obținute anterior. 6 Numește o personalitatea istorică, membru al „Consiliului celor patru”, implicat în semnarea Tratatului de la Versailles. Formulează două argumente. Personalitatea: 1. 2. 2 3 4 5 7 Exprimă-ți opinia:Prin sistemul de la Versailles s -au pus bazele unei păci trainice sau fragile? Formulează două argumente. 2 3 4 5",!Teste examene 2016 - 2024/2022/Pretestare/09_ist_test_ro_pr22.pdf,pdfs/2022-pretestare-test.pdf#page=4
9,2022-pretestare-test-ii-1,2022-pretestare-test,2022,Pretestare,,II.1,II,1,item,5,1 Identifică un tratat component al Sistemului de la Versailles. L 0,!Teste examene 2016 - 2024/2022/Pretestare/09_ist_test_ro_pr22.pdf,pdfs/2022-pretestare-test.pdf#page=5
9,2022-pretestare-test-ii-2,2022-pretestare-test,2022,Pretestare,,II.2,II,2,item,5,2 Explică termenul tratat. 2,!Teste examene 2016 - 2024/2022/Pretestare/09_ist_test_ro_pr22.pdf,pdfs/2022-pretestare-test.pdf#page=5
9,2022-pretestare-test-ii-3,2022-pretestare-test,2022,Pretestare,,II.3,II,3,item,5,3 Explică contextul în care a fost semnat Tratatul de la Versailles din 28 iunie 1919. 2,!Teste examene 2016 - 2024/2022/Pretestare/09_ist_test_ro_pr22.pdf,pdfs/2022-pretestare-test.pdf#page=5
9,2022-pretestare-test-ii-4,2022-pretestare-test,2022,Pretestare,,II.4,II,4,item,5,4 Formulează două consecințe ale Tratatul de la Versailles pentru dezvoltarea Germaniei. Consecința 1: Consecința 2: 2 3,!Teste examene 2016 - 2024/2022/Pretestare/09_ist_test_ro_pr22.pdf,pdfs/2022-pretestare-test.pdf#page=5
9,2022-pretestare-test-ii-5,2022-pretestare-test,2022,Pretestare,,II.5,II,5,item,5,"5 Descrie două schimbări pe harta politică a Europei, conform Sistemului de la Versailles, pentru: 1) România 2) Polonia 2 3",!Teste examene 2016 - 2024/2022/Pretestare/09_ist_test_ro_pr22.pdf,pdfs/2022-pretestare-test.pdf#page=5
9,2022-pretestare-test-ii-6,2022-pretestare-test,2022,Pretestare,,II.6,II,6,item,5,"6 Numește o personalitatea istorică, membru al „Consiliului celor patru”, implicat în semnarea Tratatului de la Versailles. Formulează două argumente. Personalitatea: 1. 2. 2 3 4 5",!Teste examene 2016 - 2024/2022/Pretestare/09_ist_test_ro_pr22.pdf,pdfs/2022-pretestare-test.pdf#page=5
9,2022-pretestare-test-ii-7,2022-pretestare-test,2022,Pretestare,,II.7,II,7,item,5,7 Exprimă-ți opinia:Prin sistemul de la Versailles s -au pus bazele unei păci trainice sau fragile? Formulează două argumente. 2 3 4 5,!Teste examene 2016 - 2024/2022/Pretestare/09_ist_test_ro_pr22.pdf,pdfs/2022-pretestare-test.pdf#page=5
9,2022-pretestare-test-iii-essay,2022-pretestare-test,2022,Pretestare,,III.essay,III,essay,essay,6,"SUBIECTUL al III-lea (15 puncte) Studiază sursele A-D. SURSA A. „Art. 5. Romanii, fără deosebire de origine etnica, de limbă sau de religie, se bucură de libertatea conștiinței, de libertatea învățământului, de libertatea presei, de libertatea întrunirilor, de libertatea de asociație și de toate libertățile și drepturile stabilite prin legi. Art. 33. Toate puterile Statului emană de la națiune, care nu le poate exercita decât numai prin delegațiune și după principiile și regulile așezate in Constituțiunea de fată. Art. 34. Puterea legislativă se exercită colectiv de către Rege și Reprezentațiunea națională. Reprezentațiunea națională se împarte în două Adunări: Senatul și Adunarea deputaților. Orice lege cere învoirea a câtor trei ramuri ale puterii legiuitoare. Nici o lege nu poat e fi supusă sancțiunii regale decât după ce se va fi discutat și votat liber de majoritatea ambelor Adunări.” (Extras din Constituția României din 1923) SURSA B. „Noua Constituție este asemenea predecesoarei, una democratică și care respectă drepturile românilor, egalitatea cetățenilor în fața legii, dreptul la asociere, la muncă dar și libertatea presei. Avem convingerea că ea corespunde rezultantei adevăratelor interese mari ale neamului și ale statului și că pe temeiul ei se poate și trebuie să se dezvo lte o nouă viață puternică a societății și a statului român în curs de cel puțin o jumătate de veac.“ (Ion I.C. Brătianu, discurs în Cameră cu prilejul adoptării Constituției, 26 martie 1923) SURSA C. „În România interbelică, minoritățile naționa le reprezentau 28% din totalul populației. Constituția din 1923 le acorda drepturi egale tuturor cetățenilor țării , fără deosebire de etnie, rasă sau religie. Minoritățile naționale aveau propriile partide politice și erau reprezentate în Parlament. De as emenea, aveau școli și jurnale î n limba proprie. În orașe precum Cluj, Chișinău, Cernăuți, populația minoritară era preponderentă, în vreme ce românii formau majoritatea populației rurale. Minoritățile naționale au avut, în perioada interbelică, o contribuț ie importantă la dezvoltarea culturii și civilizației românești.” (Ion Bulei, Scurtă istorie a românilor) SURSA D. „În perioada interbelică, România a avut un larg evantai de partide politice: Partidul Conservator–Progresist, Partidul Conservator -Democrat, Partidul Natio nal-Liberal, Partidul Poporului, Partidul Țărăn esc, Partidul Național -Țărănesc, Partidul Soci alist, Partidul Social - Democrat, Partidul Comunist din România , Legiunea A rhanghelul Mihail -Garda de Fier ; de asemenea, au activat partide ale minorităților naționale (Partidul Maghiar, Partidul German, Partidul Evreiesc etc.). Cetățenilor li se ofereau o multitudine de „variante”, putând opta, prin vot, asupra uneia sau alteia.” (http://www.ioanscurtu.ro/democratia-romaneasca-in-perioada-interbelica-1918-1938/) Item Punctaj Utilizează sursele pentru a argumenta, într-un text coerent, afirmația: Constituția din 1923 a favorizat o adevărată înflorire a sistemului democratic românesc interbelic. Notă: În elaborarea textului vei : - folosi sursele propuse; - respecta coerența textului cu structura: introducere, cuprins, concluzie; - formula cel puțin trei argumente; - utiliza în argumentare referințe cu privire la personalități sau repere cronologice; - formula un mesaj corect din punct de vedere științific. 2 2 3 2 3 4 5 6 7 2",!Teste examene 2016 - 2024/2022/Pretestare/09_ist_test_ro_pr22.pdf,pdfs/2022-pretestare-test.pdf#page=6
9,2022-sesiunea-de-baza-test-i-1,2022-sesiunea-de-baza-test,2022,Sesiunea de baza,,I.1,I,1,item,3,1 Studiază timbrul poștal. Numește un fapt istoric în cinstea căruia a fost emis timbrul poștal. Argumentează răspunsul. Inscripție: „10 ANI DE LA DECLARAȚIA INDEPENDENȚEI REPUBLICII MOLDOVA” 2 3,!Teste examene 2016 - 2024/2022/Sesiunea de baza/09_ist_test_ro_sb22.pdf,pdfs/2022-sesiunea-de-baza-test.pdf#page=3
9,2022-sesiunea-de-baza-test-i-2,2022-sesiunea-de-baza-test,2022,Sesiunea de baza,,I.2,I,2,item,3,2 Studiază coperta cărții. Determină un fapt istoric pe care autorul îl poate utiliza pentru a justifica titlul cărții. Argumentează răspunsul. 2 3,!Teste examene 2016 - 2024/2022/Sesiunea de baza/09_ist_test_ro_sb22.pdf,pdfs/2022-sesiunea-de-baza-test.pdf#page=3
9,2022-sesiunea-de-baza-test-i-3,2022-sesiunea-de-baza-test,2022,Sesiunea de baza,,I.3,I,3,item,3,3 Studiază imaginea. Apreciază importanța personalității reprezentate pentru cultura națională. Argumentează răspunsul. Inscripție:„Grigore Vieru și cartea Sa de suflet” 2 3,!Teste examene 2016 - 2024/2022/Sesiunea de baza/09_ist_test_ro_sb22.pdf,pdfs/2022-sesiunea-de-baza-test.pdf#page=3
9,2022-sesiunea-de-baza-test-i-4,2022-sesiunea-de-baza-test,2022,Sesiunea de baza,,I.4,I,4,item,3,"4 Studiază tabelul. Compară evoluția eco nomică a Marii Britanii cu alte țări în perioada interbelică. Argumentează răspunsul. Tabel: Venitul național pe cap de locuitor (dolari), 1938 Țara Venitul național Marea Britanie 512 România 110 Iugoslavia 106 Polonia 94 Bulgaria 89 Turcia 62 2 3",!Teste examene 2016 - 2024/2022/Sesiunea de baza/09_ist_test_ro_sb22.pdf,pdfs/2022-sesiunea-de-baza-test.pdf#page=3
9,2022-sesiunea-de-baza-test-ii-all,2022-sesiunea-de-baza-test,2022,Sesiunea de baza,,II.all,II,all,section,4,"SUBIECTUL al II-lea (23 de puncte) Studiază materialul suport și realizează sarcinile propuse. REPERE CRONOLOGICE (SURSA A.) 1918 – realizarea Marii Uniri a românilor 1921 – legiferarea reformei agrare 1922 – încoronarea regelui Ferdinand I la Alba-Iulia 1923 – adoptarea Constituției României Mari 1925 – Legea pentru unificare administrativă 1926 – Legea electorală SURSA B. „Art. 5. Romanii, fără deosebire de origine etnica, de limbă sau de religie, se bucură de libertatea conștiinței, de libertatea învățământului, de libertatea presei, de libertatea întrunirilor, de libertatea de asociație și de toate libertățile și drepturile stabilite prin legi. Art. 33. Toate puterile Statului emană de la națiune, care nu le poate ex ercita decât numai prin delegațiune și după principiile și regulile așezate in Constituțiunea de fată. Art. 34. Puterea legislativă se exercită colectiv de către Rege și Reprezentațiunea națională. Reprezentațiunea națională se împarte în două Adunări: Senatul și Adunarea deputaților. Orice lege cere învoirea a câtor trei ramuri ale puterii legiuitoare. Nici o lege nu poate fi supusă sancțiunii regale decât după ce se va fi discutat și votat liber de majoritatea ambelor Adunări.” (Extras din Constituția României din 1923) SURSA C. „Noua Constituție este asemenea predecesoarei, una democratică și care respectă drepturile românilor, egalitatea cetățenilor în fața legii, dreptul la asociere, la muncă dar și libertatea presei. Avem convingerea că ea corespunde rezultantei adevăratelor interese mari ale neamului și ale statului și că pe temeiul ei se poate și trebuie să se dezvolte o nouă viață puternică a societății și a statului român în curs de cel puțin o jumătate de veac.“ (Ion I.C. Brătianu, discurs în Cameră cu prilejul adoptării Constituției, 26 martie 1923) SURSA D. „Specificul reformei agrare basarabene a constat nu atât în prevederile legislației agrare, cât în aplicarea acetora. Me canismul de aplicare a fost unul greoi, din cauza dificitului de pământ și a numărului mare de țărani cu drept de împroprietărire, dar și a lipsei unui cadru legislativ , prin aplicarea căruia statul să sprijine proaspătul proprietar […]. În Basarabia au fost expropriate de fapt pământurile ocupate cu forța de țărani în urma mișcărilor țărănești din anii 1917-1918, care, în final, urmau să devină proprietatea de drept și de fapt. Lotul de împroprietărire în Basarabia a fost mai mic decât prevedea legea, din cauza insuficienței acute de pământ și a cererii ridicate pentru acesta comparativ cu alte regiuni ale României.” (Svetlana Suveică, Basarabia în primul deceniu interbelic (1918-1929). Modernizare prin reforme.) 1: Nr. Item Punctaj Utilizează sursa A și cunoștințele obținute anterior. 1 Identifică un eveniment, în rezultatul căruia România a devenit un stat național unitar: Utilizează sursele B, C și cunoștințele obținute anterior. 2 Explică termenul constituție. 2 3 Descrie două consecințe ale adoptării Constituției României din 1923. Consecința 1: Consecința 2: 2 3 4 4 Identifică opinia autorului sursei C despre Constituția din 1923. 2 Utilizează sursa D și cunoștințele obținute anterior. 5 Determină două caracteristici specifice reformei agrare basarabene din 1921. 2: 2 3 4 Utilizează sursele propuse și cunoștințele obținute anterior. 6 Numește o personalitate istorică, care a contribuit la consolidarea societății românești interbelice. Formulează două argumente. Personalitatea: 1. 2. 2 3 4 5 7 Exprimă-ți opinia : Constituția din 1923 a favorizat o adevărată înflorire a sistemului democratic românesc interbelic? Formulează două argumente. 2 3 4 5",!Teste examene 2016 - 2024/2022/Sesiunea de baza/09_ist_test_ro_sb22.pdf,pdfs/2022-sesiunea-de-baza-test.pdf#page=4
9,2022-sesiunea-de-baza-test-ii-1,2022-sesiunea-de-baza-test,2022,Sesiunea de baza,,II.1,II,1,item,5,"1 Identifică un eveniment, în rezultatul căruia România a devenit un stat național unitar: L 0",!Teste examene 2016 - 2024/2022/Sesiunea de baza/09_ist_test_ro_sb22.pdf,pdfs/2022-sesiunea-de-baza-test.pdf#page=5
9,2022-sesiunea-de-baza-test-ii-2,2022-sesiunea-de-baza-test,2022,Sesiunea de baza,,II.2,II,2,item,5,2 Utilizează sursa D și cunoștințele obținute anterior.,!Teste examene 2016 - 2024/2022/Sesiunea de baza/09_ist_test_ro_sb22.pdf,pdfs/2022-sesiunea-de-baza-test.pdf#page=5
9,2022-sesiunea-de-baza-test-ii-3,2022-sesiunea-de-baza-test,2022,Sesiunea de baza,,II.3,II,3,item,5,3 Descrie două consecințe ale adoptării Constituției României din 1923. Consecința 1: Consecința 2: 2 3 4,!Teste examene 2016 - 2024/2022/Sesiunea de baza/09_ist_test_ro_sb22.pdf,pdfs/2022-sesiunea-de-baza-test.pdf#page=5
9,2022-sesiunea-de-baza-test-ii-4,2022-sesiunea-de-baza-test,2022,Sesiunea de baza,,II.4,II,4,item,5,4 Identifică opinia autorului sursei C despre Constituția din 1923.,!Teste examene 2016 - 2024/2022/Sesiunea de baza/09_ist_test_ro_sb22.pdf,pdfs/2022-sesiunea-de-baza-test.pdf#page=5
9,2022-sesiunea-de-baza-test-ii-5,2022-sesiunea-de-baza-test,2022,Sesiunea de baza,,II.5,II,5,item,5,5 Determină două caracteristici specifice reformei agrare basarabene din 1921. 2: 2 3,!Teste examene 2016 - 2024/2022/Sesiunea de baza/09_ist_test_ro_sb22.pdf,pdfs/2022-sesiunea-de-baza-test.pdf#page=5
9,2022-sesiunea-de-baza-test-ii-6,2022-sesiunea-de-baza-test,2022,Sesiunea de baza,,II.6,II,6,item,5,"6 Numește o personalitate istorică, care a contribuit la consolidarea societății românești interbelice. Formulează două argumente. Personalitatea: 1. 2. 2 3 4 5",!Teste examene 2016 - 2024/2022/Sesiunea de baza/09_ist_test_ro_sb22.pdf,pdfs/2022-sesiunea-de-baza-test.pdf#page=5
9,2022-sesiunea-de-baza-test-ii-7,2022-sesiunea-de-baza-test,2022,Sesiunea de baza,,II.7,II,7,item,5,7 Exprimă-ți opinia : Constituția din 1923 a favorizat o adevărată înflorire a sistemului democratic românesc interbelic? Formulează două argumente. 2 3 4 5,!Teste examene 2016 - 2024/2022/Sesiunea de baza/09_ist_test_ro_sb22.pdf,pdfs/2022-sesiunea-de-baza-test.pdf#page=5
9,2022-sesiunea-de-baza-test-iii-essay,2022-sesiunea-de-baza-test,2022,Sesiunea de baza,,III.essay,III,essay,essay,6,"SUBIECTUL al III-lea (15 puncte) Studiază sursele A-D. REPERE CRONOLOGICE (A) 1928 – A. Fleming descoperă penicilina 1931 – inventat cauciucul sintetic 1933 – construit primul microscop electronic 1934 – descoperirea radioactivității artificiale 1935 – inventarea radarului 1945 – primul computer 1953 – este descoperită structura ADN 1961 – primul om lansat în spațiu 1972 – primul calculator de buzunar 1991 – lansarea rețelei www. SURSA B. „ […] Noua știință și tehnică se gasesc întruchipate organic în structura bazei materiale a producției industriale, inclusiv în construcții, transporturi, agricultură, în instrucția ș i calificarea forței de muncă și în activitatea managerială, de organizare și conducere a muncii productive. În prezent, nici un domeniu al vieții sociale nu se poate dispensa de aportul științei, în caz contrar societatea respectivă este sortită înapoieri i economice și degradării condiției umane. Știința pulsează hotărâtor în viața economică, social -politică, influentează inclusiv sfera întregii creații spirituale, devenind dimensiunea esentială a culturii și civilizației contemporane.” (Igor Casapciuc, Știința românească în perioada interbelică și postbelică) SURSA C. „ […] La începutul secolului XX asistăm la o dezvoltare fără precedent a industriei automobilului mai ales în ţările dezvoltate. Astfel, firmele americane constructoare de automobile, precum Ford şi General Motors , cunosc o dezvoltare rapidă fără precedent. Astfel, între 1908 şi 1927, automobilul Ford Model T va revoluţiona istoria automobilului, atât prin schimbările în design, cât mai ales prin producţia de mare serie în care este realiza t şi aceasta folosind o linie de asamblare, ajungând că în 1914 să fie vândute 250.000 de bucăţi.[…] Dacă la începutul secolului XX existau câteva zeci de mii, la începutul perioadei postbelice existau pe plan mondial peste 500 mii de automobile, ca în 2007 producţia mondială anuală să depăşească 70 de mln de unităţi.” (Roxana Veliche, historia.ro) SURSA D. „Nici o perioadă din istorie nu a fost mai dependentă și mai pătrunsă de științele naturale decât secolul XX. […] Inovațiile științei, odată ce au fos t realizate, ele au fost aproape imediat traduse în tehnologii practice. Astfel, tranzistorii au apărut ca un subprodus al cercetărilor în fizica solidelor, așa s-a întâmplat și cu laserul. Realizate pentru prima oară în laborator în 1960, au ajuns pe la începutul anilor 80 la consumator sub forma compact discului (CD-ului).” (E. Hobsbawm, O istorie a secolului XX) Item Punctaj Utilizează sursele pentru a argumenta, într-un text coerent, afirmația: Dezvoltarea științifică și tehnologică a secolului XX a schimbat viața societății umane. Notă: În elaborarea textului vei: - folosi sursele propuse; - respecta coerența textului cu structura: introducere, cuprins, concluzie; - formula cel puțin trei argumente; - utiliza în argumentare referințe cu privire la personalități sau repere cronologice; - formula un mesaj corect din punct de vedere științific. 2 2 3 2 3 4 5 6 7 2",!Teste examene 2016 - 2024/2022/Sesiunea de baza/09_ist_test_ro_sb22.pdf,pdfs/2022-sesiunea-de-baza-test.pdf#page=6
9,2022-suplimentara-test-i-1,2022-suplimentara-test,2022,Suplimentara,,I.1,I,1,item,3,1 Studiază timbrul poștal. Numește un fapt istoric în cinstea căruia a fost emis timbrul poștal. Argumentează răspunsul. Inscripție: MOLDOVA – MEMBRU AL O.N.U. 1992 2 3,!Teste examene 2016 - 2024/2022/Suplimentara/09_ist_test_ro_ss22.pdf,pdfs/2022-suplimentara-test.pdf#page=3
9,2022-suplimentara-test-i-2,2022-suplimentara-test,2022,Suplimentara,,I.2,I,2,item,3,2 Studiază imaginea. Numește o ramură industrială dezvoltată în perioada postbelică în Franța. Argumentează răspunsul. Avionul supersonic ”CONCORDE” 2 3,!Teste examene 2016 - 2024/2022/Suplimentara/09_ist_test_ro_ss22.pdf,pdfs/2022-suplimentara-test.pdf#page=3
9,2022-suplimentara-test-i-3,2022-suplimentara-test,2022,Suplimentara,,I.3,I,3,item,3,3 Studiază imaginea. Apreciază importanța personalității reprezentate pentru cultura națională. Argumentează răspunsul. Inscripție: 2022 - Anul Cultural EUGEN DOGA 2 3,!Teste examene 2016 - 2024/2022/Suplimentara/09_ist_test_ro_ss22.pdf,pdfs/2022-suplimentara-test.pdf#page=3
9,2022-suplimentara-test-i-4,2022-suplimentara-test,2022,Suplimentara,,I.4,I,4,item,3,"4 Studiază imaginea. Determină un obiectiv al politicii externe a Republicii Moldova, la etapa contemporană. Argumentează răspunsul. , Drapelul Republicii Moldova și drapelul Uniunii Europene 2 3",!Teste examene 2016 - 2024/2022/Suplimentara/09_ist_test_ro_ss22.pdf,pdfs/2022-suplimentara-test.pdf#page=3
9,2022-suplimentara-test-ii-all,2022-suplimentara-test,2022,Suplimentara,,II.all,II,all,section,4,"SUBIECTUL al II-lea (23 de puncte) Studiază materialul suport și realizează sarcinile propuse. SURSA A. REPERE CRONOLOGICE 1919 - Semnarea Tratatului de Pace cu Austria (Saint-Germain) 1920 - Semnarea Tratatului de Pace cu Ungaria (Trianon) 1920 - Semnarea Tratatului de la Paris privitor la Basarabia 1924 - Conferința sovieto-română de la Viena 1924 - Crearea RASSM 1938 - Anexarea Austriei („Anschluss-ul”) 1939 - Semnarea Tratatului de neagresiune sovieto-german SURSA B. „În politica externă, forțele politice românești s -au străduit să creeze un regim de securitat e europeană și sud-est-europeană care să garanteze, sub egida Societății Națiunilor, menținerea statu - quo-lui în Europa și implicit a României Mari, așa cum rezultase ea în urma sistemului versaillez. […] Diplomaţia română este activă şi originală. Un rol important în impulsionarea ei îl are Nicolae Titulescu, un diplomat de excepţie, prin personalitatea căruia România ocupă un rol important în Societatea Naţiunilor […]. În această intenţie, de a crea un sistem de securitate colectivă, Titulescu restabileşte relaţiile diplomatice cu Uniunea Sovietică în 1934, iar în 1936 poartă convorbiri cu Litvinov, ministrul sovietic de externe, pentru un tratat cu URSS […]. […] România și -a bazat securitatea pe acest sistem de alianțe la a cărui creare contribuise. Exclu siv pe acest sistem […]. Faptul a fost o greșeală. Pentru că tot acest edificiu diplomatic a rezistat atâta timp cât au rezistat marile democrații occidentale pe care se sprijinea. Când însă echilibrul între marile puteri europene s-a năruit, odată cu expansiunea fascismului în Europa, a căzut și sistemul de apărare al României.” (Ion Bulei, Scrută istorie a românilor) SURSA C. Alianțele politico-militare ale României: Mica Înțelegere (1921), Înțelegerea Balcanică (1934) Nr. Item Punctaj Utilizează sursele A, B și cunoștințele obținute anterior. 1 Identifică în reperele cronologice (A), un eveniment cu referire la Basarbia __________________________________________________________________ 2 Identifică în reperele cronologice (A) două documente ce atestă recunoașterea diplomatică a României Mari. 1. 2. 2 3 Explică, de ce statul roman a optat pentru democratizarea relațiilor internaționale 4 Caracterizează relațiile româno-sovietice: Până la 1934 După 1934 2 3 4 Utilizează sursa C și cunoștințele obținute anterior. 5 Descrie, utilizând hărțile, două alianțe regionale concepute de diplomația română în cadrul sistemului de securitate colectivă din perioada interbelică. Alianța 1. Alianța 2. 2 3 4 Utilizează sursele A,B,C și cunoștințele obținute anterior. 6 Apreciază activitatea diplomatului Nicolae Titulescu. Formulează două argumente. 2 3 4 5 7 Apreciază pro/ contra afirmația autorului sursei B: Diplomaţia română este activă şi originală. Formulează două argumente 2 3 4 5",!Teste examene 2016 - 2024/2022/Suplimentara/09_ist_test_ro_ss22.pdf,pdfs/2022-suplimentara-test.pdf#page=4
9,2022-suplimentara-test-ii-1,2022-suplimentara-test,2022,Suplimentara,,II.1,II,1,item,5,"1 Identifică în reperele cronologice (A), un eveniment cu referire la Basarbia __________________________________________________________________",!Teste examene 2016 - 2024/2022/Suplimentara/09_ist_test_ro_ss22.pdf,pdfs/2022-suplimentara-test.pdf#page=5
9,2022-suplimentara-test-ii-2,2022-suplimentara-test,2022,Suplimentara,,II.2,II,2,item,5,2 Identifică în reperele cronologice (A) două documente ce atestă recunoașterea diplomatică a României Mari. 1. 2. 2,!Teste examene 2016 - 2024/2022/Suplimentara/09_ist_test_ro_ss22.pdf,pdfs/2022-suplimentara-test.pdf#page=5
9,2022-suplimentara-test-ii-3,2022-suplimentara-test,2022,Suplimentara,,II.3,II,3,item,5,"3 Explică, de ce statul roman a optat pentru democratizarea relațiilor internaționale 4 Caracterizează relațiile româno-sovietice: Până la 1934 După 1934 2 3",!Teste examene 2016 - 2024/2022/Suplimentara/09_ist_test_ro_ss22.pdf,pdfs/2022-suplimentara-test.pdf#page=5
9,2022-suplimentara-test-ii-4,2022-suplimentara-test,2022,Suplimentara,,II.4,II,4,item,5,"4 Utilizează sursele A,B,C și cunoștințele obținute anterior.",!Teste examene 2016 - 2024/2022/Suplimentara/09_ist_test_ro_ss22.pdf,pdfs/2022-suplimentara-test.pdf#page=5
9,2022-suplimentara-test-ii-5,2022-suplimentara-test,2022,Suplimentara,,II.5,II,5,item,5,"5 Descrie, utilizând hărțile, două alianțe regionale concepute de diplomația română în cadrul sistemului de securitate colectivă din perioada interbelică. Alianța 1. Alianța 2. 2 3",!Teste examene 2016 - 2024/2022/Suplimentara/09_ist_test_ro_ss22.pdf,pdfs/2022-suplimentara-test.pdf#page=5
9,2022-suplimentara-test-ii-6,2022-suplimentara-test,2022,Suplimentara,,II.6,II,6,item,5,6 Apreciază activitatea diplomatului Nicolae Titulescu. Formulează două argumente. 2 3 4 5,!Teste examene 2016 - 2024/2022/Suplimentara/09_ist_test_ro_ss22.pdf,pdfs/2022-suplimentara-test.pdf#page=5
9,2022-suplimentara-test-ii-7,2022-suplimentara-test,2022,Suplimentara,,II.7,II,7,item,5,7 Apreciază pro/ contra afirmația autorului sursei B: Diplomaţia română este activă şi originală. Formulează două argumente 2 3 4 5,!Teste examene 2016 - 2024/2022/Suplimentara/09_ist_test_ro_ss22.pdf,pdfs/2022-suplimentara-test.pdf#page=5
9,2022-suplimentara-test-iii-essay,2022-suplimentara-test,2022,Suplimentara,,III.essay,III,essay,essay,6,"SUBIECTUL al III-lea (15 puncte) Studiază sursele A-D. REPERE CRONOLOGICE (A) 1929-1933 – Marea Criză Economică 1933- Hitler devine cancelar al Germaniei 1933-1936 – programul New Deal (Noul Curs) 1935 – Italia a invadat Etiopia 1 septembrie 1939 – începe al II-lea Război Mondial SURSA B. Tabel: Schimbări în indicatorii economici (1929-1933) SUA Marea Britanie Franța Germania Producție industrială -46% -23% -24% -41% Prețuri angro -32% -33% -34% -29% Comerț extern -70% -60% -54% -61% Șomaj +607% +129% +214% +232% SURSA C. „[...] trebuie subliniat că urmările politice ale crizei din 1929 -1933 au fost mai puternice și mai nefaste pentru omenire decât consecințele ei economice. Impactul crizei cu politica a fost deosebit de dur în Occident și în Europa Centrală. În Germania ea a dus la dictatura nazistă, în Franța și Anglia a dus la dezagregarea executivului și înstabilitate ministerială (Paris) și la un reflux electoral în favoarea conservatorilor (Londra). Temerile politice au împiedicat cooperarea economică, esențială în redresarea și restaurarea încrederii.” (Constantin Hlihor, Istoria secolului XX) SURSA D. „În Germania criza economică s-a manifestat mai devastator chiar decât în SUA. Până în 1932 peste 40% dintre germani rămăseseră fără locuri de muncă (în SUA rata șomajului era de numai 25%). [...] În Franța criza a dus la falimentarea a 1 457 de întreprinderi și la reducerea drastică a prețurilor în agricultură, fenomenul șomajului a fost resimțit abia în 1935, când au fost înregistrați 4,2 milioane de șomeri.” (Pricop Oliver Constantin, Criza economică globală și reașezarea centrelor de putere) Item Punctaj Utilizează sursele pentru a argumenta, într-un text coerent, afirmația: Criza economică din 1929-1933 a dereglat profund evoluția societății interbelice. Notă: În elaborarea textului vei: - folosi sursele propuse; - respecta coerența textului cu structura: introducere, cuprins, concluzie; - formula cel puțin trei argumente; - utiliza în argumentare referințe cu privire la personalități sau repere cronologice; - formula un mesaj corect din punct de vedere științific. 2 2 3 2 3 4 5 6 7 2",!Teste examene 2016 - 2024/2022/Suplimentara/09_ist_test_ro_ss22.pdf,pdfs/2022-suplimentara-test.pdf#page=6
9,2023-esantion-test-1-i-1,2023-esantion-test-1,2023,Esantion,Test 1,I.1,I,1,item,3,1 Studiază coperta cărții. Numește un fapt istoric pe care autorul îl poate oferi pentru a justifica titlul lucrării. Argumentează răspunsul. Inscripție: Sufragete 2 3,!Teste examene 2016 - 2024/2023/Esantion/09_IST_TEST1_RO_ES23.pdf,pdfs/2023-esantion-test-1.pdf#page=3
9,2023-esantion-test-1-i-2,2023-esantion-test-1,2023,Esantion,Test 1,I.2,I,2,item,3,2 Studiază titlul articolului. Determină o schimbare importantă în evoluția economică a SUA în perioada interbelică. Argumentează răspunsul. Inscripție: Criză pe strada Wall. Marțea neagră în America. 2 3,!Teste examene 2016 - 2024/2023/Esantion/09_IST_TEST1_RO_ES23.pdf,pdfs/2023-esantion-test-1.pdf#page=3
9,2023-esantion-test-1-i-3,2023-esantion-test-1,2023,Esantion,Test 1,I.3,I,3,item,3,"3 Studiază tabelul. Compară dezvoltarea economică a României cu a altor țări în perioada interbelică. Argumentează răspunsul. 2 3 Tabel: Venitul național pe cap de locuitor (dolari), 1938 Țara Venitul național Marea Britanie 512 Iugoslavia 106 România 110 Polonia 94 Bulgaria 89 Turcia 62",!Teste examene 2016 - 2024/2023/Esantion/09_IST_TEST1_RO_ES23.pdf,pdfs/2023-esantion-test-1.pdf#page=3
9,2023-esantion-test-1-i-4,2023-esantion-test-1,2023,Esantion,Test 1,I.4,I,4,item,3,"4 Studiază harta. Numește scopul constituirii Micii Înțelegeri. Argumentează răspunsul. Legendă: URSS, Bulgaria, Ungaria – state revizioniste 2 3",!Teste examene 2016 - 2024/2023/Esantion/09_IST_TEST1_RO_ES23.pdf,pdfs/2023-esantion-test-1.pdf#page=3
9,2023-esantion-test-1-ii-all,2023-esantion-test-1,2023,Esantion,Test 1,II.all,II,all,section,4,"SUBIECTUL al II-lea (23 de puncte) Studiază materialul suport și realizează sarcinile propuse. SURSA A. REPERE CRONOLOGICE 29 iulie 1924 - adoptarea Hotărârii Biroului politic al PC(b) din URSS cu privire la crearea RASSM 12 octombrie 1924 – Hotărârea Sesiunii a III -a a Comitetului Executiv Central din Ucraina cu privire la constituirea RASSM în compon ența Ucrainei Sovietice 23 aprilie 1925 – adoptarea Constituției RASSM 1932-1933 – Foametea în RASSM 1937-1938 – perioada de vârf a Marii Terori 27 februarie 1938 - Hotărârea cu privire la trecerea scrisului moldovenesc de la grafia latină la cea chirilică SURSA B. „[...] Crearea acestei republici va genera o serie întreagă de consecințe de ordin intern (din punct de vedere al intereselor nemijlocite ale URSS) și internațional. Republica Moldovenească ar putea juca același rol de factor p olitico-propagandistic pe care îl joacă Republica Belorusă față de Polonia și cea Carelă – față de Finlanda. Ea ar putea focaliza atenția și ar crea pretexte evidente în pretențiile alipirii la Republica Moldovenească a Basarabiei. Din acest punct de v edere, devine imperioasă necesitatea de a crea anume o republică socialistă și nu o regiune autonomă în componența URSS. Unirea teritoriilor de pe ambele maluri ale Nistrului ar servi drept breșă strategică a URSS față de Balcani, pe care URSS le -ar putea folosi drept cap de pod în scopuri militare și politice.” (Din Memoriul cu privire la necesitatea creării RASSM, 4 februarie 1924) SURSA C. „[...] Sovietele urmăresc metodic distrugerea religiei, obiceiurilor ș i a familiei moldovenilor. Li se confiscă produsul muncii lor, li se sechestrează averea [...] și îi silesc cu forța să se înscrie în gospodăriile colecti ve ”colhozuri” [...] De la o vreme guvernul comunist al republicii a dispus ca moldovenii să fie depor tați treptat în Siberia și în regiunea Ar hanghelsk din nordul Siberiei.” (Din Memoriul românilor transnistreni înaintat Ligii Națiunilor, martie 1932) SURSA D. Nr. Item Punctaj Utilizează sursa A și cunoștințele obținute anterior. 1 Numește evenimentul istoric care a încheiat procesul de creare a RASSM. Utilizează sursa B și cunoștințele obținute anterior. 2 Determină, în baza sursei B, două scopuri urmărite de autoritățile sovietice prin constituirea unei republici în stânga Nistrului. Explică răspunsul. 1. 2. 2 3 4 Utilizează sursele A, B și cunoștințele obținute anterior. 3 Explică termenul autonomie. 2 Utilizează sursele A, C și cunoștințele obținute anterior. 4 Descrie, conform modelului propus, două consecințe ale proclamării RASSM. Consecință politică: Consecință economică: 2 3 4 5 Apreciază politica promovată de autoritățile sovietice față de micii proprietari de pământ. Formulează două argumente. 2 3 4 5 6 Formulează, cu trimitere la datele statistice din diagramă (Sursa D), o concluzie despre structura etnică a RASSM. 2 7 Exprimă-ți opinia: De ce a fost adresat Memorandumul către Liga Națiunilor? Formulează două argumente. 2 3 4 5",!Teste examene 2016 - 2024/2023/Esantion/09_IST_TEST1_RO_ES23.pdf,pdfs/2023-esantion-test-1.pdf#page=4
9,2023-esantion-test-1-ii-1,2023-esantion-test-1,2023,Esantion,Test 1,II.1,II,1,item,5,1 Numește evenimentul istoric care a încheiat procesul de creare a RASSM. L 0,!Teste examene 2016 - 2024/2023/Esantion/09_IST_TEST1_RO_ES23.pdf,pdfs/2023-esantion-test-1.pdf#page=5
9,2023-esantion-test-1-ii-2,2023-esantion-test-1,2023,Esantion,Test 1,II.2,II,2,item,5,"2 Determină, în baza sursei B, două scopuri urmărite de autoritățile sovietice prin constituirea unei republici în stânga Nistrului. Explică răspunsul. 1. 2. 2 3",!Teste examene 2016 - 2024/2023/Esantion/09_IST_TEST1_RO_ES23.pdf,pdfs/2023-esantion-test-1.pdf#page=5
9,2023-esantion-test-1-ii-4,2023-esantion-test-1,2023,Esantion,Test 1,II.4,II,4,item,5,"4 Descrie, conform modelului propus, două consecințe ale proclamării RASSM. Consecință politică: Consecință economică: 2 3 4",!Teste examene 2016 - 2024/2023/Esantion/09_IST_TEST1_RO_ES23.pdf,pdfs/2023-esantion-test-1.pdf#page=5
9,2023-esantion-test-1-ii-3,2023-esantion-test-1,2023,Esantion,Test 1,II.3,II,3,item,5,3 Explică termenul autonomie.,!Teste examene 2016 - 2024/2023/Esantion/09_IST_TEST1_RO_ES23.pdf,pdfs/2023-esantion-test-1.pdf#page=5
9,2023-esantion-test-1-ii-5,2023-esantion-test-1,2023,Esantion,Test 1,II.5,II,5,item,5,5 Apreciază politica promovată de autoritățile sovietice față de micii proprietari de pământ. Formulează două argumente. 2 3 4 5,!Teste examene 2016 - 2024/2023/Esantion/09_IST_TEST1_RO_ES23.pdf,pdfs/2023-esantion-test-1.pdf#page=5
9,2023-esantion-test-1-ii-6,2023-esantion-test-1,2023,Esantion,Test 1,II.6,II,6,item,5,"6 Formulează, cu trimitere la datele statistice din diagramă (Sursa D), o concluzie despre structura etnică a RASSM. 2",!Teste examene 2016 - 2024/2023/Esantion/09_IST_TEST1_RO_ES23.pdf,pdfs/2023-esantion-test-1.pdf#page=5
9,2023-esantion-test-1-ii-7,2023-esantion-test-1,2023,Esantion,Test 1,II.7,II,7,item,5,7 Exprimă-ți opinia: De ce a fost adresat Memorandumul către Liga Națiunilor? Formulează două argumente. 2 3 4 5,!Teste examene 2016 - 2024/2023/Esantion/09_IST_TEST1_RO_ES23.pdf,pdfs/2023-esantion-test-1.pdf#page=5
9,2023-esantion-test-1-iii-essay,2023-esantion-test-1,2023,Esantion,Test 1,III.essay,III,essay,essay,6,"SUBIECTUL al III-lea (15 puncte) Studiază sursele A-C. SURSA A. „Joi, 24 octombrie 1929 este pr ima din zilele pe care istoria […] le identifică cu panica din 1929 […]. Incertitudinea conducea din ce în ce mai mulți oameni să încerce să vândă […] rumoarea cuprindea Wall Streeet -ul și străzile adiacente. Acțiunile se vindeau acum pe nimic. Bursele din Chicago și Buffalo se închiseseră.” (J.K.Galbraith, Marele crah, 1929) SURSA B. „În Germania criza economică s -a manifestat mai devastator chiar decât în SUA, până în 1932 peste 40% dintre germani rămăseseră fără locuri de muncă (în SUA rata șomajului era de numai 25 %). […] În Franța criza a dus la falimentarea a 1457 de întreprinderi și la reducerea drastică a prețurilor în agricultură, fenomenul șomajului a fost resimțit abia în 1935 când au fost înregistrați 4,2 milioane de șomeri.” ( Pricop Oliver Constantin, Criza economică globală și reașezarea centrelor de putere ) SURSA C. „[…] “Criza preţurilor” s -a făcut simţită la nivelul comerţului exterior, prin scăderea impresionantă a preţurilor produselor exportate de România pe pieţele internaţionale: cereale, petrol, lemn, vite. Când se vorbeşte de scăderea preţurilor, percepţia populaţiei este că se întâmplă un lucru bun, dar a urmat „criza veniturilor”. […] Toţi cei care exportau atât producătorii agricoli, cât şi cei din industrie, au suferit o căde re a veniturilor. […] Anul 1929 a fost un an agricol foarte bun. […] Dar, dintr -o producţie mare s -au obţinut venituri mici. Pentru că nu au mai putut să exporte, producătorii […] nu şi -au mai acoperit cheltuielile de producţie, fapt ce a determinat apariţia „crizei de consum”. Angajaţii din economie şi agricultură, salariaţii publici, liber profesioniştii, cei din învăţământ şi sănătate au resimţit reducerea veniturilor, scăderea puterii de cumpărare. A urmat „criza producţiei”, scăzând puterea de cumpărar e şi consumul, producţia internă, de asemenea, s -a prăbuşit şi ea. Comerţul a fost destabilizat, volumul vânzărilor a scăzut (…). Cu marfa nevândută, s -a ajuns la „criză de producţie”. Cu depozitele pline de marfă şi fără cumpărători, fabricanţii nu mai investeau în materii prime şi în mână de lucru, a fost „criza locurilor de muncă”. (Mugur Isărescu, Consideraţii privind Marea Criză Economică din 1929 – 1933) Item Punctaj Utilizează sursele pentru a argumenta, într-un text coerent, afirmația: Marea criză economică din 1929-1933 a produs efecte distructive. Notă: Formulează cel puțin trei argumente. 2 2 3 2 3 4 5 6 7 2",!Teste examene 2016 - 2024/2023/Esantion/09_IST_TEST1_RO_ES23.pdf,pdfs/2023-esantion-test-1.pdf#page=6
9,2023-esantion-test-2-i-1,2023-esantion-test-2,2023,Esantion,Test 2,I.1,I,1,item,3,1 Studiază coperta cărții. Numește un fapt istoric pe care autorul îl poate oferi pentru a justifica titlul lucrării. Argumentează răspunsul. 2 3,!Teste examene 2016 - 2024/2023/Esantion/09_IST_TEST2_RO_ES23.pdf,pdfs/2023-esantion-test-2.pdf#page=3
9,2023-esantion-test-2-i-2,2023-esantion-test-2,2023,Esantion,Test 2,I.2,I,2,item,3,2 Studiază posterul. Formulează o caracteristică specifică regimurilor totalitare interbelice. Argumentează răspunsul. Inscripție: Înainte spre victoria comunismului! 2 3,!Teste examene 2016 - 2024/2023/Esantion/09_IST_TEST2_RO_ES23.pdf,pdfs/2023-esantion-test-2.pdf#page=3
9,2023-esantion-test-2-i-3,2023-esantion-test-2,2023,Esantion,Test 2,I.3,I,3,item,3,3 Studiază timbrul poștal. Determină importanța evenimentului reflectat în conținut. Argumentează răspunsul. Imaginea lui Neil Armstrong pe un timbru poștal din Republica Moldova 2 3,!Teste examene 2016 - 2024/2023/Esantion/09_IST_TEST2_RO_ES23.pdf,pdfs/2023-esantion-test-2.pdf#page=3
9,2023-esantion-test-2-i-4,2023-esantion-test-2,2023,Esantion,Test 2,I.4,I,4,item,3,4 Studiază imaginea. Formulează o cauză a adoptării stemei de stat a Republicii Moldova. Argumentează răspunsul. 2 3,!Teste examene 2016 - 2024/2023/Esantion/09_IST_TEST2_RO_ES23.pdf,pdfs/2023-esantion-test-2.pdf#page=3
9,2023-esantion-test-2-ii-all,2023-esantion-test-2,2023,Esantion,Test 2,II.all,II,all,section,4,"SUBIECTUL al II-lea (23 de puncte) Studiază materialul suport și realizează sarcinile propuse. TERMEN: Sistemul de la Versailles - noua ordine internațională edificată de statele învingătoare după primul război mondial prin semnarea tratatelor de pace cu statele învinse. SURSA A. REPERE CRONOLOGICE 1919: fondarea Societății/ Ligii Națiunilor 1919: semnarea Tratatului de Pace cu Austria (Saint-Germain) 1920: se mnarea Tratatului de Pace cu Ungaria (Trianon) 1932: lansarea programului “Noul curs” 1933: Hitler este numit cancelar al Germaniei 1935: Hitler introduce serviciul militar obligatoriu 1936: semnarea Pactului Anticomintern 1938: anexarea Austriei („Anschluss-ul”) 1938: adoptarea Constituției lui Carol al II -lea 1939: semnarea Tratatului de neagresiune sovieto-german SURSA B. Art.80, 81, 87: Germania recunoaște independenţa şi frontierele Austriei, Cehoslovaciei, Poloniei. Art.119: Germania renunță la drepturile ei asupra coloniilor. Art.160: Armata germană nu poate depăşi cifra de 100 000 de oameni. Art.173: Serviciul militar este abolit. Art.198: Forțele militare ale Germaniei nu vor trebui să cuprindă nici o aviaţie militară sau marină. Art.231: Germania recunoaște că ea și aliații ei sunt responsabili de toate pierderile și sacrificiile. (Extrase din Tratatul de la Versailles, 28 iunie 1919) SURSA C. SURSA D. Nr. Item Punctaj Utilizează sursa A și cunoștințele obținute anterior. 1. Identifică, în sursa A, două tratate componente ale Sistemului de la Versailles. 2 Utilizează sursa B și cunoștințele obținute anterior. 2. Explică termenul tratat. 2 3. Descrie contextul în care a fost semnat Tratatul de la Versailles, din 28 iunie 1919. 2 4. Explică consecințele prevederilor din tratat pentru dezvoltarea Germaniei în plan: - economic: - politic: 2 3 4 Utilizează sursele C, D și cunoștințele obținute anterior. 5. Demonstrează că harta politică a Europei, conform Sistemului de la Versailles, a cunoscut schimbări importante. Exemplifică cu trimitere la: România: Polonia: 2 3 4 Utilizează sursele propuse și cunoștințele obținute anterior. 6. Identifică în reperele cronologice propuse două evenimente ce reflectă încălcarea Sistemului de la Versailles de către Germania. Argumentează răspunsul. 1. 2. 2 3 4 7. Apreciază rolul Sistemului de la Versailles în menținerea păcii. Formulează două argumente. 2 3 4 5",!Teste examene 2016 - 2024/2023/Esantion/09_IST_TEST2_RO_ES23.pdf,pdfs/2023-esantion-test-2.pdf#page=4
9,2023-esantion-test-2-ii-1,2023-esantion-test-2,2023,Esantion,Test 2,II.1,II,1,item,5,"1. Identifică, în sursa A, două tratate componente ale Sistemului de la Versailles.",!Teste examene 2016 - 2024/2023/Esantion/09_IST_TEST2_RO_ES23.pdf,pdfs/2023-esantion-test-2.pdf#page=5
9,2023-esantion-test-2-ii-2,2023-esantion-test-2,2023,Esantion,Test 2,II.2,II,2,item,5,2 Utilizează sursa B și cunoștințele obținute anterior.,!Teste examene 2016 - 2024/2023/Esantion/09_IST_TEST2_RO_ES23.pdf,pdfs/2023-esantion-test-2.pdf#page=5
9,2023-esantion-test-2-ii-3,2023-esantion-test-2,2023,Esantion,Test 2,II.3,II,3,item,5,"3. Descrie contextul în care a fost semnat Tratatul de la Versailles, din 28 iunie 1919. 2",!Teste examene 2016 - 2024/2023/Esantion/09_IST_TEST2_RO_ES23.pdf,pdfs/2023-esantion-test-2.pdf#page=5
9,2023-esantion-test-2-ii-4,2023-esantion-test-2,2023,Esantion,Test 2,II.4,II,4,item,5,"4 Utilizează sursele C, D și cunoștințele obținute anterior. 5. Demonstrează că harta politică a Europei, conform Sistemului de la Versailles, a cunoscut schimbări importante. Exemplifică cu trimitere la: România: Polonia: 2 3",!Teste examene 2016 - 2024/2023/Esantion/09_IST_TEST2_RO_ES23.pdf,pdfs/2023-esantion-test-2.pdf#page=5
9,2023-esantion-test-2-ii-6,2023-esantion-test-2,2023,Esantion,Test 2,II.6,II,6,item,5,6. Identifică în reperele cronologice propuse două evenimente ce reflectă încălcarea Sistemului de la Versailles de către Germania. Argumentează răspunsul. 1. 2. 2 3 4,!Teste examene 2016 - 2024/2023/Esantion/09_IST_TEST2_RO_ES23.pdf,pdfs/2023-esantion-test-2.pdf#page=5
9,2023-esantion-test-2-ii-7,2023-esantion-test-2,2023,Esantion,Test 2,II.7,II,7,item,5,7. Apreciază rolul Sistemului de la Versailles în menținerea păcii. Formulează două argumente. 2 3 4 5,!Teste examene 2016 - 2024/2023/Esantion/09_IST_TEST2_RO_ES23.pdf,pdfs/2023-esantion-test-2.pdf#page=5
9,2023-esantion-test-2-iii-essay,2023-esantion-test-2,2023,Esantion,Test 2,III.essay,III,essay,essay,6,"SUBIECTUL al III-lea (15 puncte) Studiază sursele A-C. SURSA A. „Este una dintre celebrele cântărețe de operă care au devenit celebre şi pe ecran. Şi una dintre puținele actrițe de cinema capabile să interpr eteze roluri în diferite limbi… Filmele se realizează în varianta germană, italiană, română… Vocile partenerilor sunt dublate în diferite limbi… numai Maria Cebotari rămâne în toate variantele. Are un simț al limbilor foarte dezvoltat şi un talent extraordinar.” (Karl Sheneval, consacrat expert în arta filmului, https://www.moldpres.md/news/2021/07/09/21004907) SURSA B. „Constantin Brâncuși și-a căutat de la bun început propriul său drum în artă și extraordinara vigoare artistică a stilului său se datore ază acestui permanent efort de a fi el însuși. Apogeul artei sale este atins în deceniul al patrulea, operele sale întrând în marile colecții de artă ale lumii. Sculpturile sale se remarcă prin eleganța formei și utilizarea sensibilă a materialelor, combin ând simplitatea artei populare românești cu rafinamentul avangardei pariziene. Întreaga sa activitate constituie o contribuție valoroasă la cultura națională și cea mondială, contribuție din care reies omenirea lui românească și genialitatea lui universală.” (Angela Habașescu, C.Brâncuși și transformarea viselor prin sculptură) SURSA C. Item Punctaj Utilizează sursele pentru a argumenta, într-un text coerent, afirmația: Întreaga lor activitate a fost o contribuție valoroasă la cultura națională și mondială. Notă: Formulează cel puțin trei argumente. 2 2 3 2 3 4 5 6 7 2",!Teste examene 2016 - 2024/2023/Esantion/09_IST_TEST2_RO_ES23.pdf,pdfs/2023-esantion-test-2.pdf#page=6
9,2023-pretestare-test-i-1,2023-pretestare-test,2023,Pretestare,,I.1,I,1,item,3,1 Studiază afișul. Formulează o caracteristică pentru economia perioadei interbelice. Argumentează răspunsul. 2 3,!Teste examene 2016 - 2024/2023/Pretestare/09_ist_test_ro_pr23.pdf,pdfs/2023-pretestare-test.pdf#page=3
9,2023-pretestare-test-i-2,2023-pretestare-test,2023,Pretestare,,I.2,I,2,item,3,2 Studiază imaginea. Determină o consecință a crizei economice din 1929-1933. Argumentează răspunsul. 2 3,!Teste examene 2016 - 2024/2023/Pretestare/09_ist_test_ro_pr23.pdf,pdfs/2023-pretestare-test.pdf#page=3
9,2023-pretestare-test-i-3,2023-pretestare-test,2023,Pretestare,,I.3,I,3,item,3,"3 Studiază tabelul. Compară dezvoltarea economică a României cu a altor țări în perioada interbelică. Argumentează răspunsul. 2 3 Tabel: Venitul național pe cap de locuitor (dolari), 1938 Țara Venitul național Marea Britanie 512 Iugoslavia 106 România 110 Polonia 94 Bulgaria 89 Turcia 62",!Teste examene 2016 - 2024/2023/Pretestare/09_ist_test_ro_pr23.pdf,pdfs/2023-pretestare-test.pdf#page=3
9,2023-pretestare-test-i-4,2023-pretestare-test,2023,Pretestare,,I.4,I,4,item,3,4 Studiază moneda. Apreciază rolul personalității în istoria contemporană. Argumentează răspunsul. Inscripție: Ferdinand I al României. 100 ani de la încoronare. 2 3,!Teste examene 2016 - 2024/2023/Pretestare/09_ist_test_ro_pr23.pdf,pdfs/2023-pretestare-test.pdf#page=3
9,2023-pretestare-test-ii-all,2023-pretestare-test,2023,Pretestare,,II.all,II,all,section,4,"SUBIECTUL al II-lea (23 de puncte) Studiază materialul suport și realizează sarcinile propuse. SURSA A. REPERE CRONOLOGICE 23 august 1939 - semnarea Pactului Molotov - Ribbentrop 1 septembrie 1939 – începutul celui de -al Doilea Război Mondial 26 și 28 iunie 1940 – notele ultimative ale guvernului sovietic adresate guvernului român 30 august 1940 – Dictatul de la Viena 7 septembrie 1940 – Tratatul de la Craiova septembrie 1940 – abdicarea regelui Carol II 2 august 1940 – formarea RSSM SURSA B. „Guvernul URSS [...] propune: 1. În decurs de patru zile, începând cu orele 14.00 după ora Moscovei, la 28 iunie, să se evacuieze teritoriul Basarabiei și Bucovinei de trupele românești. 2. Trupele sovietice în același timp să ocupe teritoriul Basarabiei și partea de nord a Bucovinei. 3. În decursul zilei de 28 iunie trupele sovietice să ocupe următoarele puncte: Cernăuți, Chișinău, Cetatea Albă.” (Din Nota ultimativă a guvernului URSS adresată guvernului român, 28 iunie 1940) SURSA C. „În așa mod, în intervalul 28 iunie – 7 septembrie 1940, pierderile teritoriale ale României au însumat 33,79% din teritoriu și 34, 02% din populație. Prin actele de violență, factorii externi au intervenit brutal în p rocesul firesc de dezvoltare a României, întrerupându -l, împunând consecințe deosebit de grave: dezorganizarea economiei naționale, reducerea capacității de apărare și rezistență a țării.” (Nicolae Enciu, Istoria românilor) SURSA D. Nr. Item Punctaj Utilizează sursa A și cunoștințele obținute anterior. 1 Numește un eveniment istoric în cadrul căruia s-a discutat împărțirea sferelor de influență teritorială în Europa Răsăriteană. Utilizează sursele A, B și cunoștințele obținute anterior. 2 Identifică două teritorii anexate de URSS conform notelor ultimative din 1940. 1. 2. 2 3 Explică termenul ultimatum. 2 Utilizează sursele A, B, C, D și cunoștințele obținute anterior. 4 Explică condițiile internaționale în care România a pierdut teritoriile: - Basarabiei și nordului Bucovinei: - nordului Transilvaniei: 2 3 4 5 Descrie, conform modelului propus, două consecințe ale pierderilor teritoriale ale României din vara anului 1940. - Consecință politică: - Consecință social-economică: 2 3 4 6 Numește o personalitate istorică, care a condus statul român în timpul evenimentelor din 1940. Formulează două argumente. Personalitatea: 1. 2 3 4 5 2. 7 Exprimă-ți opinia: De ce România a fost nevoită să cedeze o parte din teritoriile sale în anul 1940? Formulează două argumente. 2 3 4 5",!Teste examene 2016 - 2024/2023/Pretestare/09_ist_test_ro_pr23.pdf,pdfs/2023-pretestare-test.pdf#page=4
9,2023-pretestare-test-ii-1,2023-pretestare-test,2023,Pretestare,,II.1,II,1,item,5,1 Numește un eveniment istoric în cadrul căruia s-a discutat împărțirea sferelor de influență teritorială în Europa Răsăriteană. L 0,!Teste examene 2016 - 2024/2023/Pretestare/09_ist_test_ro_pr23.pdf,pdfs/2023-pretestare-test.pdf#page=5
9,2023-pretestare-test-ii-2,2023-pretestare-test,2023,Pretestare,,II.2,II,2,item,5,2 Identifică două teritorii anexate de URSS conform notelor ultimative din 1940. 1. 2. 2,!Teste examene 2016 - 2024/2023/Pretestare/09_ist_test_ro_pr23.pdf,pdfs/2023-pretestare-test.pdf#page=5
9,2023-pretestare-test-ii-3,2023-pretestare-test,2023,Pretestare,,II.3,II,3,item,5,3 Explică termenul ultimatum.,!Teste examene 2016 - 2024/2023/Pretestare/09_ist_test_ro_pr23.pdf,pdfs/2023-pretestare-test.pdf#page=5
9,2023-pretestare-test-ii-4,2023-pretestare-test,2023,Pretestare,,II.4,II,4,item,5,4 Explică condițiile internaționale în care România a pierdut teritoriile: - Basarabiei și nordului Bucovinei: - nordului Transilvaniei: 2 3 4,!Teste examene 2016 - 2024/2023/Pretestare/09_ist_test_ro_pr23.pdf,pdfs/2023-pretestare-test.pdf#page=5
9,2023-pretestare-test-ii-5,2023-pretestare-test,2023,Pretestare,,II.5,II,5,item,5,"5 Descrie, conform modelului propus, două consecințe ale pierderilor teritoriale ale României din vara anului 1940. - Consecință politică: - Consecință social-economică: 2 3 4",!Teste examene 2016 - 2024/2023/Pretestare/09_ist_test_ro_pr23.pdf,pdfs/2023-pretestare-test.pdf#page=5
9,2023-pretestare-test-ii-6,2023-pretestare-test,2023,Pretestare,,II.6,II,6,item,5,"6 Numește o personalitate istorică, care a condus statul român în timpul evenimentelor din 1940. Formulează două argumente. Personalitatea: 1. 2 3 4 5 2.",!Teste examene 2016 - 2024/2023/Pretestare/09_ist_test_ro_pr23.pdf,pdfs/2023-pretestare-test.pdf#page=5
9,2023-pretestare-test-ii-7,2023-pretestare-test,2023,Pretestare,,II.7,II,7,item,6,7 Exprimă-ți opinia: De ce România a fost nevoită să cedeze o parte din teritoriile sale în anul 1940? Formulează două argumente. 2 3 4 5,!Teste examene 2016 - 2024/2023/Pretestare/09_ist_test_ro_pr23.pdf,pdfs/2023-pretestare-test.pdf#page=6
9,2023-pretestare-test-iii-essay,2023-pretestare-test,2023,Pretestare,,III.essay,III,essay,essay,6,"SUBIECTUL al III-lea (15 puncte) Studiază sursele A-C. SURSA A. „1. Acord uri de pace înc heiate deschis, după care nu vor mai fi acorduri internaționale private de orice natură ar fi acestea; dar diplomația va proceda întotdeauna deschis și în mod public. […] 2. Garanții suficiente , date și adoptate , că armamentele naționale vor fi reduse la l imita extremă compatibilă cu securitatea internă a țării. […] 3. O societate generală a națiunilor trebuie să fie formată în virtutea convențiilor formale, având ca obiect să furnizeze garanții de independență politică și teritorială micilor ca și marilor state. […]” (Extras din „14 puncte” ale președintelui SUA T.W.Wilson, 8 ianuarie 1918) SURSA B. „Art.88. Independența Austriei nu poate fi înstrăinată fără acordul Consiliului Societății Națiunilor. Drept urmare Austria se obligă […] să se abțină de l a orice act, capabil în mod direct sau indirect să încalce independența ei. […].” (Extras din Tratatul de Pace cu Austria, Saint-Germain, 10 septembrie 1919) SURSA C. „Art. 45. Ungari a renunță în favoarea României, la toate drepturile și titlurile asu pra teritoriilor fostei monarhii austro -ungare situate dincolo de frontierele Ungariei așa cum sunt hotărâte în art.27, partea a II -a (frontierele Ungariei) și recunoscute prin prezentul Tratat sau prin orice alte Tratate […].” (Extras din Tratatul de Pace cu Ungaria, Trianon, 4 iunie 1920) Item Punctaj Utilizează sursele pentru a argumenta, într-un text coerent, afirmația: Conferința de Pace de la Paris (1919-1920) a stabilit o nouă ordine internațională. Notă: Formulează cel puțin trei argumente. 2 2 3 2 3 4 5 6 7 2",!Teste examene 2016 - 2024/2023/Pretestare/09_ist_test_ro_pr23.pdf,pdfs/2023-pretestare-test.pdf#page=6
9,2023-sesiunea-de-baza-test-i-1,2023-sesiunea-de-baza-test,2023,Sesiunea de baza,,I.1,I,1,item,3,1 Studiază imaginea. Numește un eveniment istoric la care se referă documentul. Argumentează răspunsul. Inscripție: BASARABIA. Actul Unirii 2 3,!Teste examene 2016 - 2024/2023/Sesiunea de baza/09_ist_test_ro_sb23.pdf,pdfs/2023-sesiunea-de-baza-test.pdf#page=3
9,2023-sesiunea-de-baza-test-i-2,2023-sesiunea-de-baza-test,2023,Sesiunea de baza,,I.2,I,2,item,3,2 Studiază imaginea. Determină un obiectiv de bază al guvernului român interbelic în domeniul învățământului. Argumentează răspunsul. 2 3,!Teste examene 2016 - 2024/2023/Sesiunea de baza/09_ist_test_ro_sb23.pdf,pdfs/2023-sesiunea-de-baza-test.pdf#page=3
9,2023-sesiunea-de-baza-test-i-3,2023-sesiunea-de-baza-test,2023,Sesiunea de baza,,I.3,I,3,item,3,3. Studiază posterul. Formulează o caracteristică specifică regimurilor totalitare interbelice. Argumentează răspunsul. Inscripție: Mulțumim scumpului Stalin pentru copilăria fericită! 2 3,!Teste examene 2016 - 2024/2023/Sesiunea de baza/09_ist_test_ro_sb23.pdf,pdfs/2023-sesiunea-de-baza-test.pdf#page=3
9,2023-sesiunea-de-baza-test-i-4,2023-sesiunea-de-baza-test,2023,Sesiunea de baza,,I.4,I,4,item,3,4 Studiază logoul. Apreciază importanța constituirii Ligii Națiunilor pentru evoluția relațiilor internaționale. Argumentează răspunsul. Inscripție: Liga Națiunilor 2 3,!Teste examene 2016 - 2024/2023/Sesiunea de baza/09_ist_test_ro_sb23.pdf,pdfs/2023-sesiunea-de-baza-test.pdf#page=3
9,2023-sesiunea-de-baza-test-ii-all,2023-sesiunea-de-baza-test,2023,Sesiunea de baza,,II.all,II,all,section,4,"SUBIECTUL al II-lea (23 de puncte) Studiază materialul suport și realizează sarcinile propuse. SURSA A. „PARLAMENTUL REPUBLICII MOLDOVA […], SUBLINIIND că fără consultarea populației din Basarabia, nordul Bucovinei și Ținutul Herța, ocupate prin forță la 28 iunie 1940, precum și a celei din RASS Moldovenească (Transnistria), formată la 12 octombrie 1924, Sovietul Suprem al URSS, încăl când chiar prerogativele sale constituționale, a adoptat la 2 august 1940 „Legea URSS cu privire la formarea RSS Moldovenești unionale”, […]; REAMINTIND că în ultimii ani mișcarea democratică de eliberare națională a populației din Republica Moldova și -a reafirmat aspirațiile de libertate, independență și unitate națională, exprimate prin documentele finale ale Marilor Adunări Naționale de la Chișinău din 27 august 1989, 16 decembrie 1990 și 27 august 1991; […] PROCLAMĂ […]: REPUBLICA MOLDOVA ESTE UN STAT SUVERAN, INDEPENDENT ȘI DEMOCRATIC, LIBER SĂ-ȘI HOTĂRASCĂ PREZENTUL ȘI VIITORUL, FĂRĂ NICI UN AMESTEC DIN AFARĂ, ÎN CONFORMITATE CU IDEALURILE ȘI NĂZUINȚELE SFINTE ALE POPORULUI ÎN SPAȚIUL ISTORIC ȘI ETNIC AL DEVENIRII SALE NAȚIONALE.” (Din Declarația de independență a Republicii Moldova, 27 august 1991) SURSA B. REPERE CRONOLOGICE SURSA C. HARTA 10 februarie 1989 – primele alegeri democratice în Parlament; 31 august 1989 – decretarea limbii române ca limbă de stat; 27 aprilie 1990 – adoptarea legii privind drapelul de stat; 23 iunie 1990 – proclamarea suveranității R.S.S. Moldova; 23 mai 1991 – schimbarea denumirii oficiale a statului; 27 august 1991 – proclamarea independenței Republicii Moldova; 29 iulie 1994 – adoptarea Constituției Republicii Moldova. Nr. Item Punctaj Utilizează sursa A și cunoștințele obținute anterior. 1 Numește evenimentul istoric proclamat de Parlamentul Republicii Moldova. Utilizează sursele A, С și cunoștințele obținute anterior. 2 Identifică două teritorii care au stat la baza formării RSSM. 1. 2. 2 Utilizează sursele A, B și cunoștințele obținute anterior. 3 Explică termenul regim democratic. 2 4 Explică două cauze ce au determinat adoptarea Declarației de independență de către Parlamentul Republicii Moldova. Cauza 1: Cauza 2: 2 3 4 5 Descrie două realizări ale mișcarii democratice de eliberare națională. 1: 2: 2 3 4 6 Numește o personalitate istorică, care a contribuit la mișcarea democratică de eliberare națională și proclamarea independenței Republicii Moldova. Formulează două argumente. Personalitatea: 1: 2: 2 3 4 5 Utilizează sursele A, B, С și cunoștințele obținute anterior. 7 Apreciază importanța istorică a Declarației de independență pentru cetățenii Republicii Moldova. Formulează două argumente. 2 3 4 5",!Teste examene 2016 - 2024/2023/Sesiunea de baza/09_ist_test_ro_sb23.pdf,pdfs/2023-sesiunea-de-baza-test.pdf#page=4
9,2023-sesiunea-de-baza-test-ii-1,2023-sesiunea-de-baza-test,2023,Sesiunea de baza,,II.1,II,1,item,5,1 Numește evenimentul istoric proclamat de Parlamentul Republicii Moldova. L 0,!Teste examene 2016 - 2024/2023/Sesiunea de baza/09_ist_test_ro_sb23.pdf,pdfs/2023-sesiunea-de-baza-test.pdf#page=5
9,2023-sesiunea-de-baza-test-ii-2,2023-sesiunea-de-baza-test,2023,Sesiunea de baza,,II.2,II,2,item,5,2 Identifică două teritorii care au stat la baza formării RSSM. 1. 2.,!Teste examene 2016 - 2024/2023/Sesiunea de baza/09_ist_test_ro_sb23.pdf,pdfs/2023-sesiunea-de-baza-test.pdf#page=5
9,2023-sesiunea-de-baza-test-ii-3,2023-sesiunea-de-baza-test,2023,Sesiunea de baza,,II.3,II,3,item,5,3 Explică termenul regim democratic. 2,!Teste examene 2016 - 2024/2023/Sesiunea de baza/09_ist_test_ro_sb23.pdf,pdfs/2023-sesiunea-de-baza-test.pdf#page=5
9,2023-sesiunea-de-baza-test-ii-4,2023-sesiunea-de-baza-test,2023,Sesiunea de baza,,II.4,II,4,item,5,4 Explică două cauze ce au determinat adoptarea Declarației de independență de către Parlamentul Republicii Moldova. Cauza 1: Cauza 2: 2 3 4,!Teste examene 2016 - 2024/2023/Sesiunea de baza/09_ist_test_ro_sb23.pdf,pdfs/2023-sesiunea-de-baza-test.pdf#page=5
9,2023-sesiunea-de-baza-test-ii-5,2023-sesiunea-de-baza-test,2023,Sesiunea de baza,,II.5,II,5,item,5,5 Descrie două realizări ale mișcarii democratice de eliberare națională. 1: 2: 2 3 4,!Teste examene 2016 - 2024/2023/Sesiunea de baza/09_ist_test_ro_sb23.pdf,pdfs/2023-sesiunea-de-baza-test.pdf#page=5
9,2023-sesiunea-de-baza-test-ii-6,2023-sesiunea-de-baza-test,2023,Sesiunea de baza,,II.6,II,6,item,5,"6 Numește o personalitate istorică, care a contribuit la mișcarea democratică de eliberare națională și proclamarea independenței Republicii Moldova. Formulează două argumente. Personalitatea: 1: 2: 2 3 4",!Teste examene 2016 - 2024/2023/Sesiunea de baza/09_ist_test_ro_sb23.pdf,pdfs/2023-sesiunea-de-baza-test.pdf#page=5
9,2023-sesiunea-de-baza-test-ii-7,2023-sesiunea-de-baza-test,2023,Sesiunea de baza,,II.7,II,7,item,6,7 Apreciază importanța istorică a Declarației de independență pentru cetățenii Republicii Moldova. Formulează două argumente. 2 3 4 5,!Teste examene 2016 - 2024/2023/Sesiunea de baza/09_ist_test_ro_sb23.pdf,pdfs/2023-sesiunea-de-baza-test.pdf#page=6
9,2023-sesiunea-de-baza-test-iii-essay,2023-sesiunea-de-baza-test,2023,Sesiunea de baza,,III.essay,III,essay,essay,6,"SUBIECTUL al III-lea (15 puncte) Studiază sursele A-D. SURSA A. „Joi, 24 octombrie 1929, este prima din zilele, pe care istoria […] le identifică cu panica din 1929 […]. Incertitudinea conducea din ce în ce mai mulți oameni să încerce să vândă […] rumoarea cuprindea Wall Streeet -ul și străzile adiacente. Acțiunile se vindeau acum pe nimic. Burs ele din Chicago și Buffalo se închiseseră.” (J.K.Galbraith, Marele crah, 1929) SURSA B. „Poporul SUA se confruntă cu o stare de urgență mult mai serioasă decât războiul. Sărăcia este larg răspândită, dar nu din cauza lipsurilor, ci din contra, a supraa bundenței. Marea criză economică a provocat un șomaj nemaiîntâlnit, o scădere catastrofală a prețurilor la bunurile de consum și pierderi economice considerabile.” (Louis Brandeis, mărturii despre amploarea crizei din SUA, 1932) SURSA C. „În Germania criz a economică s -a manifestat mai devastator chiar decât în SUA, până în 1932 peste 40% dintre germani rămăseseră fără locuri de muncă (în SUA rata șomajului era de numai 25 %). […] În Franța criza a dus la falimentarea a 1457 de întreprinderi și la reducerea drastică a prețurilor în agricultură, fenomenul șomajului a fost resimțit abia în 1935 când au fost înregistrați 4,2 milioane de șomeri.” ( Pricop Oliver Constantin, Criza economică globală și reașezarea centrelor de putere) SURSA D. „[…] Trebuie subliniat că urmările politice ale crizei din 1929 -1933 au fost mai puternice și mai nefaste pentru omenire decât consecințele ei economice. Impactul crizei cu politica a fost deosebit de dur în Occident și Europa centrală. În Germania ea a dus la dictatura nazistă, în Franța a dus la dezagregarea executivului și instabilitate ministerială, iar în Anglia - la un reflux electoral în favoarea conservatorilor.” (Constantin Hlihor, Istoria secolului XX.) Item Punctaj Utilizează sursele pentru a argumenta, într-un text coerent, afirmația: Marea Depresiune a avut efecte distructive pentru societatea interbelică. Notă: Formulează cel puțin trei argumente. 2 2 3 2 3 4 5 6 7 2",!Teste examene 2016 - 2024/2023/Sesiunea de baza/09_ist_test_ro_sb23.pdf,pdfs/2023-sesiunea-de-baza-test.pdf#page=6
9,2023-sesiunea-suplimentara-test-i-1,2023-sesiunea-suplimentara-test,2023,Sesiunea suplimentara,,I.1,I,1,item,3,1 Studiază coperta cărții. Numește un eveniment istoric la care se referă autorul. Argumentează răspunsul. 2 3,!Teste examene 2016 - 2024/2023/Sesiunea suplimentara/09_ist_test_ro_ss23.pdf,pdfs/2023-sesiunea-suplimentara-test.pdf#page=3
9,2023-sesiunea-suplimentara-test-i-2,2023-sesiunea-suplimentara-test,2023,Sesiunea suplimentara,,I.2,I,2,item,3,"2 Studiază imaginea. Determină o caracteristică a crizei economice din anii 1929- 1933. Argumentează răspunsul. Copii, la o demonstrație din perioada crizei. 2 3",!Teste examene 2016 - 2024/2023/Sesiunea suplimentara/09_ist_test_ro_ss23.pdf,pdfs/2023-sesiunea-suplimentara-test.pdf#page=3
9,2023-sesiunea-suplimentara-test-i-3,2023-sesiunea-suplimentara-test,2023,Sesiunea suplimentara,,I.3,I,3,item,3,3. Studiază imaginea. Explică de ce fotografia poate fi considerată un simbol pentru Conferința de Pace de la Paris (1919-1920). Argumentează răspunsul. Reprezentanții „Consiliului celor Patru” 2 3,!Teste examene 2016 - 2024/2023/Sesiunea suplimentara/09_ist_test_ro_ss23.pdf,pdfs/2023-sesiunea-suplimentara-test.pdf#page=3
9,2023-sesiunea-suplimentara-test-i-4,2023-sesiunea-suplimentara-test,2023,Sesiunea suplimentara,,I.4,I,4,item,3,4 Studiază timbrul poștal. Apreciază importanța istorică a evenimentului prezentat. Argumentează răspunsul. Inscripție: 10 ani de la Declarația Independenței Republicii Moldova 2 3,!Teste examene 2016 - 2024/2023/Sesiunea suplimentara/09_ist_test_ro_ss23.pdf,pdfs/2023-sesiunea-suplimentara-test.pdf#page=3
9,2023-sesiunea-suplimentara-test-ii-all,2023-sesiunea-suplimentara-test,2023,Sesiunea suplimentara,,II.all,II,all,section,4,"SUBIECTUL al II-lea (23 de puncte) Studiază materialul suport și realizează sarcinile propuse. REPERE CRONOLOGICE (A) 1939, 23 august – Tratatul de neagresiune sovieto-german; 1939, 1 septembrie - Germania atacă Polonia; 1939, 17 septembrie – Atacul URSS asupra Poloniei; 1940, 26 iunie - Nota ultimativă a guvernului sovietic către guvernul României. 1940, 28 iunie – Ocuparea Basarabiei, Bucovinei de Nord și ținutului Herța de către trupele sovietice; 1940 – Crearea RSS Estonă, RSS Lituaniană, RSS Letonă. SURSA B. „Cu ocazia semnării Tratatului de neagresiune dintre Reichul German și Uniunea Republicilor Sovietice Socialiste, semnatarii din partea celor două părți au discutat, în cadrul unor convorbiri strict confidențiale, problema delimitării sferelor lor respective de interes în Europa răsăriteană. Aceste convorbiri au dus la următorul rezultat: 1. În cazul unei transformări teritoriale și politice a teritoriilor aparținând statelor baltice (Finlanda, Estonia, Letonia, Lituania), frontiera nordică a Lituaniei va reprezenta f rontiera sferelor de interes atât ale Germaniei, cât și ale URSS. […] 2. În cazul unei transformări teritoriale și politice a teritoriilor apa rținând statului polonez, sferele de interes, atât ale Germaniei, cât și ale URSS, vor fi de limitate aproximativ de linia râurilor Narev, Vistula și San. Problema dacă în interesele ambelor părți ar fi de dorit menținerea unui stat polonez independent și a modului în care vor fi trasate frontierele acestui stat poate fi soluționată definitiv numai în cursul evenimentelor politice ulterioare. […] 3. În privința Europei sud -estice, partea sovietică subliniază interesul pe care -l manifestă pentru Basarabia. Partea germană își declară totalul dezinteres politic față de aceste teritorii.” (Din Protocolul adițional secret al Pactului Molotov-Ribbentrop, 23 august 1939) Nr Item Punctaj Utilizează sursele A, B și cunoștințele obținute anterior. 1 Numește evenimentul istoric în cadrul căruia a fost semnat Protocolul adițional secret. Utilizează sursa B și cunoștințele obținute anterior. 2 Numește, cel puțin, două state vizate prin prevederile Pactului Molotov - Ribbentrop. 1. 2. 2 Utilizează sursele A, B și cunoștințele obținute anterior. 3 Explică termenul revizionism. 2 4 Determină scopurile semnării Pactului Molotov-Ribbentrop: - scopul declarat: - scopul real: 2 3 4 5 Descrie consecințele Pactului Molotov-Ribbentrop pentru: Polonia: Statele baltice: 2 3 4 6 Identifică, în reperele cronologice (A), două acțiuni prin care URSS pune în aplicare prevederile Pactului Molotov-Ribbentrop. Argumentează răspunsul. 2 3 4 5 7 Apreciază contribuția Pactului Molotov-Ribbentrop în destinul istoric al Europei. Formulează două argumente. 2 3 4 5",!Teste examene 2016 - 2024/2023/Sesiunea suplimentara/09_ist_test_ro_ss23.pdf,pdfs/2023-sesiunea-suplimentara-test.pdf#page=4
9,2023-sesiunea-suplimentara-test-ii-1,2023-sesiunea-suplimentara-test,2023,Sesiunea suplimentara,,II.1,II,1,item,4,1 Numește evenimentul istoric în cadrul căruia a fost semnat Protocolul adițional secret. L 0,!Teste examene 2016 - 2024/2023/Sesiunea suplimentara/09_ist_test_ro_ss23.pdf,pdfs/2023-sesiunea-suplimentara-test.pdf#page=4
9,2023-sesiunea-suplimentara-test-ii-2,2023-sesiunea-suplimentara-test,2023,Sesiunea suplimentara,,II.2,II,2,item,5,"2 Numește, cel puțin, două state vizate prin prevederile Pactului Molotov - Ribbentrop. 1. 2.",!Teste examene 2016 - 2024/2023/Sesiunea suplimentara/09_ist_test_ro_ss23.pdf,pdfs/2023-sesiunea-suplimentara-test.pdf#page=5
9,2023-sesiunea-suplimentara-test-ii-3,2023-sesiunea-suplimentara-test,2023,Sesiunea suplimentara,,II.3,II,3,item,5,3 Explică termenul revizionism. 2,!Teste examene 2016 - 2024/2023/Sesiunea suplimentara/09_ist_test_ro_ss23.pdf,pdfs/2023-sesiunea-suplimentara-test.pdf#page=5
9,2023-sesiunea-suplimentara-test-ii-4,2023-sesiunea-suplimentara-test,2023,Sesiunea suplimentara,,II.4,II,4,item,5,4 Determină scopurile semnării Pactului Molotov-Ribbentrop: - scopul declarat: - scopul real: 2 3 4,!Teste examene 2016 - 2024/2023/Sesiunea suplimentara/09_ist_test_ro_ss23.pdf,pdfs/2023-sesiunea-suplimentara-test.pdf#page=5
9,2023-sesiunea-suplimentara-test-ii-5,2023-sesiunea-suplimentara-test,2023,Sesiunea suplimentara,,II.5,II,5,item,5,5 Descrie consecințele Pactului Molotov-Ribbentrop pentru: Polonia: Statele baltice: 2 3 4,!Teste examene 2016 - 2024/2023/Sesiunea suplimentara/09_ist_test_ro_ss23.pdf,pdfs/2023-sesiunea-suplimentara-test.pdf#page=5
9,2023-sesiunea-suplimentara-test-ii-6,2023-sesiunea-suplimentara-test,2023,Sesiunea suplimentara,,II.6,II,6,item,5,"6 Identifică, în reperele cronologice (A), două acțiuni prin care URSS pune în aplicare prevederile Pactului Molotov-Ribbentrop. Argumentează răspunsul. 2 3 4 5",!Teste examene 2016 - 2024/2023/Sesiunea suplimentara/09_ist_test_ro_ss23.pdf,pdfs/2023-sesiunea-suplimentara-test.pdf#page=5
9,2023-sesiunea-suplimentara-test-ii-7,2023-sesiunea-suplimentara-test,2023,Sesiunea suplimentara,,II.7,II,7,item,5,7 Apreciază contribuția Pactului Molotov-Ribbentrop în destinul istoric al Europei. Formulează două argumente. 2 3 4 5,!Teste examene 2016 - 2024/2023/Sesiunea suplimentara/09_ist_test_ro_ss23.pdf,pdfs/2023-sesiunea-suplimentara-test.pdf#page=5
9,2023-sesiunea-suplimentara-test-iii-essay,2023-sesiunea-suplimentara-test,2023,Sesiunea suplimentara,,III.essay,III,essay,essay,6,"SUBIECTUL al III-lea (15 puncte) Studiază sursele A-C. SURSA A. REPERE CRONOLOGICE 10 februarie 1989 – primele alegeri democratice în Parlament; 31 august 1989 – decretarea limbii române ca limbă de stat; 27 aprilie 1990 – adoptarea legii privind drapelul de stat; 23 iunie 1990 – proclamarea suveranității R.S.S. Moldova; 23 mai 1991 – schimbarea denumirii oficiale a statului; 27 august 1991 – proclamarea independenței Republicii Moldova; 29 iulie 1994 – adoptarea Constituției Republicii Moldova. SURSA B. „PARLAMENTUL REPUBLICII MOLDOVA […], REAMINTIND că în ultimii ani mişcarea democratică de eliberare naţională a populaţiei din Republica Moldova şi -a reafirmat aspiraţiile de libertate, independenţă şi unitate naţională, exprimate prin documentele finale ale Marilor Adunări Naţionale de la Chişinău din 27 august 1989, 16 decembrie 1990 şi 27 august 1991, prin legile şi hotărîrile Parlamentului Republicii Moldova privind decretarea limbii române ca limbă de stat şi reintroducerea alfabetului latin, din 31 august 1989, drapelul de stat, din 27 aprilie 1990 , stema de stat, din 3 noiembrie 1990, şi schimbarea denumirii oficiale a statului, din 23 mai 1991; PORNIND de la Declaraţia suveranităţii Republicii Moldova, adoptată de Parlament la 23 iunie 1990, şi de la faptul că populaţia Republicii Moldova, exercit înd dreptul său suveran, nu a participat la 17 martie 1991, în ciuda presiunilor exercitate de organele de stat ale U.R.S.S., la referendumul asupra menţinerii U.R.S.S.; PROCLAMĂ […]: REPUBLICA MOLDOVA ESTE UN STAT SUVERAN, INDEPENDENT ȘI DEMOCRATIC, LIBER SĂ-ȘI HOTĂRASCĂ PREZENTUL ȘI VIITORUL, FĂRĂ NICI UN AMESTEC DIN AFARĂ, ÎN CONFORMITATE CU IDEALURILE ȘI NĂZUINȚELE SFINTE ALE POPORULUI ÎN SPAȚIUL ISTORIC ȘI ETNIC AL DEVENIRII SALE NAȚIONALE.” (Din Declarația de independență a Republicii Moldova, 27 august 1991) SURSA C. „La ora prevăzută, printr -un scurt cuvânt, am deschis Marea Adunare Națională. Mulțimea scanda „Libertate!”, „Independență!”. Au rostit cuvântări șeful statului, primul -ministru, deputați, lideri și membri de rând ai Frontului Popular din Moldova. […] La ora 12. 00 am deschis ședința extraordinar ă a Parlamentului. Momentul culminant l -au constituit citirea de c ătre pre ședintele Parlamentului a textului proiectului Declara ției de Independență a Republicii Moldo va și votarea nominal ă a documentului. Declara ția a fost votat ă unanim de cei 277 de deputa ți prezenți în sală. […] Deputații și oaspeții prezenți la ședință […] au revenit în Piața Marii Adun ări Naționale, în mijlocul mul țimii, care îi aștepta cu ner ăbdare. Abia atunci am sim țit cât de important ă a fost prezen ța în inima capitalei a sute de mii de oameni în momentul votării Declarației de Independență.” (Gh. Cojocaru, Interviu cu Alexandru Moșanu) Item Punctaj Utilizează sursele pentru a argumenta, într-un text coerent, afirmația: Declarația de independență a Republicii Moldova este rezultatul mișcării democratice de masă. Notă: Formulează cel puțin trei argumente. 2 2 3 2 3 4 5 6 7 2",!Teste examene 2016 - 2024/2023/Sesiunea suplimentara/09_ist_test_ro_ss23.pdf,pdfs/2023-sesiunea-suplimentara-test.pdf#page=6
9,2024-esantion-test-2-i-1,2024-esantion-test-2,2024,Esantion,Test 2,I.1,I,1,item,3,1 Studiază posterul. Formulează o caracteristică specifică regimului totalitar comunist. Argumentează răspunsul. Inscripție: Către sfârșitul cincinalului colectivizarea URSS trebuie încheiată. 2 3,!Teste examene 2016 - 2024/2024/Esantion/09_IST_TEST2_RO_ES24.pdf,pdfs/2024-esantion-test-2.pdf#page=3
9,2024-esantion-test-2-i-2,2024-esantion-test-2,2024,Esantion,Test 2,I.2,I,2,item,3,2 Studiază imaginea. Determină un obiectiv de bază al ONU. Argumentează răspunsul. Ședința Organizației Națiunilor Unite 2 3,!Teste examene 2016 - 2024/2024/Esantion/09_IST_TEST2_RO_ES24.pdf,pdfs/2024-esantion-test-2.pdf#page=3
9,2024-esantion-test-2-i-3,2024-esantion-test-2,2024,Esantion,Test 2,I.3,I,3,item,3,3. Studiază coperta cărții. Numește un fapt istoric pe care autorul îl poate oferi pentru a justifica titlul lucrării. Argumentează răspunsul. Inscripție: Unirea Basarabiei cu România 2 3,!Teste examene 2016 - 2024/2024/Esantion/09_IST_TEST2_RO_ES24.pdf,pdfs/2024-esantion-test-2.pdf#page=3
9,2024-esantion-test-2-i-4,2024-esantion-test-2,2024,Esantion,Test 2,I.4,I,4,item,3,"4 Studiază tabelul. Apreciază consecințele sociale ale Marii Crize economice. Argumentează răspunsul. Tabel: Rata șomajului, 1928-1938 1928 1930 1932 Marea Britanie 11% 15% 23% Germania 8% 15% 30% SUA 4% 9% 24% 2 3",!Teste examene 2016 - 2024/2024/Esantion/09_IST_TEST2_RO_ES24.pdf,pdfs/2024-esantion-test-2.pdf#page=3
9,2024-esantion-test-2-ii-all,2024-esantion-test-2,2024,Esantion,Test 2,II.all,II,all,section,4,"SUBIECTUL al II-lea (23 de puncte) Studiază materialul suport și realizează sarcinile propuse. SURSA A. REPERE CRONOLOGICE noiembrie 1921 – fondarea Partidului național fascist în Italia 28 octombrie 1922 – marșul fasciștilor italieni spre Roma 1930 – constituirea Consiliului Național al Corporațiilor în Italia 30 ianuarie 1933 - numirea lui Hitler în postul de cancelar al Germaniei 1 august 1934 – unificarea funcțiilor de cancelar și președinte în Germania 1935 – introducerea serviciului militar obligatoriu în Germania 22 mai 1939 – semnarea Pa ctului de Oțel între Italia și Germania 23 august 1939 – încheierea Pactului Ribbentrop - Molotov SURSA B „Pentru fascism, totul este în stat și nimic uman, nimic spiritual nu există și nu are valoare în afara statului. În acest sens, fascismul este to talitar. În afara statului, [nu există] nici indivizi, nici grupuri (partide politice, asociații,sindicate, clase). De aceea fascismul se opune socialismului, care accentuează mișcările politice ale luptei de clasă și ignoră unitatea statului care fundamen tează clasele sociale pe o singură realitate economică și morală. Și, într-o manieră omoloagă, fascismul se opune sindicalismului.” (Benitto Mussolini, Fascismul, 1934) SURSA C „[...] Lichidarea opoziției comuniste, pusă în afara legii după incendierea Reichstag-ului (29 februarie). Această provocare îi permite lui Hitler să proclame decretul „pentru protejarea poporului german” (28 februarie 1933) care devine prima bază legală a dictaturii. Libertățile publice sunt suspendate, 4000 de militanți sunt ar estați și partidul comunist este interzis. S -au înmulțit arestările arbitrare și asasinatele. [...] Partidele sunt suprimate sau se dizolvă singure și, pe 14 iulie 1933 Partidul Național -Socialist este proclamat partid unic. Administrația este supusă epură rilor și puterile statului sunt transferate Reich -ului. SA (""Cămășile brune"") și „Poliția secretă a stat ului” - Gestapo - urmăresc pe opozanți, trimiși în lagăr e de concentrare (Dachau). [...] Regimul se angajează în primăvara lui 1933 într -o politică ostilă protestantismului și de persecuții împotriva evreilor.” (Pier Milza, Serge Berstein, Istoria secolului XX (1900-1945) Sfârșitul „lumii europene„) Nr. Item Punctaj Utilizează sursa A și cunoștințele obținute anterior. 1 Scrie un eveniment istoric, care a consemnat alianța dintre regimul totalitar nazist și cel fascist în perioada interbelică. Utilizează sursele B, С și cunoștințele obținute anterior. 2 Identifică două trăsături comune ale regimurilor totalitare fascist și nazist. 1. 2. 2 Utilizează sursele A, B, C și cunoștințele obținute anterior. 3 Explică termenul regim totalitar. 2 4 Descrie scopurile urmărite de către regimurile totalitare interbelice. -Regimul fascist italian: -Regimul nazist german: 2 3 4 5 Determină două consecințe ale instaurării regimurilor totalitare în Europa în perioada interbelică. Argumentează răspunsul. Consecința 1: Consecința 2: 2 3 4 6 Formulează o concluzie despre riscurile regimurilor totalitare pentru respectarea drepturilor omului. Argumentează răspunsul cu fragmente din surse. 2 3 4 5 7 Exprimă-ți opinia: Semnarea Pactului Ribbentrop - Molotov a consolidat alianța regimurilor totalitare din Europa în ajunul celui de-Al II Război Mondial. Formulează două argumente. 2 3 4 5",!Teste examene 2016 - 2024/2024/Esantion/09_IST_TEST2_RO_ES24.pdf,pdfs/2024-esantion-test-2.pdf#page=4
9,2024-esantion-test-2-ii-1,2024-esantion-test-2,2024,Esantion,Test 2,II.1,II,1,item,5,"1 Utilizează sursele B, С și cunoștințele obținute anterior.",!Teste examene 2016 - 2024/2024/Esantion/09_IST_TEST2_RO_ES24.pdf,pdfs/2024-esantion-test-2.pdf#page=5
9,2024-esantion-test-2-ii-2,2024-esantion-test-2,2024,Esantion,Test 2,II.2,II,2,item,5,2 Identifică două trăsături comune ale regimurilor totalitare fascist și nazist. 1. 2.,!Teste examene 2016 - 2024/2024/Esantion/09_IST_TEST2_RO_ES24.pdf,pdfs/2024-esantion-test-2.pdf#page=5
9,2024-esantion-test-2-ii-3,2024-esantion-test-2,2024,Esantion,Test 2,II.3,II,3,item,5,3 Explică termenul regim totalitar. 2,!Teste examene 2016 - 2024/2024/Esantion/09_IST_TEST2_RO_ES24.pdf,pdfs/2024-esantion-test-2.pdf#page=5
9,2024-esantion-test-2-ii-4,2024-esantion-test-2,2024,Esantion,Test 2,II.4,II,4,item,5,4 Descrie scopurile urmărite de către regimurile totalitare interbelice. -Regimul fascist italian: -Regimul nazist german: 2 3 4,!Teste examene 2016 - 2024/2024/Esantion/09_IST_TEST2_RO_ES24.pdf,pdfs/2024-esantion-test-2.pdf#page=5
9,2024-esantion-test-2-ii-5,2024-esantion-test-2,2024,Esantion,Test 2,II.5,II,5,item,5,5 Determină două consecințe ale instaurării regimurilor totalitare în Europa în perioada interbelică. Argumentează răspunsul. Consecința 1: Consecința 2: 2 3 4,!Teste examene 2016 - 2024/2024/Esantion/09_IST_TEST2_RO_ES24.pdf,pdfs/2024-esantion-test-2.pdf#page=5
9,2024-esantion-test-2-ii-6,2024-esantion-test-2,2024,Esantion,Test 2,II.6,II,6,item,5,6 Formulează o concluzie despre riscurile regimurilor totalitare pentru respectarea drepturilor omului. Argumentează răspunsul cu fragmente din surse. 2 3 4 5,!Teste examene 2016 - 2024/2024/Esantion/09_IST_TEST2_RO_ES24.pdf,pdfs/2024-esantion-test-2.pdf#page=5
9,2024-esantion-test-2-ii-7,2024-esantion-test-2,2024,Esantion,Test 2,II.7,II,7,item,5,7 Exprimă-ți opinia: Semnarea Pactului Ribbentrop - Molotov a consolidat alianța regimurilor totalitare din Europa în ajunul celui de-Al II Război Mondial. Formulează două argumente. 2 3 4 5,!Teste examene 2016 - 2024/2024/Esantion/09_IST_TEST2_RO_ES24.pdf,pdfs/2024-esantion-test-2.pdf#page=5
9,2024-esantion-test-2-iii-essay,2024-esantion-test-2,2024,Esantion,Test 2,III.essay,III,essay,essay,6,"SUBIECTUL al III-lea (15 puncte) Studiază sursele A-D. SURSA A. REPERE CRONOLOGICE 1919 – organizarea primelor alegeri în baza votului universal 1921 – reforma agrară din România 1922 - încoronarea regelui Ferdinand I și a reginei Maria la Alba Iulia 1923 – adoptarea Constituției României 1924 – Legea privind învățământul primar 1925 – Legea de unificare administrativă SURSA B. „Pe la 1930, în București tră iau 640 de mii de oameni, capitala era în plină industrializare, concentra multe dintre î ntreprinderile cu pondere importantă în economia ț ării: Uzinele Malaxa prosperau, se înființează Aeroportul Băneasa (1921) și Liniile Aeri ene Române (1933), care aparțineau statului, la fel ca și Uzinele Griviț a, Pirotehnica Armatei, Societatea Comunala de alimentare cu lapte a Bucureștiului, Abatorul și fabricile de gheață.” (Ioana Parvulescu, Întoarcere in Bucurestiul interbelic, 2003) SURSA C. „În ceea ce privește electrificarea rurală în Basarabia pe parcursul timpului, s -a dovedit că acest proces a fost o pârg hie a progresului social. În acest context, îmbunătăţirea modului de viaţă cotidian în această perioadă s -a manifestat prin modernizarea social -economică, prin mecanizarea proceselor de prelucrare în agricultură și în gospodăriile ţărănești, prin îmbunătăţ irea alimentaţiei, sporirea standardului de viaţă al locuitorilor satelor.” (Aurel Fondos, Viața cotidiană în Basarabia anilor 1930) SURSA D. Tabel: Dinamica evoluției învățământului primar în Basarabia Anul școlar Număr de școli Număr de învățători Număr de copii 1920-1921 1747 2746 136 172 1923-1924 2041 3927 203 627 1932-1933 2508 6273 356 651 Ianuarie 1939 2718 7581 346 747 Item Punctaj Utilizează sursele pentru a argumenta, într-un text coerent, afirmația: Marea Unire din 1918 a avut consecințe pozitive pentru întreaga societate. Notă: În elaborarea textului vei : - folosi sursele propuse; - respecta coerența textului cu structura: introducere, cuprins, concluzie; - formula cel puțin trei argumente; - utiliza în argumentare referințe cu privire la personalități sau repere cronologice; - formula un mesaj corect din punct de vedere științific. 2 2 3 2 3 4 5 6 7 2",!Teste examene 2016 - 2024/2024/Esantion/09_IST_TEST2_RO_ES24.pdf,pdfs/2024-esantion-test-2.pdf#page=6
9,2024-pretestare-test-i-1,2024-pretestare-test,2024,Pretestare,,I.1,I,1,item,3,1 Studiază coperta cărții. Numește un fapt istoric care justifică titlul cărții. Argumentează răspunsul. Inscripție: Tratatul de la Trianon și destinul României 2 3,!Teste examene 2016 - 2024/2024/Pretestare/09_IST_TEST_RO_PR24.pdf,pdfs/2024-pretestare-test.pdf#page=3
9,2024-pretestare-test-i-2,2024-pretestare-test,2024,Pretestare,,I.2,I,2,item,3,2 Studiază harta. Determină o consecință a Acordului de la München pentru independența și integritatea Cehoslovaciei. Argumentează răspunsul. Legendă: 1 – regiunea Sudeta 2 – regiunea Teschin; 3 – Slovacia meridională; 4 – Ucraina Subcarpatică; 5 – Protectoratul Boemiei și Moraviei; 6 – Slovacia. 2 3,!Teste examene 2016 - 2024/2024/Pretestare/09_IST_TEST_RO_PR24.pdf,pdfs/2024-pretestare-test.pdf#page=3
9,2024-pretestare-test-i-3,2024-pretestare-test,2024,Pretestare,,I.3,I,3,item,3,3. Studiază fotografia. Formulează o caracteristică pentru viața culturală din Basarabia interbelică. Argumentează răspunsul. 2 3,!Teste examene 2016 - 2024/2024/Pretestare/09_IST_TEST_RO_PR24.pdf,pdfs/2024-pretestare-test.pdf#page=3
9,2024-pretestare-test-i-4,2024-pretestare-test,2024,Pretestare,,I.4,I,4,item,3,"4 Studiază timbrul. Apreciază rolul personalității nominalizate în mișcarea de eliberare națională din Basarabia (1917-1918). Argumentează răspunsul. Inscripție: Ion Inculeț, 100 de ani de la Unirea Basarabiei cu România 2 3",!Teste examene 2016 - 2024/2024/Pretestare/09_IST_TEST_RO_PR24.pdf,pdfs/2024-pretestare-test.pdf#page=3
9,2024-pretestare-test-ii-all,2024-pretestare-test,2024,Pretestare,,II.all,II,all,section,4,"SUBIECTUL al II-lea (23 de puncte) Studiază materialul suport și realizează sarcinile propuse. SURSA A. REPERE CRONOLOGICE 21 iulie/3 august 1914 – Consiliul de Coroană dezbate la Sinaia subiectul participării în război 4/17 august 1916 – România semnează Tratatul de alianță și Convenția militară cu Antanta 14/27 august 1916 – Consiliul de Coroană a decis intrarea României în război de partea Antantei iulie–august 1917 – victoriile de la Mărăști, Mărășești și Oituz 26 noiembrie /9 decembrie 1917 – semnarea Armistițiului de la Focșani 24 aprilie /7 mai 1918 –semnarea Tratatului de pace de la București 28 octombrie/10 noiembrie 1918 – reintrarea României în război 1 decembrie 1918 – Marea Unire SURSA B. „Războiul, la care ia parte mai toată Europa, pune în discuție cele mai grave probleme privitoare la dezvoltarea națională și chiar la existența statelor. România, împinsă de dorinț a de a contribui să grăbească sfârșitul conflictulu i și s ub imperiul necesității de a -și salva interesele de rasă, se vede nevoită a intra în luptă alături de aceia, care pot să -i asigure înfăptuirea unității sale naționale. Pentru aceste motive, ea se con sideră, chiar din acest moment, în stare de război cu Austro-Ungaria.” (Extras din Declarația de război a României, 14/27 august 1916) SURSA C. „Ostași! V -am chemat ca să purtați steagurile noastre peste hotarele , unde frații noștri vă așteaptă cu nerăbdare și cu inima plină de năd ejde. [...] Veți lupta alături de marile națiuni cu care ne-am unit. O luptă aprigă vă așteaptă. Cu bărbăție să -i îndurăm greutățile, izbânda va fi a noastră. De-a lungul veacurilor, un neam întreg vă va binecuvânta și slăvi.” (Ferdinand I, regele României) SURSA D. „Pentru românii ardeleni rezultatul cel mai important al războiului a fost Marea Unire. Nivelurile la care a fost afectată această regiune au fost dif erite, nu a rămas nici un aspect neinfluențat de desfășura rea războiului. [...] a afectat și partea civilă a societății, fiecare aspect a avut de suferit, începând cu alimentația, nivelul de trai, educația, mentalitatea etc. Toate s -au schimbat odată cu trecerea timpului și prelungirea războiului.” (Ioana Elena Ignat, Mobilizare și participare în Transilvania în Primul Război Mondial: perspective socio-economice și demografice) Nr. Item Punctaj Utilizează sursa A și cunoștințele obținute anterior. 1 Identifică un eveniment care a marcat intrarea României în Primul Război Mondial. 2 Explică termenul tratat. 2 Utilizează sursele A, B și cunoștințele obținute anterior. 3 Demonstrează, că România a aderat la blocul politico-militar Antanta. ___________________________________________________________________ 2 4 Determină două cauze ale semnării Tratatului de alianță și a Convenției militare cu Antanta. Explică răspunsul. 1: 2: 2 3 4 Utilizează sursele A, B, C, D și cunoștințele obținute anterior. 5 Descrie două consecințe ale Primului Război Mondial pentru România. 1: 2: 2 3 4 6 Numește o person alitate istorică care a condus statul român în timpul Primului Război Mondial. Formulează două argumente. Personalitatea: 1: 2: 2 3 4 5 7 Exprimă-ți opinia: A fost justificată participarea României la Primul Război Mondial? Formulează două argumente. 2 3 4 5",!Teste examene 2016 - 2024/2024/Pretestare/09_IST_TEST_RO_PR24.pdf,pdfs/2024-pretestare-test.pdf#page=4
9,2024-pretestare-test-ii-1,2024-pretestare-test,2024,Pretestare,,II.1,II,1,item,5,1 Identifică un eveniment care a marcat intrarea României în Primul Război Mondial.,!Teste examene 2016 - 2024/2024/Pretestare/09_IST_TEST_RO_PR24.pdf,pdfs/2024-pretestare-test.pdf#page=5
9,2024-pretestare-test-ii-2,2024-pretestare-test,2024,Pretestare,,II.2,II,2,item,5,"2 Utilizează sursele A, B și cunoștințele obținute anterior. 3 Demonstrează, că România a aderat la blocul politico-militar Antanta. ___________________________________________________________________ 2",!Teste examene 2016 - 2024/2024/Pretestare/09_IST_TEST_RO_PR24.pdf,pdfs/2024-pretestare-test.pdf#page=5
9,2024-pretestare-test-ii-4,2024-pretestare-test,2024,Pretestare,,II.4,II,4,item,5,4 Determină două cauze ale semnării Tratatului de alianță și a Convenției militare cu Antanta. Explică răspunsul. 1: 2: 2 3,!Teste examene 2016 - 2024/2024/Pretestare/09_IST_TEST_RO_PR24.pdf,pdfs/2024-pretestare-test.pdf#page=5
9,2024-pretestare-test-ii-5,2024-pretestare-test,2024,Pretestare,,II.5,II,5,item,5,5 Descrie două consecințe ale Primului Război Mondial pentru România. 1: 2: 2 3 4,!Teste examene 2016 - 2024/2024/Pretestare/09_IST_TEST_RO_PR24.pdf,pdfs/2024-pretestare-test.pdf#page=5
9,2024-pretestare-test-ii-6,2024-pretestare-test,2024,Pretestare,,II.6,II,6,item,5,6 Numește o person alitate istorică care a condus statul român în timpul Primului Război Mondial. Formulează două argumente. Personalitatea: 1: 2: 2 3 4 5,!Teste examene 2016 - 2024/2024/Pretestare/09_IST_TEST_RO_PR24.pdf,pdfs/2024-pretestare-test.pdf#page=5
9,2024-pretestare-test-ii-7,2024-pretestare-test,2024,Pretestare,,II.7,II,7,item,5,7 Exprimă-ți opinia: A fost justificată participarea României la Primul Război Mondial? Formulează două argumente. 2 3 4 5,!Teste examene 2016 - 2024/2024/Pretestare/09_IST_TEST_RO_PR24.pdf,pdfs/2024-pretestare-test.pdf#page=5
9,2024-pretestare-test-iii-essay,2024-pretestare-test,2024,Pretestare,,III.essay,III,essay,essay,6,"SUBIECTUL al III-lea (15 puncte) Studiază sursele A-C. SURSA A. „Politica noastră nu este îndreptată împotriva nici unei țări, nici unei d octrine, ci împotriva foametei, sărăciei, disper ării și haosului. Scopul nostru trebuie să fi e re nașterea unei economii mondiale sănătoase pentru a permite stabilirea de condiții politice și socia le pro pice instituțiilor libere. […]” (Extras din discursul secretarului de stat al SUA, G. Marshall, 1947) SURSA B. „Esența planului Marshall constă în înjghebarea unui bloc de state legate cu angaj amente față de SUA și acordarea creditelor americane ca plată pentru renunțarea statelor europene la independența lor economică, apoi și cea politică. Baza planului Marshall co nstă în restabilirea regiunilor industriale ale Germaniei Occidentale, controlate de monopolurile americane.” (A.A. Jdanov, secretar al CC al PC(b) al Uniunii Sovietice, Extras din raportul prezentat la ședința Cominformului din 25 septembrie 1947) SURSA C. „În perioada aprilie 1948 - decembrie 1951, creditele totale ale Planului Marshall au însumat aproximativ 12,4 miliarde de dolari, ce a mai mare parte a fost alocată Angliei (2,8 miliarde de dolari), Franței (2,5 miliarde de dolari), Italiei (1,3 miliarde de dolari), Germaniei de Vest (1,3 miliarde de dolari) și Olandei (1,0 miliarde de dolari). La 30 decembrie 1951, Planul Marshall și -a încheiat activitatea în mod oficial și a fost înlocuit cu ""Legea securității reciproce"" (adoptată de Congresul SUA la 10 octombrie 1951).” (Planul Marshall, Enciclopedia istorică sovietică) Item Punctaj Utilizează sursele pentru a argumenta, într-un text coerent, afirmația: Planul Marshall a avut o contribuție semnificativă în evoluția relațiilor internaționale postbelice. Notă: În elaborarea textului vei : - folosi sursele propuse; - respecta coerența textului cu structura: introducere, cuprins, concluzie; - formula cel puțin trei argumente; - utiliza în argumentare referințe cu privire la personalități sau repere cronologice; - formula un mesaj corect din punct de vedere științific. 2 2 3 2 3 4 5 6 7 2",!Teste examene 2016 - 2024/2024/Pretestare/09_IST_TEST_RO_PR24.pdf,pdfs/2024-pretestare-test.pdf#page=6
9,2024-sesiunea-de-baza-test-i-1,2024-sesiunea-de-baza-test,2024,Sesiunea de bază,,I.1,I,1,item,3,"1 Studiază coperta cărții. Numește un eveniment istoric, care justifică titlul cărții. Argumentează răspunsul. Inscripție: Planul Marshall. Zorii războiului rece. 2 3",!Teste examene 2016 - 2024/2024/Sesiunea de bază/09_ist_test_ro_sb24.pdf,pdfs/2024-sesiunea-de-baza-test.pdf#page=3
9,2024-sesiunea-de-baza-test-i-2,2024-sesiunea-de-baza-test,2024,Sesiunea de bază,,I.2,I,2,item,3,2 Studiază harta. Identifică pe hartă un teri toriu pierdut de România în anul 1940. Argumentează răspunsul. Harta: Pierderile teritoriale ale României în anul 1940 2 3,!Teste examene 2016 - 2024/2024/Sesiunea de bază/09_ist_test_ro_sb24.pdf,pdfs/2024-sesiunea-de-baza-test.pdf#page=3
9,2024-sesiunea-de-baza-test-i-3,2024-sesiunea-de-baza-test,2024,Sesiunea de bază,,I.3,I,3,item,3,3. Studiază imaginea. Formulează o caracteristică specifică culturii și științei contemporane. Argumentează răspunsul. 2 3,!Teste examene 2016 - 2024/2024/Sesiunea de bază/09_ist_test_ro_sb24.pdf,pdfs/2024-sesiunea-de-baza-test.pdf#page=3
9,2024-sesiunea-de-baza-test-i-4,2024-sesiunea-de-baza-test,2024,Sesiunea de bază,,I.4,I,4,item,3,4 Studiază timbrul. Apreciază importanța istorică a Declarației de Independență a Republicii Moldova. Argumentează răspunsul. Inscripție: 10 ani de la Declarația Independenței Republicii Moldova 2 3,!Teste examene 2016 - 2024/2024/Sesiunea de bază/09_ist_test_ro_sb24.pdf,pdfs/2024-sesiunea-de-baza-test.pdf#page=3
9,2024-sesiunea-de-baza-test-ii-all,2024-sesiunea-de-baza-test,2024,Sesiunea de bază,,II.all,II,all,section,4,"SUBIECTUL al II-lea (23 de puncte) Studiază materialul suport și realizează sarcinile propuse. SURSA A. REPERE CRONOLOGICE 8 ianuarie 1918 – adresarea președintelui Woodrow Wilson către Congresul SUA în care formulează „Cele 14 puncte”; 18 ianuarie 1919–21 ianuarie 1920 – Conferința de Pace de la Paris; 28 iunie 1919 – semnarea Tratatului de la Versailles cu Germania; 10 septembrie 1919 – semnarea Tratatului de la Saint-Germainen-Laye cu Austria; 27 noiembrie 1919 – semnarea Tratatului de la Neuilly-sur-Seine cu Bulgaria; 4 iunie 1920 – semnarea Tratatului de la Trianon cu Ungaria; 10 august 1920 – semnarea Tratatului de la Sevres cu Turcia; 28 octombrie 1920 – semnarea Tratatului de la Paris. SURSA B. „Tratatele de pace menite să pună capăt războiului sunt pregătite de Conferința de pace, care reunește țările învingătoare la Paris începând cu data de 18 ianuarie 1919. Președintele Consiliului de Miniștri francez, Clemenceau, primul ministru britanic Lloy d George, președintele Statelor Unite, Wilson, domină dezbaterile. Pentru ei nu este vorba numai de a satisface interesele lor naționale, ci și de a instaura o ordine internațională mai justă: textul care servește ca bază pentru discuții este mesajul alcăt uit din 14 puncte al președintelui Wilson din ianuarie 1918, care apără dreptul popoarelor la autodeterminare și promovează ideea creării unei organizații a națiunilor care să aibă ca obiectiv garantarea păcii mondiale.” (Anne Carol, Jean Garrigues, Martin Ivernel, Dicționar de istorie a secolului XX) SURSA C. „I. Convenții de pace publice, discutate deschis [...]. X. Popoarelor din Austro - Ungaria, al căror loc între națiuni dorim să -l pregătim și să -l asigurăm, trebuie s ă li se dea cea mai liberă posibilitate de dezvoltare independentă. XI. România, Serbia și Muntenegru trebuie evacuate; teritoriile ocupate trebuie restituite [...]. XII. Părților turcești ale Imperiului Otoman trebuie să li se asigure suveranitatea deplină [...]. XIII. Trebuie să se înființeze un stat polonez independent [...]. XIV. Prin tratate speciale, trebuie să se înființeze o ligă generală a națiunilor.” (Extras din Mesajul președintelui american W. Wilson adresat Congresului SUA la 8 ianuarie 1918) SURSA D. Harta: Dezintegrarea Imperiului Austro-Ungar Nr. Item Punctaj Utilizează sursa A și cunoștințele obținute anterior. 1 Numește un fapt istoric, care a pus bazele unei noi ordini internaționale după Primul Război Mondial. 2 Identifică două documente care atestă recunoașterea internațională a Marii Uniri din 1918. 2 Utilizează sursele A, B și cunoștințele obținute anterior. 3 Explică termenul tratat. 2 4 Determină două obiective ale Conferinței de pace de la Paris (1919 -1920). Explică răspunsul. 1: 2: 2 3 4 Utilizează sursele A, B, C, D și cunoștințele obținute anterior. 5 Descrie câte o consecință a Conferinței de Pace de la Paris (1919-1920) pentru: Imperiul Austro-Ungar: România: 2 3 4 6 Numește o person alitate istorică, care a avut un rol important în lucrările Conferinței de pace de la Paris (1919-1920). Formulează două argumente. Personalitatea: 1: 2: 2 3 4 5 7 Exprimă-ți opinia: De ce era necesară crearea unei organizații internaționale după Primul Război Mondial? Formulează două argumente. 2 3 4 5",!Teste examene 2016 - 2024/2024/Sesiunea de bază/09_ist_test_ro_sb24.pdf,pdfs/2024-sesiunea-de-baza-test.pdf#page=4
9,2024-sesiunea-de-baza-test-ii-1,2024-sesiunea-de-baza-test,2024,Sesiunea de bază,,II.1,II,1,item,5,"1 Numește un fapt istoric, care a pus bazele unei noi ordini internaționale după Primul Război Mondial.",!Teste examene 2016 - 2024/2024/Sesiunea de bază/09_ist_test_ro_sb24.pdf,pdfs/2024-sesiunea-de-baza-test.pdf#page=5
9,2024-sesiunea-de-baza-test-ii-2,2024-sesiunea-de-baza-test,2024,Sesiunea de bază,,II.2,II,2,item,5,2 Identifică două documente care atestă recunoașterea internațională a Marii Uniri din 1918.,!Teste examene 2016 - 2024/2024/Sesiunea de bază/09_ist_test_ro_sb24.pdf,pdfs/2024-sesiunea-de-baza-test.pdf#page=5
9,2024-sesiunea-de-baza-test-ii-3,2024-sesiunea-de-baza-test,2024,Sesiunea de bază,,II.3,II,3,item,5,3 Explică termenul tratat. 2,!Teste examene 2016 - 2024/2024/Sesiunea de bază/09_ist_test_ro_sb24.pdf,pdfs/2024-sesiunea-de-baza-test.pdf#page=5
9,2024-sesiunea-de-baza-test-ii-4,2024-sesiunea-de-baza-test,2024,Sesiunea de bază,,II.4,II,4,item,5,4 Determină două obiective ale Conferinței de pace de la Paris (1919 -1920). Explică răspunsul. 1: 2: 2 3,!Teste examene 2016 - 2024/2024/Sesiunea de bază/09_ist_test_ro_sb24.pdf,pdfs/2024-sesiunea-de-baza-test.pdf#page=5
9,2024-sesiunea-de-baza-test-ii-5,2024-sesiunea-de-baza-test,2024,Sesiunea de bază,,II.5,II,5,item,5,5 Descrie câte o consecință a Conferinței de Pace de la Paris (1919-1920) pentru: Imperiul Austro-Ungar: România: 2 3 4,!Teste examene 2016 - 2024/2024/Sesiunea de bază/09_ist_test_ro_sb24.pdf,pdfs/2024-sesiunea-de-baza-test.pdf#page=5
9,2024-sesiunea-de-baza-test-ii-6,2024-sesiunea-de-baza-test,2024,Sesiunea de bază,,II.6,II,6,item,5,"6 Numește o person alitate istorică, care a avut un rol important în lucrările Conferinței de pace de la Paris (1919-1920). Formulează două argumente. Personalitatea: 1: 2: 2 3 4 5",!Teste examene 2016 - 2024/2024/Sesiunea de bază/09_ist_test_ro_sb24.pdf,pdfs/2024-sesiunea-de-baza-test.pdf#page=5
9,2024-sesiunea-de-baza-test-ii-7,2024-sesiunea-de-baza-test,2024,Sesiunea de bază,,II.7,II,7,item,5,7 Exprimă-ți opinia: De ce era necesară crearea unei organizații internaționale după Primul Război Mondial? Formulează două argumente. 2 3 4 5,!Teste examene 2016 - 2024/2024/Sesiunea de bază/09_ist_test_ro_sb24.pdf,pdfs/2024-sesiunea-de-baza-test.pdf#page=5
9,2024-sesiunea-de-baza-test-iii-essay,2024-sesiunea-de-baza-test,2024,Sesiunea de bază,,III.essay,III,essay,essay,6,"SUBIECTUL al III-lea (15 puncte) Studiază sursele A-C. SURSA A. „O mare importanță în colectivizarea reușită a agriculturii a avut -o trecerea de la politica de limitare la politica de lichidare a chiaburimii ca clasă și efectuarea, în legătură cu aceasta, a deportării peste hotarele republicii a unei părți considerabile a chiaburimii și a altor elemente ostile. Această măsură a creat cele mai favorabile condiții pentru accelerarea transformărilor socialiste la sate.” (Din Raportul prezentat de N. Koval la Plenara a III-a a CC al PC(b)M, decembrie 1949) SURSA B. „Conform cotelor stabilite, o gospodărie țărănească din județul Tighina (Bender) care avea 2 ha de teren agricol (arătură, livezi, grăd ină de zarzavat, luncă, pășune) era obligată să livreze statului 160 kg de cereale, 40 kg de carne, 120 de ouă, 100 de litri de lapte de la fi ecare vacă. Cerealele, floarea -soarelui, cartofii și fânul trebuiau livrate indiferent dacă țăranul cultiva sau nu aceste culturi. Brânza și lâna erau livrate dacă î n gospo dărie erau oi sau capre. Executarea obligațiilor stabi lite prin hotărârile menționate era consi derată datorie primordială a fiecărei gospodării țărănești și trebuia să fie efectuată necondiționat, în termenele fixate, din recolta treierată în primul rând.” (I. Șișcanu, Foametea din RSS Moldovenească în anii 1946–1947) SURSA C. „Colectivizarea a avut drept consecință instaurarea unor noi relații social -economice în localitățile rurale din RSS Moldovenească, instaurarea proprietății colective (de fapt , de stat) asupra pământului și mijloacelor de producție. De asemenea, prin colectivizare s -a instaurat controlul economic și politic asupra locuitorilor de la sate, lipsindu -i de pământ în calitate de sursă de existență și instituind dependența de colhoz, de locu l de muncă. Modul tradițional de viață practicat în Basarabia a fost înlocuit de un model sovietic al vieții cotidiene, implementat pe larg și în alte regiuni ale Uniunii Sovietice. […] Satul sovietic s -a transformat, a dobândit noi caracteristici impuse p rin metode de comandă și represive: rechiziții forțate, foametea organizată, deportări, intimidări și presiuni. Aceste procese au determinat schimbări esențiale în viața cotidiană a populației, fostul țăran proprietar sau arendaș de pământ a devenit muncitor agricol.” (Adrian Dolghi, Impactul colectivizării asupra vieții cotidiene din RSS Moldovenească (1944-1951), în: Conferința științifică internațională, 2019) Item Punctaj Utilizează sursele pentru a argumenta, într-un text coerent, afirmația: Colectivizarea a marcat esențial viața populației rurale din RSSM. Notă: În elaborarea textului, vei: - folosi sursele propuse; - respecta coerența textului cu structura: introducere, cuprins, concluzie; - formula cel puțin trei argumente; - utiliza în argumentare referințe cu privire la personalități sau repere cronologice; - formula un mesaj corect din punct de vedere științific. 2 2 3 2 3 4 5 6 7 2",!Teste examene 2016 - 2024/2024/Sesiunea de bază/09_ist_test_ro_sb24.pdf,pdfs/2024-sesiunea-de-baza-test.pdf#page=6
9,2024-suplimentara-test-i-1,2024-suplimentara-test,2024,Suplimentară,,I.1,I,1,item,3,"1 Studiază coperta cărții. Numește un eveniment istoric, care justifică titlul cărții. Argumentează răspunsul. Inscripție: 1 decembrie 1918. Mărturii ale participanților 2 3",!Teste examene 2016 - 2024/2024/Suplimentară/09_ist_test_ro_ss24.pdf,pdfs/2024-suplimentara-test.pdf#page=3
9,2024-suplimentara-test-i-2,2024-suplimentara-test,2024,Suplimentară,,I.2,I,2,item,3,2 Studiază harta. Determină o consecință a Pactului Molotov -Ribbentrop pentru Polonia. Argumentează răspunsul. Harta: Pactul Molotov-Ribbentrop 2 3,!Teste examene 2016 - 2024/2024/Suplimentară/09_ist_test_ro_ss24.pdf,pdfs/2024-suplimentara-test.pdf#page=3
9,2024-suplimentara-test-i-3,2024-suplimentara-test,2024,Suplimentară,,I.3,I,3,item,3,"3. Studiază imaginea. Formulează o caracteristică specifică științei și tehnicii contemporane. Argumentează răspunsul. Neil Armstrong: „Un pas mic pentru om, un salt uriaș pentru omenire” 2 3",!Teste examene 2016 - 2024/2024/Suplimentară/09_ist_test_ro_ss24.pdf,pdfs/2024-suplimentara-test.pdf#page=3
9,2024-suplimentara-test-i-4,2024-suplimentara-test,2024,Suplimentară,,I.4,I,4,item,3,4 Studiază moneda. Apreciază rolul personalității date în istoria românilor. Argumentează răspunsul. Inscripție: Ferdinand I intregitorul 2 3,!Teste examene 2016 - 2024/2024/Suplimentară/09_ist_test_ro_ss24.pdf,pdfs/2024-suplimentara-test.pdf#page=3
9,2024-suplimentara-test-ii-all,2024-suplimentara-test,2024,Suplimentară,,II.all,II,all,section,4,"SUBIECTUL al II-lea (23 de puncte) Studiază materialul suport și realizează sarcinile propuse. SURSA A. REPERE CRONOLOGICE 29 iulie – 15 octombrie 1946 – Conferința de Pace de la Paris; 5 iunie 1947 – lansarea Planului Marshall; 25 ianuarie 1949 – crearea Consiliului de Ajutor Economic Reciproc (CAER); 4 aprilie 1949 – crearea Organizației Tratatului Atlanticului de Nord (NATO); 14 mai 1955 – crearea Organizației Tratatului de la Varșovia (OTV); octombrie 1962 – Criza rachetelor din Cuba; 20–21 august 1968 – intervenția sovietică în Cehoslovacia. SURSA B. „Este logic ca Statele Unite ale Americii să facă tot ceea ce le stă în putere pentru a ajuta lumea să-și regăsească sănăt atea economică normală, fără de care aceasta nu poate dobândi nici stabilitate politică, nici pace asigurată. Acțiunea noastră nu este îndreptată împotriva nici un ei țări, nici unei doctrine, ci împotriva foametei, sărăciei, disperării și haosului. Scopul nostru trebuie să fie renașterea unei economii mondiale sănătoase pentru a permite stabilirea de condiții politice și sociale propice instituțiilor libere. […] Nu va fi nici oportun, nici eficace ca noi să elaborăm într-un mod unilateral un program destinat să repună Europa pe picioare în domeniul economic. Ac easta este sarcina europenilor. După părerea mea, Europa este cea care trebuie să ia inițiativa, iar rolul Statelor Unite va consta în a furniza aju tor amica l pentru redactarea programelor și, apoi, în a susține practic planurile elaborate, în măsura posibilităților.” (Planul Marshall, extras din discursul secretarului de stat american la Universitatea Harvard, iunie 1947) SURSA C. „O cortină de fi er s -a lăsat asupra Europei de la Stettin, la Marea Baltică, până la Triest, la Marea Adriatică. În spatele acestei cortine au rămas toate capitalele statelor din centrul și estul Europei: Varșovia, Berlin, Praga, Viena, Budapesta, Belgrad , București și Sofia. Toate aceste orașe celebre, precum și populația lor se află în sfera de infl uență sovietică.” (Winston Churchill, discurs rostit la Universitatea din Fulton) SURSA D. Harta: Cortina de fier Nr. Item Punctaj Utilizează sursa A și cunoștințele obținute anterior. 1 Numește un fapt istoric, care a pus bazele unei noi ordini internaționale după al Doilea Război Mondial. 2 Identifică două blocuri politico-militare create în perioada postbelică. 2 Utilizează sursele A, B, C, D și cunoștințele obținute anterior. 3 Explică termenul cortină de fier. 2 4 Identifică în sursa B scopul lansării Planului Marshall de către SUA. Explică răspunsul. 2 3 4 5 Descrie câte o consecință a instaurării cortinei de fier pentru: Franța: România: 2 3 4 6 Apreciază rolul lui Winston Churchill în istorie. Formulează două argumente. 2 3 4 5 7 Exprimă-ți opinia: De ce statele europene au avut un destin diferit după al Doilea Război Mondial? Formulează două argumente. 2 3 4 5",!Teste examene 2016 - 2024/2024/Suplimentară/09_ist_test_ro_ss24.pdf,pdfs/2024-suplimentara-test.pdf#page=4
9,2024-suplimentara-test-ii-1,2024-suplimentara-test,2024,Suplimentară,,II.1,II,1,item,5,"1 Numește un fapt istoric, care a pus bazele unei noi ordini internaționale după al Doilea Război Mondial.",!Teste examene 2016 - 2024/2024/Suplimentară/09_ist_test_ro_ss24.pdf,pdfs/2024-suplimentara-test.pdf#page=5
9,2024-suplimentara-test-ii-2,2024-suplimentara-test,2024,Suplimentară,,II.2,II,2,item,5,2 Identifică două blocuri politico-militare create în perioada postbelică.,!Teste examene 2016 - 2024/2024/Suplimentară/09_ist_test_ro_ss24.pdf,pdfs/2024-suplimentara-test.pdf#page=5
9,2024-suplimentara-test-ii-3,2024-suplimentara-test,2024,Suplimentară,,II.3,II,3,item,5,3 Explică termenul cortină de fier. 2,!Teste examene 2016 - 2024/2024/Suplimentară/09_ist_test_ro_ss24.pdf,pdfs/2024-suplimentara-test.pdf#page=5
9,2024-suplimentara-test-ii-4,2024-suplimentara-test,2024,Suplimentară,,II.4,II,4,item,5,4 Identifică în sursa B scopul lansării Planului Marshall de către SUA. Explică răspunsul. 2 3 4,!Teste examene 2016 - 2024/2024/Suplimentară/09_ist_test_ro_ss24.pdf,pdfs/2024-suplimentara-test.pdf#page=5
9,2024-suplimentara-test-ii-5,2024-suplimentara-test,2024,Suplimentară,,II.5,II,5,item,5,5 Descrie câte o consecință a instaurării cortinei de fier pentru: Franța: România: 2 3 4,!Teste examene 2016 - 2024/2024/Suplimentară/09_ist_test_ro_ss24.pdf,pdfs/2024-suplimentara-test.pdf#page=5
9,2024-suplimentara-test-ii-6,2024-suplimentara-test,2024,Suplimentară,,II.6,II,6,item,5,6 Apreciază rolul lui Winston Churchill în istorie. Formulează două argumente. 2 3 4 5,!Teste examene 2016 - 2024/2024/Suplimentară/09_ist_test_ro_ss24.pdf,pdfs/2024-suplimentara-test.pdf#page=5
9,2024-suplimentara-test-ii-7,2024-suplimentara-test,2024,Suplimentară,,II.7,II,7,item,5,7 Exprimă-ți opinia: De ce statele europene au avut un destin diferit după al Doilea Război Mondial? Formulează două argumente. 2 3 4 5,!Teste examene 2016 - 2024/2024/Suplimentară/09_ist_test_ro_ss24.pdf,pdfs/2024-suplimentara-test.pdf#page=5
9,2024-suplimentara-test-iii-essay,2024-suplimentara-test,2024,Suplimentară,,III.essay,III,essay,essay,6,"SUBIECTUL al III-lea (15 puncte) Studiază sursele A-D. SURSA A. „Vom închina toate puterile noastre consolidării Unităţii Naţionale. Vom da României întregite Constituţia aşteptată. Vom face o politică de dreptate socială, asigurâ nd astfel democraţiei sănătoase liniştea necesară pentru a dezvolta roadele dobândite prin sufragiul universal. Vom desăvârși pentru ţărani aplicarea reformei agrare şi vom veghea la îmbunătăţirea stării lor materiale, culturale şi morale.” (Extras din Programul Partidului Naţional Liberal, ianuarie 1922) SURSA B. „Art. 1. - Regatul României este un Stat național unitar și indivizibil. Art. 7. Deosebirea de credințe religioase și confesiuni, de originea etnică și de l imbă, nu constituie în România o piedică spre a dobandi drepturile civile și politice și a le exercita. Art. 33. Toate puterile Statului emană de la națiune, care nu le poate exercita decât numai prin delegațiune și după principiile și regulile așezate în Constituțiunea de față.” (Extras din Constituția României, 1923) SURSA C. ”Reforma agrară din 1921 a determinat însemnate modificări în structura proprietăţii funciare rurale din România. Ca rezultat al traducerii ei în fapt, s-a expropriat, până în anul 1938, de la 18 262 mari proprietari, o suprafaţă de 5 804 838 ha arabile, fânețe, păşuni, păduri, vii şi terenuri necultivabile. Din această întindere, 3 860 353 ha au fost distribuite la împroprietărirea individuală a 1 393 353 ţărani, restul în tinderii expropriate fiind destinată pentru păşuni şi păduri comunale, vetre de sat, rezerve de interes de stat sau obştesc.” (Dumitru Şandru, Reforma agrară din 1921 și loturile demonstrative) SURSA D. „Art.5. Învățământul primar este unitar în tot cuprinsul țării. Art.6. Învățământul primar este obligatoriu și gratuit în condițiile prevăzute de această lege. […] Art.7. Învățământul primar în școlile statului se predă în limba română.” (Extras din Legea pentru învățământul primar al statului și învățământul normal-primar, 1924) Item Punctaj Utilizează sursele pentru a argumenta, într-un text coerent, afirmația: Reformele liberale din România interbelică au contribuit la dezvoltarea țării. Notă: În elaborarea textului, vei: - folosi sursele propuse; - respecta coerența textului cu structura: introducere, cuprins, concluzie; - formula cel puțin trei argumente; - utiliza în argumentare referințe cu privire la personalități sau repere cronologice; - formula un mesaj corect din punct de vedere științific. 2 2 3 2 3 4 5 6 7 2",!Teste examene 2016 - 2024/2024/Suplimentară/09_ist_test_ro_ss24.pdf,pdfs/2024-suplimentara-test.pdf#page=6
9,2025-esantion-test-1-i-1,2025-esantion-test-1,2025,Esantion,Test 1,I.1,I,1,item,3,1 Studiază imaginea. Formulează o caracteristică a regimurilor democratice din perioada interbelică. Argumentează răspunsul. I Inscripție: Drept de vot femeilor 2 3,!Teste examene 2016 - 2024/2025/Esantion/09_ist_test1_ro_es25.pdf,pdfs/2025-esantion-test-1.pdf#page=3
9,2025-esantion-test-1-i-2,2025-esantion-test-1,2025,Esantion,Test 1,I.2,I,2,item,3,2 Studiază posterul. Determină evenimentul istoric la care face trimitere autorul. Argumentează răspunsul. Inscripție: România la 27 martie 1918 2 3,!Teste examene 2016 - 2024/2025/Esantion/09_ist_test1_ro_es25.pdf,pdfs/2025-esantion-test-1.pdf#page=3
9,2025-esantion-test-1-i-3,2025-esantion-test-1,2025,Esantion,Test 1,I.3,I,3,item,3,3 Studiază coperta cărții. Apreciază rolul personalității reprezentate în istorie. Argumentează răspunsul. 2 3,!Teste examene 2016 - 2024/2025/Esantion/09_ist_test1_ro_es25.pdf,pdfs/2025-esantion-test-1.pdf#page=3
9,2025-esantion-test-1-i-4,2025-esantion-test-1,2025,Esantion,Test 1,I.4,I,4,item,3,"4 Studiază tabelul. Formulează o concluzie despre dezvoltarea industriei în România interbelică. Argumentează răspunsul. , Tabel: Producția de cărbune și oțel în România în anii 1921-1939 (t) Anul Cărbune Oțel 1921 1.804.676 - 1929 3.046.027 49.386 1933 1.508.456 144.766 1939 2.395.538 276.532 2 3",!Teste examene 2016 - 2024/2025/Esantion/09_ist_test1_ro_es25.pdf,pdfs/2025-esantion-test-1.pdf#page=3
9,2025-esantion-test-1-ii-all,2025-esantion-test-1,2025,Esantion,Test 1,II.all,II,all,section,4,"SUBIECTUL al II-lea (23 de puncte) Studiază materialul suport și realizează sarcinile propuse. REPERE CRONOLOGICE (A) 28 aprilie 1919 – adoptarea Pactului Ligii Națiunilor la Conferința de Pace de la Paris; 10 ianuarie 1920 – prima ședință a Ligii Națiunilor; 1920–1921 – crearea Micii Înțelegeri; 16 aprilie 1922 – semnarea Tratatului de la Rapallo; 5–16 octombrie 1925 – Conferința de la Locarno (Pactul de garanție renan); 27 august 1928 – semnarea Pactului Briand– Kellogg; 9 februarie 1934 – constituirea Înțelegerii Balcanice; 18 septembrie 1934 – admiterea URSS în Liga Națiunilor; 3 octombrie 1935 – invadarea Etiopiei de Italia; 11–12 martie 1938 –Anschluss. SURSA B. „Înaltele părţi contractante, considerând că, pentru a dezvolta co operarea şi pentru a le garanta pacea şi siguranţa, este necesar să se accepte anumite obligaţii, de a nu recurge la război, să se întreţină la lumina zilei relaţiuni internaţionale bazate pe jus tiţie şi onoare, să se observe riguros prescripţiunile dreptul ui internaţional, recunoscut de aci ca regulă de condu cere efectivă a guvernelor, să se facă să domnească dreptatea şi să se respecte cu sfinţenie toate obligaţiile tratatelor în raporturile mutuale dintre popoarele organizate, adoptă prezentul pact, ca re instituie Societatea Naţiunilor [...]. Art. 10. Membrii Societăţii îşi iau îndato rirea să respecte şi să menţină în contra oricărei agresiuni externe integritatea teritorială şi independenţa politică exis tentă a tuturor membrilor Societăţii.” (Extras din Tratatul de la Versailles, 1919) SURSA C. Alianțele politico-militare ale României: Mica Înțelegere și Înțelegerea Balcanică Nr. Item Punctaj Utilizează sursa A. 1 Identifică două acorduri internaționale, menite să garanteze pacea şi siguranţa în lume. 2 Utilizează sursa B. 2 Numește organizația internațională descrisă în sursă. 3 Determină două obiective ale creării Ligii Națiunilor. Argumentează răspunsul. 1: 2: 2 3 4 4 Explică termenul securitate colectivă. 2 Utilizează sursele A, B, C și cunoștințele obținute anterior. 5 Descrie două alianțe regionale concepute de diplomația română pentru menținerea integrității teritoriale şi a independenţei politice a statelor membre. Alianța 1: Alianța 2: 2 3 4 6 Apreciază rolul unei personalități istorice, care și-a adus contribuția în promovarea păcii și securității colective. Formulează două argumente. Personalitatea: Argumentul 1: Argumentul 2: 2 3 4 5 7 Exprimă-ți opinia despre eficiența Ligii Națiunilor în menținerea păcii. Formulează două argumente. 2 3 4 5",!Teste examene 2016 - 2024/2025/Esantion/09_ist_test1_ro_es25.pdf,pdfs/2025-esantion-test-1.pdf#page=4
9,2025-esantion-test-1-ii-1,2025-esantion-test-1,2025,Esantion,Test 1,II.1,II,1,item,5,"1 Identifică două acorduri internaționale, menite să garanteze pacea şi siguranţa în lume.",!Teste examene 2016 - 2024/2025/Esantion/09_ist_test1_ro_es25.pdf,pdfs/2025-esantion-test-1.pdf#page=5
9,2025-esantion-test-1-ii-2,2025-esantion-test-1,2025,Esantion,Test 1,II.2,II,2,item,5,"2 Utilizează sursele A, B, C și cunoștințele obținute anterior.",!Teste examene 2016 - 2024/2025/Esantion/09_ist_test1_ro_es25.pdf,pdfs/2025-esantion-test-1.pdf#page=5
9,2025-esantion-test-1-ii-3,2025-esantion-test-1,2025,Esantion,Test 1,II.3,II,3,item,5,3 Determină două obiective ale creării Ligii Națiunilor. Argumentează răspunsul. 1: 2: 2 3 4,!Teste examene 2016 - 2024/2025/Esantion/09_ist_test1_ro_es25.pdf,pdfs/2025-esantion-test-1.pdf#page=5
9,2025-esantion-test-1-ii-4,2025-esantion-test-1,2025,Esantion,Test 1,II.4,II,4,item,5,4 Explică termenul securitate colectivă.,!Teste examene 2016 - 2024/2025/Esantion/09_ist_test1_ro_es25.pdf,pdfs/2025-esantion-test-1.pdf#page=5
9,2025-esantion-test-1-ii-5,2025-esantion-test-1,2025,Esantion,Test 1,II.5,II,5,item,5,5 Descrie două alianțe regionale concepute de diplomația română pentru menținerea integrității teritoriale şi a independenţei politice a statelor membre. Alianța 1: Alianța 2: 2 3 4,!Teste examene 2016 - 2024/2025/Esantion/09_ist_test1_ro_es25.pdf,pdfs/2025-esantion-test-1.pdf#page=5
9,2025-esantion-test-1-ii-6,2025-esantion-test-1,2025,Esantion,Test 1,II.6,II,6,item,5,"6 Apreciază rolul unei personalități istorice, care și-a adus contribuția în promovarea păcii și securității colective. Formulează două argumente. Personalitatea: Argumentul 1: Argumentul 2: 2 3 4 5",!Teste examene 2016 - 2024/2025/Esantion/09_ist_test1_ro_es25.pdf,pdfs/2025-esantion-test-1.pdf#page=5
9,2025-esantion-test-1-ii-7,2025-esantion-test-1,2025,Esantion,Test 1,II.7,II,7,item,5,7 Exprimă-ți opinia despre eficiența Ligii Națiunilor în menținerea păcii. Formulează două argumente. 2 3 4 5,!Teste examene 2016 - 2024/2025/Esantion/09_ist_test1_ro_es25.pdf,pdfs/2025-esantion-test-1.pdf#page=5
9,2025-esantion-test-1-iii-essay,2025-esantion-test-1,2025,Esantion,Test 1,III.essay,III,essay,essay,6,"SUBIECTUL al III-lea (15 puncte) Studiază sursele A-D. REPERE CRONOLOGICE (A) noiembrie 1919 – desfășurarea primelor alegeri generale pe baza votului universal; 1920 – unificarea sistemului monetar; 1919-1921 – Reforma agrară; 1921 – întocmirea primului buget al României întregite; 1923 – adoptarea Constituției României Mari; 1924 – Legea despre învățământul primar al statului și învățământul normal primar; 14 iunie 1925 – Legea pentru unificarea administrativă a teritoriului României Mari. SURSA B. „România de la 1918 trebuia să adapteze la un cadru comun profilul istoric, demografic, economic, politico -administrativ și social al regiunilor ieșite de sub regimuri politice diferit e, cu tradiții și realități deosebite. […] Reformele electorală, agrară și administrativă, analizate în cele mai multe studii prin aspectul unificator al acestora, se înscriu cu certitudine în șirul demersurilor modernizatoare, aplicate în perioada imediat următoare Unirii. Caracterul democratic al acestora […] se prezenta drept o necesitate stringentă după Unire: asigurarea dreptului de vot, împroprietărirea, garantarea participării cetățenilor în viața publică.” (Svetlana Suveica, Basarabia în primul deceniu interbelic, 1918-1928) SURSA C. „Reformele promulgate de guvernele de la București după 1918 au fost extinse pe teritoriul României Mari, dar a trebuit să se țină cont și de realitățile locale. Reforma electorală decretată la 29 noiembrie 1918 în Vech iul Regat și în Basarabia, care a fost pusă în aplicare și în Bucovina și Transilvania în august 1919, era bazată pe întroducerea votului universal, egal, direct, secret și obligatoriu pentru fiecare bărbat care împlinise vârsta de 21 de ani. Diferențele se mențineau doar în ce privește procesul electoral și înregistrarea rezultatelor.” (Marea istorie ilustrată a României și Republicii Moldova) SURSA D. „Reforma agrară din 1921 a determinat însemnate modificări în structura proprietății funciare rurale din România. Ca rezultat al traducerii ei în fapt, s-a expropriat, până în anul 1938, de la 18.262 mari proprietăți, o suprafață de 5.804.838 ha arabile, finețe, pășuni, păduri, vii și terenuri necultivabile. Din această întindere, 3.860.353 ha au fost distri buite la împroprietărirea individuală a țăranilor, restul întinderii expropriate fiind destinată pentru pășuni și păduri comunale, vetre de sat, rezerve de interes de stat sau obștesc.” (Dumitru Șandru, Reforma agrară din 1921 și loturile demonstrative) Item Punctaj Utilizează sursele pentru a argumenta, într -un text coerent, afirma ția: Reformele aplicate in România interbelică au favorizat unificarea social-economică și politică a teritoriilor românești. Notă: Formulează cel puțin trei argumente. 2 2 3 2 3 4 5 6 7 2",!Teste examene 2016 - 2024/2025/Esantion/09_ist_test1_ro_es25.pdf,pdfs/2025-esantion-test-1.pdf#page=6
9,2025-esantion-test-2-i-1,2025-esantion-test-2,2025,Esantion,Test 2,I.1,I,1,item,3,"1 Studiază coperta cărții. Numește evenimentul istoric la care face trimitere titlul cărții. Argumentează răspunsul. Inscripție: 1 Decembrie 1918 . Mărturii ale participanților, votanți ai Marii Uniri 2 3",!Teste examene 2016 - 2024/2025/Esantion/09_ist_test2_ro_es25.pdf,pdfs/2025-esantion-test-2.pdf#page=3
9,2025-esantion-test-2-i-2,2025-esantion-test-2,2025,Esantion,Test 2,I.2,I,2,item,3,2 Studiază harta. Determină scopul URSS în crearea Republicii Autonome Sovietice Socialiste Moldovenești (RASSM). Argumentează răspunsul. 2 3,!Teste examene 2016 - 2024/2025/Esantion/09_ist_test2_ro_es25.pdf,pdfs/2025-esantion-test-2.pdf#page=3
9,2025-esantion-test-2-i-3,2025-esantion-test-2,2025,Esantion,Test 2,I.3,I,3,item,3,3. Studiază fotografia. Formulează o caracteristică a regimului politic din România interbelică. Argumentează răspunsul. Inscripție: Votați lista Partidului Național Țărănesc 2 3,!Teste examene 2016 - 2024/2025/Esantion/09_ist_test2_ro_es25.pdf,pdfs/2025-esantion-test-2.pdf#page=3
9,2025-esantion-test-2-i-4,2025-esantion-test-2,2025,Esantion,Test 2,I.4,I,4,item,3,4 Studiază imaginea. Formulează o concluzie cu referire la activitatea Coaliției antihitleriste în timpul celui de-al Doilea Război Mondial. Argumentează răspunsul. Inscripție: Conferința de la Teheran 2 3,!Teste examene 2016 - 2024/2025/Esantion/09_ist_test2_ro_es25.pdf,pdfs/2025-esantion-test-2.pdf#page=3
9,2025-esantion-test-2-ii-all,2025-esantion-test-2,2025,Esantion,Test 2,II.all,II,all,section,4,"SUBIECTUL al II-lea (23 de puncte) Studiază materialul suport și realizează sarcinile propuse. SURSA A. REPERE CRONOLOGICE 28 octombrie 1920 - semnarea Tratatului de la Paris 27 martie-2 aprilie 1924 - Conferința româno- sovietică de la Viena 1924 - crearea RASSM 1936 - Protocolul de asistență mutuală de la Montreaux 23 august 1939 – semnarea Pactului Ribbentrop-Molotov 26 și 28 iunie 1940 – Notele ultimative adresate de guvernul sovietic României SURSA B. „[...]în interesul păcii generale în Europa trebuie să se asigure chiar de acum o suveranitate asupra Basarabiei, răspunzând aspirațiilor populației [...] de a vedea Basarabia reunită cu România [...] din punct de vedere geografic, istoric și economic unirea Basarabiei cu România este pe deplin justificată. Art. I: Înaltele puteri contractante declară că recunosc suveranitatea României asupra teritoriului Basarabiei [...].” (Extras din Tratatul de la Paris, 28 octombrie 1920) SURSA C. „Partea sovietică: [...] Guvernul sovietic insistă asupra soluţionării problemei esenţialmente litigioase, adică a problemei Basarabiei, pe calea unui referendum al populaţiei basarabene. Partea română: [...] Delegaţia soviefică prezintă propunerea de plebiscit ca conformă politicii urmate în mod sistematic de guvernul Uniunii Sovietice care l -au precedat. Delegaţia română nu a văzut totuşi că guvernele acestea ar fi întrebuinţat referendumul ca mijloc de rezolvare a dificultăţilor politice. Nu prin acest mijloc guvernele sovietice şi-au instaurat puterea lor, şi această observaţie este hotărâtoare pentru această problemă.” (Extras din documentele Conferinţei sovieto-române de la Viena, 1924) SURSA D. „Art.3. Guvernul U.R.S.S. recunoaşte că, în virtutea diferitelor sale obligaţii de asistenţă, trupele sovietice nu vor putea niciodată să treacă Nistrul fără o cerere formală în acest sens guvernului regal al României[...].” (Extras din Acordul de la Montreux, dintre M. Litvinov și N. Titulescu, iulie 1936) Nr Item Punctaj Utilizează sursele A, B, C, D și cunoștințele obținute anterior. 1 Identifică în sursa A tratatul de recunoaștere a unirii Basarabiei cu România. 2 Explică un obiectiv de politică externă al diplomației române di n perioada interbelică. 2 3 Explică termenul tratat. 2 4 Determină atitudinea României și a URSS, referitor la problema Basarabiei, expusă în cadrul Conferinței de la Viena. Argumentează răspunsul. - România: - URSS: 2 3 4 5 Descrie relațiile româno-sovietice în perioada anilor: - 1920-1924: - 1934-1936: 2 3 4 6 Numește o personalitate istorică, care a avut o contribuție deosebită în evenimentele reflectate în surse. Formulează două argumente. Personalitatea: 1: 2: 2 3 4 5 7 Exprimă-ți opinia: Diplomația română interbelică a înregistrat succese și eșecuri privind problema Basarabiei. Formulează două argumente. 2 3 4 5",!Teste examene 2016 - 2024/2025/Esantion/09_ist_test2_ro_es25.pdf,pdfs/2025-esantion-test-2.pdf#page=4
9,2025-esantion-test-2-ii-1,2025-esantion-test-2,2025,Esantion,Test 2,II.1,II,1,item,5,1 Identifică în sursa A tratatul de recunoaștere a unirii Basarabiei cu România.,!Teste examene 2016 - 2024/2025/Esantion/09_ist_test2_ro_es25.pdf,pdfs/2025-esantion-test-2.pdf#page=5
9,2025-esantion-test-2-ii-2,2025-esantion-test-2,2025,Esantion,Test 2,II.2,II,2,item,5,2 Explică un obiectiv de politică externă al diplomației române di n perioada interbelică. 2,!Teste examene 2016 - 2024/2025/Esantion/09_ist_test2_ro_es25.pdf,pdfs/2025-esantion-test-2.pdf#page=5
9,2025-esantion-test-2-ii-3,2025-esantion-test-2,2025,Esantion,Test 2,II.3,II,3,item,5,3 Explică termenul tratat. 2,!Teste examene 2016 - 2024/2025/Esantion/09_ist_test2_ro_es25.pdf,pdfs/2025-esantion-test-2.pdf#page=5
9,2025-esantion-test-2-ii-4,2025-esantion-test-2,2025,Esantion,Test 2,II.4,II,4,item,5,"4 Determină atitudinea României și a URSS, referitor la problema Basarabiei, expusă în cadrul Conferinței de la Viena. Argumentează răspunsul. - România: - URSS: 2 3 4",!Teste examene 2016 - 2024/2025/Esantion/09_ist_test2_ro_es25.pdf,pdfs/2025-esantion-test-2.pdf#page=5
9,2025-esantion-test-2-ii-5,2025-esantion-test-2,2025,Esantion,Test 2,II.5,II,5,item,5,5 Descrie relațiile româno-sovietice în perioada anilor: - 1920-1924: - 1934-1936: 2 3 4,!Teste examene 2016 - 2024/2025/Esantion/09_ist_test2_ro_es25.pdf,pdfs/2025-esantion-test-2.pdf#page=5
9,2025-esantion-test-2-ii-6,2025-esantion-test-2,2025,Esantion,Test 2,II.6,II,6,item,5,"6 Numește o personalitate istorică, care a avut o contribuție deosebită în evenimentele reflectate în surse. Formulează două argumente. Personalitatea: 1: 2: 2 3 4 5",!Teste examene 2016 - 2024/2025/Esantion/09_ist_test2_ro_es25.pdf,pdfs/2025-esantion-test-2.pdf#page=5
9,2025-esantion-test-2-ii-7,2025-esantion-test-2,2025,Esantion,Test 2,II.7,II,7,item,5,7 Exprimă-ți opinia: Diplomația română interbelică a înregistrat succese și eșecuri privind problema Basarabiei. Formulează două argumente. 2 3 4 5,!Teste examene 2016 - 2024/2025/Esantion/09_ist_test2_ro_es25.pdf,pdfs/2025-esantion-test-2.pdf#page=5
9,2025-esantion-test-2-iii-essay,2025-esantion-test-2,2025,Esantion,Test 2,III.essay,III,essay,essay,6,"SUBIECTUL al III-lea (15 puncte) Studiază sursele A-D. SURSA A. „O altă cauză importantă a crizei a fost supraproducția. Capacitatea de producție a națiunii era mai mare decât capacitatea de consum [...] S-a mai adăugat și faptul că producția creștea mult mai repede decât salariul – între 1923-1929 producția a crescut cu 32 %, în timp ce salariul a crescut cu doar 8%. Politica acordării cu ușurință a creditelor a dus la o expansiune dezordonată a acestora, iar speculațiile nelimitate au dus și ele la agravarea situației economice.” (Historia.ro) SURSA B. „[...] În Chișinău criza economică a ruinat 163 de întreprinderi. Peste 8,5% din numărul muncitorilor Basarabiei erau șomeri. Fuseseră închise Fabrica de Tricotaje din Chișinău „Sfinx” (au fost concediați 400 de muncitori), atelierele feroviare din Tighina (700 de muncitori au devenit șomeri) etc.” (Anton Moraru. Istoria Românilor. Basarabia și Transnistria 1812–1993) SURSA C. „[...]trebuie subliniat că urmările politice ale crizei din 1929-1933 au fost mai puternice și mai nefaste pentru omenire decât consecințele ei economice. Impactul crizei cu politica a fost deosebit de dur în Occident și în Europa Centrală. În Germania ea a dus la dictatura nazistă, în Franța și Anglia a dus la dezagregarea executivului și înstabilitate ministerială (Paris) și la un reflux electoral în favoarea conservatorilor (Londra). Temerile politice au împiedicat cooperarea economică, esențială în redresarea și restaurarea încrederii.” (Constantin Hlihor, Istoria secolului XX) SURSA D. Tabel: Schimbarea indicatorilor economici 1929-1932 SUA Marea Britanie Franța Germania Producție industrială −46% −23% −24% −41% Prețuri angro −32% −33% −34% −29% Comerț extern −70% −60% −54% −61% Șomaj +607% +129% +214% +232% Item Punctaj Utilizează sursele pentru a argumenta, într-un text coerent, afirmația: Criza economică din 1929-1933 - o provocare globală cu efecte economice, sociale și politice devastatoare. Notă: Formulează cel puțin trei argumente. 2 2 3 2 3 4 5 6 7 2",!Teste examene 2016 - 2024/2025/Esantion/09_ist_test2_ro_es25.pdf,pdfs/2025-esantion-test-2.pdf#page=6
9,2025-pretestare-test-i-1,2025-pretestare-test,2025,Pretestare,,I.1,I,1,item,3,"1 Studiază coperta cărții. Numește un eveniment istoric care justifică titlul cărții. Argumentează răspunsul. I Inscripție: Tratatul de Pace cu Germania, Versailles 2 3",!Teste examene 2016 - 2024/2025/Pretestare/09_ist_test_ro_pr25.pdf,pdfs/2025-pretestare-test.pdf#page=3
9,2025-pretestare-test-i-2,2025-pretestare-test,2025,Pretestare,,I.2,I,2,item,3,2 Studiază harta. Determină teritoriile incluse în componența RSSM. Argumentează răspunsul. Harta: Republica Sovietică Socialistă Moldovenească 2 3,!Teste examene 2016 - 2024/2025/Pretestare/09_ist_test_ro_pr25.pdf,pdfs/2025-pretestare-test.pdf#page=3
9,2025-pretestare-test-i-3,2025-pretestare-test,2025,Pretestare,,I.3,I,3,item,3,"3 Studiază moneda. Apreciază contribuția personalității nominalizate în dezvoltarea culturii naționale. Argumentează răspunsul. Inscripție: Alexandru Plămădeală, 1888-1940 2 3",!Teste examene 2016 - 2024/2025/Pretestare/09_ist_test_ro_pr25.pdf,pdfs/2025-pretestare-test.pdf#page=3
9,2025-pretestare-test-i-4,2025-pretestare-test,2025,Pretestare,,I.4,I,4,item,3,"4 Studiază tabelul. Formulează o consecință a crizei economice din 1929-1933. Argumentează răspunsul. , Tabel: Prețuri medii ale cerealelor în anii 1929-1931 (Arad, România) lei/ kg 1929 1930 1931 % (procen te) Grâu 7,08 4,63 2,78 -60,73 Orz 4,97 2,54 2,36 -52,52 Secară 5,57 2,91 2,07 -62,84 Porumb 5,90 2,88 2,26 -61,69 2 3",!Teste examene 2016 - 2024/2025/Pretestare/09_ist_test_ro_pr25.pdf,pdfs/2025-pretestare-test.pdf#page=3
9,2025-pretestare-test-ii-all,2025-pretestare-test,2025,Pretestare,,II.all,II,all,section,4,"SUBIECTUL al II-lea (23 de puncte) Studiază materialul suport și realizează sarcinile propuse. REPERE CRONOLOGICE (A) februarie 1917 – revoluția din Imperiul Rus; aprilie 1917 – constituirea Partidului Național Moldovenesc; 25–28 mai 1917- Congresul general al învățătorilor moldoveni; 20-27 octombrie 1917 - Congresul militarilor moldoveni; 21 noiembrie 1917 – convocarea Sfatului Țării; 2 decembrie 1917 – crearea Republicii Democratice Moldovenești; 7 decembrie 1917 – alegerea primului guvern al republicii; 24 ianuarie 1918 – proclamarea independenței Republicii Democratice Moldoveneti. SURSA B. „După biruința revoluției democratice de la Petrograd și căderea autocrației țariste, se constuie o serie de partide politice și organizații național -culturale, se constituie comitete ale militarilor moldoveni, iar la 23 iulie 1917 este ales Comitetul Executiv Central Moldovenesc al organizațiilor militare moldovene ști în frunte cu Gherman Pântea. Ele au organizat o suită de manifestări publice, întruniri, co nsfătuiri, congrese, au elaborat demersuri, declarații, memorandumuri, în care au solicitat organelor locale și guvernului provizoriu soluționarea problemelor național-culturale moștenite de la regimul țarist, organizarea învăță mântului primar și secundar în limba română, elaborarea și edita rea manualelor și a literaturii didactic e în limba maternă, organizarea cursurilor pentru învățătorii din școlile primare naționale, introducerea grafiei latine, transformarea limbii române în limba oficială a administrației publice, efectuarea serviciului divin în limba mater nă, încetarea colonizării Basarabiei cu populație alogenă etc. Solicitarea politică inițială de bază a mișcării naționale a fost constituirea unui organ legislativ suprem – Sfatul Țării – și proclamarea autonomiei Basarabiei […].” (Gheorghe Negru, Mișcarea națională a românilor din Basarabia (1812-1918)) SURSA C. „Da, sântem moldoveni, fii ai vechii Moldove, însă facem parte din marele trup al românismului așezat prin România, Bucovina și Transilvania. Frații noștri din Bucovina,Transilvania și Macedonia nu se numesc după locurile în care traiesc, ci-și zic români. Așa trebuie să facem și noi […] Trebuie să știm de unde ne trage m, căci altfel sâ ntem niște nenorociți rătăciți. Trebuie să știm că sântem români, strănepoți de-ai romanilor și frați cu italienii, francezii, spaniolii și portughezii. Aceasta trebuie să le -o spunem și copiilor, și tuturor celor neluminați[…].” (Extras din Cuvântarea lui Alexei Mateevici, la Congresul învățătorilor) Nr. Item Punctaj Utilizează sursa A. 1 Identifică două forme de manifestare ale mișcării naționale din Basarabia. 2 Utilizează sursa B. 2 Numește organul legislativ suprem al Republicii Democratice Moldovenești. 3 Determină două cauze ale mișcării naționale din Basarabia (1917-1918). Explică răspunsul. 1: 2: 2 3 4 4 Explică termenul autonomie. 2 Utilizează sursele A, B, C și cunoștințele obținute anterior. 5 Descrie, conform modelului propus, două obiective ale mișcării naționale din Basarabia (1917-1918). Obiectiv național: Obiectiv politic: 2 3 4 6 Numește o personalitate istorică, care și-a adus contribuția în lupta pentru autodeterminare națională. Formulează două argumente. Personalitatea: Argumentul 1: Argumentul 2: 2 3 4 5 7 Exprimă-ți opinia despre rolul mișcării naționale din anii 1917-1918 în Unirea Basarabiei cu România. Formulează două argumente. 2 3 4 5",!Teste examene 2016 - 2024/2025/Pretestare/09_ist_test_ro_pr25.pdf,pdfs/2025-pretestare-test.pdf#page=4
9,2025-pretestare-test-ii-1,2025-pretestare-test,2025,Pretestare,,II.1,II,1,item,5,1 Identifică două forme de manifestare ale mișcării naționale din Basarabia.,!Teste examene 2016 - 2024/2025/Pretestare/09_ist_test_ro_pr25.pdf,pdfs/2025-pretestare-test.pdf#page=5
9,2025-pretestare-test-ii-2,2025-pretestare-test,2025,Pretestare,,II.2,II,2,item,5,2 Numește organul legislativ suprem al Republicii Democratice Moldovenești.,!Teste examene 2016 - 2024/2025/Pretestare/09_ist_test_ro_pr25.pdf,pdfs/2025-pretestare-test.pdf#page=5
9,2025-pretestare-test-ii-3,2025-pretestare-test,2025,Pretestare,,II.3,II,3,item,5,3 Determină două cauze ale mișcării naționale din Basarabia (1917-1918). Explică răspunsul. 1: 2: 2 3 4,!Teste examene 2016 - 2024/2025/Pretestare/09_ist_test_ro_pr25.pdf,pdfs/2025-pretestare-test.pdf#page=5
9,2025-pretestare-test-ii-4,2025-pretestare-test,2025,Pretestare,,II.4,II,4,item,5,4 Explică termenul autonomie.,!Teste examene 2016 - 2024/2025/Pretestare/09_ist_test_ro_pr25.pdf,pdfs/2025-pretestare-test.pdf#page=5
9,2025-pretestare-test-ii-5,2025-pretestare-test,2025,Pretestare,,II.5,II,5,item,5,"5 Descrie, conform modelului propus, două obiective ale mișcării naționale din Basarabia (1917-1918). Obiectiv național: Obiectiv politic: 2 3 4",!Teste examene 2016 - 2024/2025/Pretestare/09_ist_test_ro_pr25.pdf,pdfs/2025-pretestare-test.pdf#page=5
9,2025-pretestare-test-ii-6,2025-pretestare-test,2025,Pretestare,,II.6,II,6,item,5,"6 Numește o personalitate istorică, care și-a adus contribuția în lupta pentru autodeterminare națională. Formulează două argumente. Personalitatea: Argumentul 1: Argumentul 2: 2 3 4 5",!Teste examene 2016 - 2024/2025/Pretestare/09_ist_test_ro_pr25.pdf,pdfs/2025-pretestare-test.pdf#page=5
9,2025-pretestare-test-ii-7,2025-pretestare-test,2025,Pretestare,,II.7,II,7,item,6,7 Exprimă-ți opinia despre rolul mișcării naționale din anii 1917-1918 în Unirea Basarabiei cu România. Formulează două argumente. 2 3 4 5,!Teste examene 2016 - 2024/2025/Pretestare/09_ist_test_ro_pr25.pdf,pdfs/2025-pretestare-test.pdf#page=6
9,2025-pretestare-test-iii-essay,2025-pretestare-test,2025,Pretestare,,III.essay,III,essay,essay,7,"SUBIECTUL al III-lea (15 puncte) Studiază sursele A-D. SURSA A. „Deceniul '20 interbelic a fost o epocă de schimbări radicale în toate coordonatele obișnuite din filosofie, știință, tehnologie, cultură și estetică . Utilizarea pe scară largă a noilor mijloace de comunicare și de mobilitate a dus la schimbări în percepția spațiului geografic. Avioa nele și vapoarele transoceanice au adus continentele „mai aproape” unele de altele, iar telefo nul a făcut posibilă comunicarea instantanee între interlocutori, indiferent de locația lor. Noile tehnologii media și de multiplicare au provocat o expansiune fă ră precedent a culturii de masă. Radioul a intrat în casele a milioane de oameni, contribuind la unificarea gusturilor și atitudinilor, umplând viața oamenilor obișnuiți cu ritmuri de jazz, difuzând anumite discursuri ideologice. Cinematograful a devenit atât de popular în anii '20 încât a amenințat să anihileze celelalte arte.” (Rubins M. Cultura de masă occidentală din anii 1920-1930) SURSA B. „Radioul, mai mult decât orice altceva, a transformat viața celor să raci. […] Radioul a adus informații despre evenimentele mondiale în casa lor . De acum înainte, până și cei mai singuri oameni nu au mai avut deloc sentimentul însingurării . De acum înainte, tot ceea ce putea fi spus, cântat, redat sau exprimat în alt mod p rin sunet era la dispoziția lor […] Capacitatea sa de a vorbi simultan milioanelor de oameni, adresându -se în același timp fiecăruia în parte, a făcut din el un instrument incredibil de puternic pentru informarea în masă și (după cum au recunoscut imediat și conducătorii și producătorii) un mijloc de propagandă și publicitate.” (Eric Hobsbawn. Era extremelor) SURSA C. „[…] La începutul secolului XX asistăm la o dezvoltare fără precedent a industriei automobilului mai ales în ţările dezvoltate. Astfel, firm ele americane constructoare de automobile, precum Ford şi General Motors , cunosc o dezvoltare rapidă fără precedent. Astfel, între 1908 şi 1927, automobilul Ford Model T va revoluţiona istoria automobilului, atât prin schimbările în design, cât mai ales pr in producţia de mare serie în care este realizat şi aceasta , folosind o linie de asamblare, ajungând că în 1914 să fie vândute 250.000 de bucăţi.[…] Dacă la începutul secolului XX existau câteva sute de mii, la începutul perioadei postbelice existau pe pla n mondial peste 500.000 de automobile, ca în 2007 producţia mondială anuală să depăşească 70 de mln de unităţi.” (Roxana Veliche, historia.ro) Item Punctaj Utilizează sursele pentru a argumenta, într -un text coerent, afirmația: Dezvoltarea științei și tehnicii a îmbunătățit viața cotidiană în societatea interbelică. Notă: Formulează cel puțin trei argumente. 2 2 3 2 3 4 5 6 7 2",!Teste examene 2016 - 2024/2025/Pretestare/09_ist_test_ro_pr25.pdf,pdfs/2025-pretestare-test.pdf#page=7
9,2025-sesiunea-de-baza-test-i-1,2025-sesiunea-de-baza-test,2025,Sesiunea de bază,,I.1,I,1,item,2,1. Studiază imaginea. Numește un eveniment istoric care justifică titlul imaginii. Argumentează răspunsul. 1|L|0|1| 2|3,!Teste examene 2016 - 2024/2025/Sesiunea de bază/09_ist_test_ro_sb25.pdf,pdfs/2025-sesiunea-de-baza-test.pdf#page=2
9,2025-sesiunea-de-baza-test-i-2,2025-sesiunea-de-baza-test,2025,Sesiunea de bază,,I.2,I,2,item,2,"2. Studiază graficul. Formulează o consecință a crizei economice din 1929-1933. Argumentează răspunsul. 2|L|0|1| 2|3 Pactul de neagresiune sovieto-german Text Rata șomajului, 1928–1938 Text",!Teste examene 2016 - 2024/2025/Sesiunea de bază/09_ist_test_ro_sb25.pdf,pdfs/2025-sesiunea-de-baza-test.pdf#page=2
9,2025-sesiunea-de-baza-test-i-3,2025-sesiunea-de-baza-test,2025,Sesiunea de bază,,I.3,I,3,item,2,3. Studiază timbrul poștal. Apreciază rolul personalității date în istorie. Argumentează răspunsul. 3|L|0|1| 2|3,!Teste examene 2016 - 2024/2025/Sesiunea de bază/09_ist_test_ro_sb25.pdf,pdfs/2025-sesiunea-de-baza-test.pdf#page=2
9,2025-sesiunea-de-baza-test-i-4,2025-sesiunea-de-baza-test,2025,Sesiunea de bază,,I.4,I,4,item,3,4. Studiază imaginea. Determină importanța drapelului de stat аl Republicii Moldova. Argumentează răspunsul. 4|L|0|1| 2|3,!Teste examene 2016 - 2024/2025/Sesiunea de bază/09_ist_test_ro_sb25.pdf,pdfs/2025-sesiunea-de-baza-test.pdf#page=3
9,2025-sesiunea-de-baza-test-ii-all,2025-sesiunea-de-baza-test,2025,Sesiunea de bază,,II.all,II,all,section,3,"SUBIECTUL al II-lea (23 de puncte) Studiază materialul suport și realizează sarcinile propuse. REPERE CRONOLOGICE (A) octombrie 1917 - Lovitura de stat bolșevică din Rusia; octombrie 1918 - revoluțiile de la Viena și Budapesta; 27 martie 1918 – Unirea Basarabiei cu România; 9/22 aprilie 1918 - regele Ferdinand I a promulgat actul Unirii Basarabiei cu România; 15 noiembrie 1918 – Unirea Bucovinei cu România; 18/31 decembrie 1918 - regele Ferdinand I a promulgat Decretul-lege despre Unirea Bucovinei cu România; 1 decembrie 1918 – Unirea Transilvaniei, Banatului, Maramureșului cu România (Marea Adunare Națională de la Alba-Iulia); 11 decembrie 1918 - regele Ferdinand I a ratificat Unirea Transilvaniei cu România. SURSA B. „Constituirea României Mari este integrată într -un proces istoric mai larg, care a cuprins centrul și estul Europei, prin care s -au întregit ori au reapărut țări pe harta Europei ca urmare a destrămării Austro-Ungariei și a schimbării sistemului politic în Rusia. Calea aleasă de români pentru unirea provinciilor cu Regatul României a fost rezultatul unor intense și lungi consultări între liderii mișcării naționale din Basarabia, B ucovina, Transilvania cu guvernul aflat la Iași. […] Un prim moment, cu consecințe importante în desfășurarea procesului de unire, a fost constituirea la Chișinău a Sfatului Țării, care a adoptat declarația prin care se proclama Republica Democratică Moldovenească Autonomă. La 27 martie 1918, Sfatul Țării a votat hotărârea de unire a Basarabiei cu Drapelul de stat al Republicii Moldova Text Grigore Vieru România. […] Și Congresul general al Bucovinei, întrunit la 28 noiembrie 1918 la Cernăuți, a votat în unanimitate Declarația de unire cu România, prin care se hotăra „Unirea necondiționată și pentru vecie a Bucovinei cu Regatul României. ” […] La Alba-Iulia, în ziua de 1 decembrie 1918, cei 1228 de delegați au hotărât în unanimitate unirea cu România. Maniera democratică în care s -a hotărât unirea, participarea masi vă a populației de pe întreg teritoriul u nit cu România conferă o notă specifică istoriei românilor în anul 1918.” (Marea istorie ilustrată a României și a Republicii Moldova) SURSA C. SURSA D. „1. Adunarea Națională a tuturor românilor din Transilvania, Banat și Țara Ungurească, adunați prin reprezentanții lor îndreptățiți la Alba Iulia în ziua de 18 no iembrie/ 1 decembrie 1918, decretează unirea acelor români și a tuturor teritoriilor locuite de dânșii cu România. 3. În legătură cu aceasta, ca principii fundamentale la alcătuirea noului stat român, Adunarea Națională proclamă următoarele: înfăptuirea desăvârșită a unui regim curat democratic pe toate terenurile vieții publice; votul obștesc, direct, egal, secret […]” (Din Rezoluția Adunării Naționale de la Alba Iulia din 1 decembrie 1918)) Harta: România, 1918 Nr. Item Utilizează sursele A, B. 5. Numește evenimentul istoric, în cadrul căruia a fost votată hotărârea de unire a Basarabiei cu România. 5|L|0|1| Utilizează sursele A, B, C, D și cunoștințele obținute anterior. 6. Explică termenul democrație. 6|L|0|1|2 7. Identifică teritoriile românești care s-au unit cu Regatul României în anul 1918. 7|L|0|1|2 8. Formulează două cauze favorabile pentru constituirea României Mari. Explică răspunsul. 1: 2: 8|L|0|1|2|3|4 9. Descrie сum s-a hotărât unirea cu Regatul României în: - Bucovina: - Transilvania: 9|L|0|1|2|3|4 10. Numește o personalitate istorică, care a contribuit la crearea statului unitar român. Formulează două argumente. Personalitatea: Argumentul 1: Argumentul 2: 10|L|0|1|2|3|4|5 11. Exprimă-ți opinia: Unirea Basarabiei, Bucovinei și Transilvaniei cu Regatul României s-a realizat pe cale democratică. Formulează două argumente. 11|L|0|1|2|3|4|5",!Teste examene 2016 - 2024/2025/Sesiunea de bază/09_ist_test_ro_sb25.pdf,pdfs/2025-sesiunea-de-baza-test.pdf#page=3
9,2025-sesiunea-de-baza-test-ii-5,2025-sesiunea-de-baza-test,2025,Sesiunea de bază,,II.5,II,5,item,4,"5. Numește evenimentul istoric, în cadrul căruia a fost votată hotărârea de unire a Basarabiei cu România. 5|L|0|1| Utilizează sursele A, B, C, D și cunoștințele obținute anterior.",!Teste examene 2016 - 2024/2025/Sesiunea de bază/09_ist_test_ro_sb25.pdf,pdfs/2025-sesiunea-de-baza-test.pdf#page=4
9,2025-sesiunea-de-baza-test-ii-6,2025-sesiunea-de-baza-test,2025,Sesiunea de bază,,II.6,II,6,item,4,6. Explică termenul democrație. 6|L|0|1|2,!Teste examene 2016 - 2024/2025/Sesiunea de bază/09_ist_test_ro_sb25.pdf,pdfs/2025-sesiunea-de-baza-test.pdf#page=4
9,2025-sesiunea-de-baza-test-ii-7,2025-sesiunea-de-baza-test,2025,Sesiunea de bază,,II.7,II,7,item,4,7. Identifică teritoriile românești care s-au unit cu Regatul României în anul 1918. 7|L|0|1|2,!Teste examene 2016 - 2024/2025/Sesiunea de bază/09_ist_test_ro_sb25.pdf,pdfs/2025-sesiunea-de-baza-test.pdf#page=4
9,2025-sesiunea-de-baza-test-ii-8,2025-sesiunea-de-baza-test,2025,Sesiunea de bază,,II.8,II,8,item,4,8. Formulează două cauze favorabile pentru constituirea României Mari. Explică răspunsul. 1: 2: 8|L|0|1|2|3|4,!Teste examene 2016 - 2024/2025/Sesiunea de bază/09_ist_test_ro_sb25.pdf,pdfs/2025-sesiunea-de-baza-test.pdf#page=4
9,2025-sesiunea-de-baza-test-ii-9,2025-sesiunea-de-baza-test,2025,Sesiunea de bază,,II.9,II,9,item,5,9. Descrie сum s-a hotărât unirea cu Regatul României în: - Bucovina: - Transilvania: 9|L|0|1|2|3|4,!Teste examene 2016 - 2024/2025/Sesiunea de bază/09_ist_test_ro_sb25.pdf,pdfs/2025-sesiunea-de-baza-test.pdf#page=5
9,2025-sesiunea-de-baza-test-ii-10,2025-sesiunea-de-baza-test,2025,Sesiunea de bază,,II.10,II,10,item,5,"10. Numește o personalitate istorică, care a contribuit la crearea statului unitar român. Formulează două argumente. Personalitatea: Argumentul 1: Argumentul 2: 10|L|0|1|2|3|4|5",!Teste examene 2016 - 2024/2025/Sesiunea de bază/09_ist_test_ro_sb25.pdf,pdfs/2025-sesiunea-de-baza-test.pdf#page=5
9,2025-sesiunea-de-baza-test-ii-11,2025-sesiunea-de-baza-test,2025,Sesiunea de bază,,II.11,II,11,item,5,"11. Exprimă-ți opinia: Unirea Basarabiei, Bucovinei și Transilvaniei cu Regatul României s-a realizat pe cale democratică. Formulează două argumente. 11|L|0|1|2|3|4|5",!Teste examene 2016 - 2024/2025/Sesiunea de bază/09_ist_test_ro_sb25.pdf,pdfs/2025-sesiunea-de-baza-test.pdf#page=5
9,2025-sesiunea-de-baza-test-iii-essay,2025-sesiunea-de-baza-test,2025,Sesiunea de bază,,III.essay,III,essay,essay,6,"SUBIECTUL al III-lea (15 puncte) Studiază sursele A, B, C. SURSA A. „În perioada interbelică, dezvoltarea științei și tehnologiilor în țările industrializate a schimbat fundamental viața oamenilor. […] În 1929 , laureatul Premiului Nobel, bacteriologul britanic Sir Alexander Fleming , descoperă penicilina și o aplică în medicină. Datorită liniei de asamblare, automobilul devine un mijloc de transport în masă. Grație noilor tehnologii, viața de zi cu zi, mai ales la oraș, capătă dinamism. Devine posibilă comunicarea la di stanțe mari într-un timp mai scurt și tot mai mulți oameni încep să se mute din locul de origine în căutarea unor slujbe mai bune și a unui trai îndestulat. De asemenea, noua tehnologie a revoluțion at industria spectacolului: radioul și cinematograful devin mijloace de distracție a maselor. Se dezvoltă o cultură de consum orientată spre ocuparea timpului liber. Ziarele cotidiene ieftine, a căror apariție era posibilă doar datorită noilor tehnologii, facilitează reproducerea în masă a cuvântului tipărit, câștigând un număr tot mai mare de cititori”. (Marea istorie ilustrată a lumii, vol. 6) SURSA B. „Noua știință și tehnică se găsesc întruchipate organic în structura bazei materiale a producției industriale, inclusiv în construcții, transporturi, agricultură, în instrucția și calificarea forței de muncă și în activitatea managerială, de organizare și conducere a munc ii productive. În prezent, nici un domeniu al vieții sociale nu se poate dispensa de apo rtul științei, în caz contrar societatea respectivă este sortită înapoierii economice și degradării condiției umane.” (Igor Casapciuc, Știința românească în perioada interbelică și postbelică) SURSA C. „Călătoria spațială este o tehnologie complet nouă, care a dobândit primul succes real în perioada postbelică. În anii 1950, radioastronomii au început să cerceteze universul, anii 1960 au fost martorii primei explorări cu sateliți și sonde a spațiului cosmic. Tehnologia spațială aduce un număr de beneficii directe pentru toți pământenii. Sateliții de comunicații ne -au transformat planeta într-un „oraș global”. Sateliții meteorologici ne oferă o prognoză aproape credibilă pentru un interval de cinci zile și informează oamenii de știință despre schimbările atmosferice. Sateliții detectori de resurse determină modificările din zonele forestiere și de pe ogoare, localizând totodată rezervele de minereuri. Sateliții specializați în determinarea unor poziții exact e pe suprafața pământului nu sunt utili numai pentru navele maritime și avioane, ci și la detectarea ființelor accidentate sau rătăcite în zone pustii.” (Alexander Hellemans, Bryan Bunch, Istoria descoperirilor științifice) Utilizează sursele pentru a argumenta, într-un text coerent, afirmația: Descoperirile științifice din secolul XX au influențat dezvoltarea tehnologică și au schimbat viața oamenilor. Notă: Formulează cel puțin trei argumente. 12|L|0|1 |2|3|4|5| 6|7|8|9| 10|11|1 2|13|14| 15",!Teste examene 2016 - 2024/2025/Sesiunea de bază/09_ist_test_ro_sb25.pdf,pdfs/2025-sesiunea-de-baza-test.pdf#page=6
9,2025-suplimentara-test-i-1,2025-suplimentara-test,2025,Suplimentară,,I.1,I,1,item,2,1. Studiază imaginea. Numește un eveniment istoric care justifică titlul imaginii. Argumentează răspunsul. 1|L|0|1| 2|3,!Teste examene 2016 - 2024/2025/Suplimentară/09_ist_test_ro_ss25.pdf,pdfs/2025-suplimentara-test.pdf#page=2
9,2025-suplimentara-test-i-2,2025-suplimentara-test,2025,Suplimentară,,I.2,I,2,item,2,2. Studiază imaginea. Determină importanța internetului și a tehnologiilor informaționale în lumea contemporană. Argumentează răspunsul. 2|L|0|1| 2|3 Conferințe interaliate (1943-1945) Text Text,!Teste examene 2016 - 2024/2025/Suplimentară/09_ist_test_ro_ss25.pdf,pdfs/2025-suplimentara-test.pdf#page=2
9,2025-suplimentara-test-i-3,2025-suplimentara-test,2025,Suplimentară,,I.3,I,3,item,2,3. Studiază afișul. Apreciază rolul personalității date în istorie. Argumentează răspunsul. 3|L|0|1| 2|3,!Teste examene 2016 - 2024/2025/Suplimentară/09_ist_test_ro_ss25.pdf,pdfs/2025-suplimentara-test.pdf#page=2
9,2025-suplimentara-test-i-4,2025-suplimentara-test,2025,Suplimentară,,I.4,I,4,item,3,4. Studiază tabelul. Formulează o concluzie despre dezvoltarea industriei în România interbelică. Argumentează răspunsul. 4|L|0|1| 2|3,!Teste examene 2016 - 2024/2025/Suplimentară/09_ist_test_ro_ss25.pdf,pdfs/2025-suplimentara-test.pdf#page=3
9,2025-suplimentara-test-ii-all,2025-suplimentara-test,2025,Suplimentară,,II.all,II,all,section,3,"SUBIECTUL al II-lea (23 de puncte) Studiază materialul suport și realizează sarcinile propuse. REPERE CRONOLOGICE (A) 15 ianuarie 1988 – începutul întrunirilor Cenaclului „Alexei Mateevici”; 20 mai 1989 – constituirea Frontului Popular; 27 august 1989 – Marea Adunare Națională; 31 august 1989 – Parlamentul de la Chișinău a adoptat limba română drept limbă de stat și revenirea la alfabetul latin; 27 aprilie 1990 – votarea de către Sovietul Suprem al RSS Moldovenești a „Legii privind drapelul de stat – tricolorul”; 23 iunie 1990 – adoptarea „Declarației cu privire la Suveranitatea Republicii Moldova”; 27 august 1991 – adoptarea de către Parlamentul Republicii Moldova a Declarației de Independență. SURSA B. „Sute de mii de oameni, veniți din toate colțurile republicii, au inundat pur și simplu atât piața cât și împrejurimile acesteia. După unele estimări, numărul acestora s -a ridicat până la opt sute de mii. Mulți dintre demonstranți purtau steaguri tricolore, lozinci, icoane. La ora prevăzută, printr -un scurt cuvânt, am deschis Marea Adunare Națională. Mulțimea scanda „Libertate!”, „Independență!”. Au rostit cuvântări șeful statului, primul -ministru, deputați, lideri și membri de rând ai Frontului Popular din Moldova. […] La ora 12.00 am deschis ședința extraordinară a Parlamentului. Momentul culminant l-au constituit citirea de către președintele Parlamentului a textului proiectului Declarației de Independență a Republicii Moldova și votarea nominală a documen tului. Declarația a fost votată Tabel: Producția de cărbune și oțel în România în anii 1921-1939 (t) Anul Cărbune Oțel 1921 1.804.676 - 1929 3.046.027 49.386 1933 1.508.456 144.766 1939 2.395.538 276.532 Text unanim de cei 277 de deputați prezenți în sală. […] Deputații și oaspeții prezenți la ședință […] au revenit în Piața Marii Adunări Naționale, în mijlocul mulțimii, care îi aștepta cu nerăbdare. Abia atunci am simțit cât de importantă a fost prezența în inima capitalei a sute de mii de oameni în momentul votării Declarației de Independență.” (Gh. Cojocaru, Interviu cu Alexandru Moșanu) SURSA C. SURSA D. „Parlamentul Republicii Moldova, constituit în urma unor alegeri libere și democratice, […] proclamă solemn, î n virtutea dreptului popoarelor la autodeterminare, în numele întregii populații a Republicii Moldova și în fața întregii lumi: Republica Moldova este un stat suveran, independent și democratic, liber să -și hotărască prezentul și viitorul fără niciun amest ec din afară, în conformitate cu idealurile și năzuințele sfinte ale poporului în spațiu l istoric și et nic al devenirii sale naționale.” (Extras din Declarația de Independență a Republicii Moldova) Stema de stat a Republicii Moldova Nr. Item Utilizează sursele A, B. 5. Numește evenimentul istoric, în cadrul căruia a fost votată Declarația de Independență a Republicii Moldova. 5|L|0|1| Utilizează sursele A, B, C, D și cunoștințele obținute anterior. 6. Explică termenul regim democratic. 6|L|0|1|2 7. Identifică două simboluri de stat ale Republicii Moldova. 7|L|0|1|2 8. Formulează două cauze ale adoptării Declarației de Independență a Republicii Moldova. Explică răspunsul. 1: 2: 8|L|0|1|2|3|4 9. Descrie contribuția Parlamentului și a poporului în desfășurarea evenimentelor ce au avut ca rezultat proclamarea Independenței Republicii Moldova. - Parlamentul: - poporul: 9|L|0|1|2|3|4 10. Numește o personalitate istorică, care a contribuit la proclamarea suveranității și independenței Republicii Moldova. Formulează două argumente. Personalitatea: Argumentul 1: Argumentul 2: 10|L|0|1|2|3|4|5 11. Exprimă-ți opinia: Proclamarea independenței Republicii Moldova s-a realizat pe cale democratică. Formulează două argumente. 11|L|0|1|2|3|4|5",!Teste examene 2016 - 2024/2025/Suplimentară/09_ist_test_ro_ss25.pdf,pdfs/2025-suplimentara-test.pdf#page=3
9,2025-suplimentara-test-ii-5,2025-suplimentara-test,2025,Suplimentară,,II.5,II,5,item,4,"5. Numește evenimentul istoric, în cadrul căruia a fost votată Declarația de Independență a Republicii Moldova. 5|L|0|1| Utilizează sursele A, B, C, D și cunoștințele obținute anterior.",!Teste examene 2016 - 2024/2025/Suplimentară/09_ist_test_ro_ss25.pdf,pdfs/2025-suplimentara-test.pdf#page=4
9,2025-suplimentara-test-ii-6,2025-suplimentara-test,2025,Suplimentară,,II.6,II,6,item,4,6. Explică termenul regim democratic. 6|L|0|1|2,!Teste examene 2016 - 2024/2025/Suplimentară/09_ist_test_ro_ss25.pdf,pdfs/2025-suplimentara-test.pdf#page=4
9,2025-suplimentara-test-ii-7,2025-suplimentara-test,2025,Suplimentară,,II.7,II,7,item,4,7. Identifică două simboluri de stat ale Republicii Moldova. 7|L|0|1|2,!Teste examene 2016 - 2024/2025/Suplimentară/09_ist_test_ro_ss25.pdf,pdfs/2025-suplimentara-test.pdf#page=4
9,2025-suplimentara-test-ii-8,2025-suplimentara-test,2025,Suplimentară,,II.8,II,8,item,4,8. Formulează două cauze ale adoptării Declarației de Independență a Republicii Moldova. Explică răspunsul. 1: 2: 8|L|0|1|2|3|4,!Teste examene 2016 - 2024/2025/Suplimentară/09_ist_test_ro_ss25.pdf,pdfs/2025-suplimentara-test.pdf#page=4
9,2025-suplimentara-test-ii-9,2025-suplimentara-test,2025,Suplimentară,,II.9,II,9,item,5,9. Descrie contribuția Parlamentului și a poporului în desfășurarea evenimentelor ce au avut ca rezultat proclamarea Independenței Republicii Moldova. - Parlamentul: - poporul: 9|L|0|1|2|3|4,!Teste examene 2016 - 2024/2025/Suplimentară/09_ist_test_ro_ss25.pdf,pdfs/2025-suplimentara-test.pdf#page=5
9,2025-suplimentara-test-ii-10,2025-suplimentara-test,2025,Suplimentară,,II.10,II,10,item,5,"10. Numește o personalitate istorică, care a contribuit la proclamarea suveranității și independenței Republicii Moldova. Formulează două argumente. Personalitatea: Argumentul 1: Argumentul 2: 10|L|0|1|2|3|4|5",!Teste examene 2016 - 2024/2025/Suplimentară/09_ist_test_ro_ss25.pdf,pdfs/2025-suplimentara-test.pdf#page=5
9,2025-suplimentara-test-ii-11,2025-suplimentara-test,2025,Suplimentară,,II.11,II,11,item,5,11. Exprimă-ți opinia: Proclamarea independenței Republicii Moldova s-a realizat pe cale democratică. Formulează două argumente. 11|L|0|1|2|3|4|5,!Teste examene 2016 - 2024/2025/Suplimentară/09_ist_test_ro_ss25.pdf,pdfs/2025-suplimentara-test.pdf#page=5
9,2025-suplimentara-test-iii-essay,2025-suplimentara-test,2025,Suplimentară,,III.essay,III,essay,essay,6,"SUBIECTUL al III-lea (15 puncte) Studiază sursele A, B, C. SURSA A. „Pentru cei care, prin definiție, nu dețineau controlul asupra producției, adică salariații, consecința de căpătâi a crizei a fost șomajul pe o scară inimaginabilă și fără precedent și pentru o perioadă mult mai îndelungată decât s-ar fi așteptat cineva vreodată. În cea mai rea perioadă a Crizei (1932-1933), 22-23% din forța de muncă engleză și belgiană, 24% din cea suedeză, 27% din cea a Statelor Unite și nu mai puțin de 44% din cea a germanilor nu erau angajate în câmpul muncii. Imaginea dominantă la vremea respectivă a fost cea a supelor pentru săraci, a „ marșurilor foamei” ale muncitorilor.” (E.Hobsbawm, Era extremelor, O istorie a secolului XX (1914-1991)) SURSA B. „În Chișinău criza econ omică a ruinat 163 de întreprinderi. Peste 8,5% din numărul muncitorilor Basarabiei erau șomeri. Fuseseră închise Fabrica de Tricotaje din Chișinău „Sfinx” (au fost concediați 400 de muncitori), atelierele feroviare din Tighina (700 de muncitori au devenit șomeri) etc.” (Anton Moraru. Istoria Românilor. Basarabia și Transnistria 1812–1993) SURSA C. „[...] trebuie subliniat că urmările politice ale crizei din 1929 -1933 au fost mai puternice și mai nefaste pentru omenire decât consecințele ei economice. Impactul crizei cu politica a fost deosebit de dur în Occident și în Europa Centrală. În Germania ea a dus la dictatura nazistă, în Franța și Anglia a dus la dezagregarea executivului și înstabilitate ministerială (Paris) și la un reflux electoral în favoarea conservatorilor (Londra). Temerile politice au împiedicat cooperarea economică, esențială în redresarea și restaurarea încrederii.” (Constantin Hlihor, Istoria secolului XX) Utilizează sursele pentru a argumenta, într-un text coerent, afirmația: Marea Depresiune din 1929-1933 a fost o criză cu efecte economice, sociale și politice devastatoare. Notă: Formulează cel puțin trei argumente. 12|L|0|1 |2|3|4|5| 6|7|8|9| 10|11|1 2|13|14| 15",!Teste examene 2016 - 2024/2025/Suplimentară/09_ist_test_ro_ss25.pdf,pdfs/2025-suplimentara-test.pdf#page=6
9,2026-esantion-test-1-i-1,2026-esantion-test-1,2026,Esantion,Test 1,I.1,I,1,item,3,1 Studiază coperta cărții. Numește un eveniment istoric care justifică titlul cărții. Argumentează răspunsul. Inscripție: Uniunea Sovietică-România.1940 2 3,!Teste examene 2016 - 2024/2026/Esantion/09_ist_test1_ro_es26.pdf,pdfs/2026-esantion-test-1.pdf#page=3
9,2026-esantion-test-1-i-2,2026-esantion-test-1,2026,Esantion,Test 1,I.2,I,2,item,3,2 Studiază harta. Determină o consecință a celui de-Al Doilea Război Mondial pentru Germania. Argumentează răspunsul. Harta: Împărțirea Germaniei în zone de ocupație 2 3,!Teste examene 2016 - 2024/2026/Esantion/09_ist_test1_ro_es26.pdf,pdfs/2026-esantion-test-1.pdf#page=3
9,2026-esantion-test-1-i-3,2026-esantion-test-1,2026,Esantion,Test 1,I.3,I,3,item,3,3 Studiază timbrul. Apreciază contribuția personalității nominalizate la dezvoltarea culturii românești. Argumentează răspunsul. Inscripție: Maria Cebotari (1910-1949) 2 3,!Teste examene 2016 - 2024/2026/Esantion/09_ist_test1_ro_es26.pdf,pdfs/2026-esantion-test-1.pdf#page=3
9,2026-esantion-test-1-i-4,2026-esantion-test-1,2026,Esantion,Test 1,I.4,I,4,item,3,"4 Studiază tabelul. Formulează o concluzie despre dezvoltarea industriei în România interbelică. Argumentează răspunsul. , Tabel: Industria în România interbelică, 1928 Ramuri industriale Pondere % chimică și petrolieră 62% metalurgică 8% textilă 6% electrotehnică 6% alimentară 4% Alte ramuri 14% 2 3",!Teste examene 2016 - 2024/2026/Esantion/09_ist_test1_ro_es26.pdf,pdfs/2026-esantion-test-1.pdf#page=3
9,2026-esantion-test-1-ii-all,2026-esantion-test-1,2026,Esantion,Test 1,II.all,II,all,section,4,"SUBIECTUL al II-lea (23 de puncte) Studiază materialul suport și realizează sarcinile propuse. REPERE CRONOLOGICE (A) 1918 - Marea Unire; 1918 - adoptarea reformei electorale; 1919 - desfășurarea primelor alegeri pe baza votului universal; 1919-1921 - legiferarea reformei agrare; 1922 - încoronarea regelui Ferdinand I și a reginei Maria la Alba Iulia; 1923 - adoptarea Constituției României Mari; 1924 - adoptarea Legii pentru învățământul primar și normal-primar. SURSA B. „Problema adoptării unei noi Constituții s-a pus încă din 1918 prin actele de Unire, astfel că toate partidele politice și-au înscris în programele lor un asemenea obiectiv.[…] Regele Ferdinand se pronunța și el pentru adoptarea unei noi Constituții, care să consfințească actele de Unire, reformele înfăptuite și să ofere baza legală pentru legislația României Mari. […] Constituția (din 1923) răspundea unei necesități istorice, consfințea existența statului național unitar român, o seamă de drepturi și libertăți specifice democrației burgheze. Adoptarea Constituției a reprezentat cel mai important act politico-juridic pentru organizarea și dezvoltarea României Mari după Marea Unire din 1918. Sub raport constituțional, țara noastră se număra printre cele mai avansate țări din lume […]. Potrivit noii Constituții, puterile suveranului rămâneau cele din 1866, ceea ce însemna menținerea formei de guvernământ monarhic-constituțional. […] Regele era implicat în toate ramurile puterii de stat: puterea legislativă se exercita colectiv de către rege și Reprezentanța Națională; suveranul avea drept de inițiativă, iar legile intrau în vigoare după semnarea lor de către acesta. Puterea executivă este încredințată regelui, care o exercită în mod regulat prin Constituțiune.” (Ioan Scurtu, Istoria românilor în timpul celor patru regi. Ferdinand I) SURSA C. „Art.5. Românii, fără deosebire de origine etnică, de limbă sau religie, se bucură de libertatea conștiinței, de libertatea învățământului, de libertatea presei, de libertatea întrunirilor, de libertatea de asociație și toate libertățile și drepturile stabilite prin legi. (…) Art.25. Constituțiunea garantează tuturor libertatea de a comunica și publica ideile și opiniunile lor prin grai, prin scris, prin presă (...).” (Extras din Constituția României din 1923) Nr. Item Puncte Utilizează sursa A. 1 Numește două evenimente care au contr ibuit la democratizarea societății românești în perioada interbelică. ________________________________________________________________________ 2 Utilizează sursa B și cunoștințele obținute anterior. 2 Identifică scopul adoptării Constituției din 1923. ________________________________________________________________________ 3 Explică termenul Constituție. 2 Utilizează sursele A, B, C și cunoștințele obținute anterior. 4 Formulează două principii fundamentale ale regi mului democratic, consfințite prin Constituția din 1923. Explică răspunsul. 1: 2: 2 3 4 Utilizează sursa B și cunoștințele obținute anterior. 5 Descrie modul de exercitare a puterii în stat conform Constituției din 1923. puterea legislativă: puterea executivă: 2 3 4 6 Numește o personalitate istorică, care a contribuit la modernizarea și democratizarea României în perioada interbelică. Formulează două argumente. Personalitatea: Argumentul 1: Argumentul 2: 2 3 4 5 7. Exprimă-ți opinia cu privire la afirmația: Sub raport constituțional România se număra printre cele mai avansate țări din lume. Formulează două argumente. 2 3 4 5",!Teste examene 2016 - 2024/2026/Esantion/09_ist_test1_ro_es26.pdf,pdfs/2026-esantion-test-1.pdf#page=4
9,2026-esantion-test-1-ii-1,2026-esantion-test-1,2026,Esantion,Test 1,II.1,II,1,item,5,1 Numește două evenimente care au contr ibuit la democratizarea societății românești în perioada interbelică. ________________________________________________________________________,!Teste examene 2016 - 2024/2026/Esantion/09_ist_test1_ro_es26.pdf,pdfs/2026-esantion-test-1.pdf#page=5
9,2026-esantion-test-1-ii-2,2026-esantion-test-1,2026,Esantion,Test 1,II.2,II,2,item,5,2 Identifică scopul adoptării Constituției din 1923. ________________________________________________________________________,!Teste examene 2016 - 2024/2026/Esantion/09_ist_test1_ro_es26.pdf,pdfs/2026-esantion-test-1.pdf#page=5
9,2026-esantion-test-1-ii-3,2026-esantion-test-1,2026,Esantion,Test 1,II.3,II,3,item,5,3 Explică termenul Constituție.,!Teste examene 2016 - 2024/2026/Esantion/09_ist_test1_ro_es26.pdf,pdfs/2026-esantion-test-1.pdf#page=5
9,2026-esantion-test-1-ii-4,2026-esantion-test-1,2026,Esantion,Test 1,II.4,II,4,item,5,"4 Formulează două principii fundamentale ale regi mului democratic, consfințite prin Constituția din 1923. Explică răspunsul. 1: 2: 2 3",!Teste examene 2016 - 2024/2026/Esantion/09_ist_test1_ro_es26.pdf,pdfs/2026-esantion-test-1.pdf#page=5
9,2026-esantion-test-1-ii-5,2026-esantion-test-1,2026,Esantion,Test 1,II.5,II,5,item,5,5 Descrie modul de exercitare a puterii în stat conform Constituției din 1923. puterea legislativă: puterea executivă: 2 3 4,!Teste examene 2016 - 2024/2026/Esantion/09_ist_test1_ro_es26.pdf,pdfs/2026-esantion-test-1.pdf#page=5
9,2026-esantion-test-1-ii-6,2026-esantion-test-1,2026,Esantion,Test 1,II.6,II,6,item,5,"6 Numește o personalitate istorică, care a contribuit la modernizarea și democratizarea României în perioada interbelică. Formulează două argumente. Personalitatea: Argumentul 1: Argumentul 2: 2 3 4 5",!Teste examene 2016 - 2024/2026/Esantion/09_ist_test1_ro_es26.pdf,pdfs/2026-esantion-test-1.pdf#page=5
9,2026-esantion-test-1-ii-7,2026-esantion-test-1,2026,Esantion,Test 1,II.7,II,7,item,5,7. Exprimă-ți opinia cu privire la afirmația: Sub raport constituțional România se număra printre cele mai avansate țări din lume. Formulează două argumente. 2 3 4 5,!Teste examene 2016 - 2024/2026/Esantion/09_ist_test1_ro_es26.pdf,pdfs/2026-esantion-test-1.pdf#page=5
9,2026-esantion-test-1-iii-essay,2026-esantion-test-1,2026,Esantion,Test 1,III.essay,III,essay,essay,6,"SUBIECTUL al III-lea (15 puncte) Studiază sursele A-D. SURSA A. „....Acesta este deci programul de pace pentru întreaga lume, care este și programul nostru […]. Convenții de pace, pregătite la lumina zilei: nu vor mai fi înțelegeri particulare și secrete de niciun fel între na țiuni, ci diplomația va proceda întotdeauna deschis și în văzul tuturor. […] Garanții suficiente pentru reducerea armamentelor fiecărei țări la minimul compatibil cu securitatea interioară.” (Din ”Cele 14 puncte”, program elaborat de președintele american W.Wilson, 1918) SURSA B. „Înaltele Părți Contractante […] adoptă prezentul Pact, care instituie Societatea Națiunilor. […] Art.10. Membrii Societății îşi iau îndatorirea să respecte şi să mențină în contra oricărei agresiuni externe integritatea teritori ală şi independența politică existentă a tuturor membrilor Societății. […] Art.11. Se declară în mod hotărât că orice război sau amenințare de război, fie că ar atinge direct sau nu pe unul dintre membrii Societății, interesează întreaga Societate şi că ac easta trebuie să ia măsurile proprii pentru a salva în mod eficace pacea Națiunilor. […]” (Din Pactul Societății Națiunilor, 28 iunie 1919) SURSA C. „În iulie 1919 s -a creat Societatea Națiunilor, din rândul căreia România făcea parte ca membru fondator. Această organizație internațională avea menirea de a acționa pentru evitarea unei noi conflagrații mondiale și apărarea păcii. […]România a acționat în sensul creșterii rolului acestei organizații în viața internațională, militând pentru adoptarea unor măs uri concrete de dezarmare, de descurajare a forțelor revizioniste […]. Ca o expresie a prețuirii de care se bucura politica externă a României, reprezentanții acesteia au fost aleși în conducerea unor organisme ale Societății Națiunilor, iar Nicole Titules cu a îndeplinit, doi ani consecutiv i, în 1930 și 1931, funcția de președinte al Adunării Generale a acestui mare for international.” (Ioan Scurtu, Statutul internațional al României după Primul Război Mondial) SURSA D. „Art.1. Înaltele părţi contractante declară solemn, în numele popoarelor lor respective, că condamnă recursul la război pentru reglarea diferendelor internaţionale şi renunţă la el ca instrument de politică naţională în relaţiile lor mutuale. Art.2. Înaltele Părţi Contractante recunosc că regularea sau rezolvarea tuturor diferendelor sau conflictelor de orice natură sau de orice origine ar fi ele care se vor putea ivi între ele, nu va trebui niciodată urmărită decât prin mijloace pacifice […].” (Din Pactul Briand-Kellogg, 1928) Item Puncte Utilizează sursele pentru a argumenta, într -un text coerent, afirmația: Menținerea păcii și securității a fost obiectivul principal al diplomației interbelice. Notă: Formulează cel puțin trei argumente. 2 2 3 2 3 4 5 6 7 2",!Teste examene 2016 - 2024/2026/Esantion/09_ist_test1_ro_es26.pdf,pdfs/2026-esantion-test-1.pdf#page=6
9,2026-esantion-test-2-i-1,2026-esantion-test-2,2026,Esantion,Test 2,I.1,I,1,item,3,1 Studiază coperta cărții. Formulează o caracteristică a regimurilor democratice din perioada interbelică. Argumentează răspunsul. ______________________________________________ ______________________________________________ I Inscripție: Votul la români. O incursiune în evoluţia sistemelor electorale din România 2 3,!Teste examene 2016 - 2024/2026/Esantion/09_ist_test2_ro_es26.pdf,pdfs/2026-esantion-test-2.pdf#page=3
9,2026-esantion-test-2-i-2,2026-esantion-test-2,2026,Esantion,Test 2,I.2,I,2,item,3,"2 Studiază imaginea. Determină o consecință a evenimentului istoric reprezentat în fotografie. Argumentează răspunsul. Inscripție: Operația „Overlord”, Normandia,(6 iunie–31 august 1944) 2 3",!Teste examene 2016 - 2024/2026/Esantion/09_ist_test2_ro_es26.pdf,pdfs/2026-esantion-test-2.pdf#page=3
9,2026-esantion-test-2-i-3,2026-esantion-test-2,2026,Esantion,Test 2,I.3,I,3,item,3,"3 Studiază fotografia. Apreciază rolul personalității în cadrul celui de-Al Doilea Război Mondial. Argumentează răspunsul. Inscripție: Winston Churchill, 1941 2 3",!Teste examene 2016 - 2024/2026/Esantion/09_ist_test2_ro_es26.pdf,pdfs/2026-esantion-test-2.pdf#page=3
9,2026-esantion-test-2-i-4,2026-esantion-test-2,2026,Esantion,Test 2,I.4,I,4,item,3,"4 Studiază tabelul. Formulează o concluzie despre dezvoltarea agriculturii în România interbelică. Argumentează răspunsul. Tabel: Locul României în producția agricolă, 1928 Cultura de: în Europa pe glob Porumb 1 5 Grâu 4 10 Floarea- soarelui 1 1 2 3",!Teste examene 2016 - 2024/2026/Esantion/09_ist_test2_ro_es26.pdf,pdfs/2026-esantion-test-2.pdf#page=3
9,2026-esantion-test-2-ii-all,2026-esantion-test-2,2026,Esantion,Test 2,II.all,II,all,section,4,"SUBIECTUL al II-lea (23 de puncte) Studiază materialul suport și realizează sarcinile propuse. REPERE CRONOLOGICE (A) 28 iunie 1919 - semnarea Tratatului de la Versailles cu Germania; 5 ianuarie 1919 - constituirea Partidului Muncitoresc Național - Socialist German; 28 octombrie 1922 - marșul fasciștilor italieni spre Roma; 1929 - 1933 - Marea criză economică; 30 ianuarie 1933 - numirea lui Adolf Hitler în postul de cancelar al Germaniei; 1 august 1934 - Hitler a preluat titlul de Führer; 1935 - introducerea serviciului militar obligatoriu în Germania; 1936 - interzicerea grevelor în Germania; 1937-1938 - „Marea Teroare” în URSS; 23 august 1939 - Semnarea Pactului Ribbentrop - Molotov. SURSA B. „În octombrie 1922, când Mussolini organizează Marșul asupra Romei și cere puterea, regele Victor Emmanuel III acceptă și îl numește prim-ministru, acordându-i puteri extinse. Cu aprobarea regelui, Mussolini profită de criza internă, care se declanșează după asasinarea liderului socialist Giacomo Matteoti în 1925 pentru a instaura o dictatură personală. Toate partidele de opoziție sunt scoase în afara legii, Parlamentul este dizolvat, drepturile civile individuale sunt anulate și se instaurează puterea personală a lui Mussolini.” (Marea istorie ilustrată a lumii, vol. 6) SURSA C. „Întregul sistem sovietic a fost pătruns de o convingere profundă că o societate cu adevărat socialistă putea fi construită doar prin cea mai nemiloasă aplicare a puterii de stat. Teroarea în masă, colectivizarea forțată, industrializarea într-un ritm amețitor și reprimarea oricărei forme de disidență (opoziție) nu au fost trăsături incidentale ale regimului, ci parte integrantă a însăși esenței sale în perioada interbelică. Statul-partid, sub conducerea lui Stalin, a urmărit în mod conștient să transforme fiecare aspect al vieții umane, adesea cu un cost uman catastrofal.” (Pierre Milza, Serge Bernstein, Istoria secolului XX, vol.I) SURSA D. „Acționând cu rapiditate care face imposibilă orice ripostă, Hitler se afirmă imediat drept stăpân deplin al Germaniei. Dizolvarea, la 1 februarie 1933 a Parlamentului, iar apoi incendierea provocatoare a clădirii Reichstagului, la 27 februarie [...] permit decretarea stării de asediu, suspendarea exercitării libertăților constituționale și trimiterea în lagărele de concentrare a principalilor oponenți ai regimului, a căror arestare este efectuată de aici înainte de Gestapo (poliția secretă a statului).” (P. Thibault, Istoria universală) Nr. Item Puncte Utilizează sursa A. 1 Identifică în reperele cronologice (A) două evenimente care atestă instaurarea regimurilor totalitare în perioada interbelică. 2 Utilizează sursa B. 2 Identifică contextul istoric în care Mussolini a instaurat dictatura personală în anul 1925. ________________________________________________________________________ 3 Explică termenul regim totalitar. 2 Utilizează sursele A, B, C, D și cunoștințele obținute anterior. 4 Formulează două caracteristici ale regimurilor totalitare interbelice. Explică răspunsul. 1. 2. 2 3 4 5 Descrie două consecințe ale instaurării regimurilor totalitare în perioada interbelică. 1. 2. 2 3 4 6 Numește personalitatea istorică care a consolidat regimul totalitar comunist în URSS în perioada interbelică (sursa C). Formulează două argumente. Personalitatea: Argumentul 1: Argumentul 2: ________________________________________________________________________ 2 3 4 5 7 Exprimă-ți opinia: În statele cu regim totalitar erau respectate drepturile și libertățile cetățenești? Formulează două argumente. 2 3 4 5",!Teste examene 2016 - 2024/2026/Esantion/09_ist_test2_ro_es26.pdf,pdfs/2026-esantion-test-2.pdf#page=4
9,2026-esantion-test-2-ii-1,2026-esantion-test-2,2026,Esantion,Test 2,II.1,II,1,item,5,1 Identifică în reperele cronologice (A) două evenimente care atestă instaurarea regimurilor totalitare în perioada interbelică.,!Teste examene 2016 - 2024/2026/Esantion/09_ist_test2_ro_es26.pdf,pdfs/2026-esantion-test-2.pdf#page=5
9,2026-esantion-test-2-ii-2,2026-esantion-test-2,2026,Esantion,Test 2,II.2,II,2,item,5,2 Identifică contextul istoric în care Mussolini a instaurat dictatura personală în anul 1925. ________________________________________________________________________,!Teste examene 2016 - 2024/2026/Esantion/09_ist_test2_ro_es26.pdf,pdfs/2026-esantion-test-2.pdf#page=5
9,2026-esantion-test-2-ii-3,2026-esantion-test-2,2026,Esantion,Test 2,II.3,II,3,item,5,3 Explică termenul regim totalitar.,!Teste examene 2016 - 2024/2026/Esantion/09_ist_test2_ro_es26.pdf,pdfs/2026-esantion-test-2.pdf#page=5
9,2026-esantion-test-2-ii-4,2026-esantion-test-2,2026,Esantion,Test 2,II.4,II,4,item,5,4 Formulează două caracteristici ale regimurilor totalitare interbelice. Explică răspunsul. 1. 2. 2 3 4,!Teste examene 2016 - 2024/2026/Esantion/09_ist_test2_ro_es26.pdf,pdfs/2026-esantion-test-2.pdf#page=5
9,2026-esantion-test-2-ii-5,2026-esantion-test-2,2026,Esantion,Test 2,II.5,II,5,item,5,5 Descrie două consecințe ale instaurării regimurilor totalitare în perioada interbelică. 1. 2. 2 3 4,!Teste examene 2016 - 2024/2026/Esantion/09_ist_test2_ro_es26.pdf,pdfs/2026-esantion-test-2.pdf#page=5
9,2026-esantion-test-2-ii-6,2026-esantion-test-2,2026,Esantion,Test 2,II.6,II,6,item,5,6 Numește personalitatea istorică care a consolidat regimul totalitar comunist în URSS în perioada interbelică (sursa C). Formulează două argumente. Personalitatea: Argumentul 1: Argumentul 2: ________________________________________________________________________ 2 3 4 5,!Teste examene 2016 - 2024/2026/Esantion/09_ist_test2_ro_es26.pdf,pdfs/2026-esantion-test-2.pdf#page=5
9,2026-esantion-test-2-ii-7,2026-esantion-test-2,2026,Esantion,Test 2,II.7,II,7,item,5,7 Exprimă-ți opinia: În statele cu regim totalitar erau respectate drepturile și libertățile cetățenești? Formulează două argumente. 2 3 4 5,!Teste examene 2016 - 2024/2026/Esantion/09_ist_test2_ro_es26.pdf,pdfs/2026-esantion-test-2.pdf#page=5
9,2026-esantion-test-2-iii-essay,2026-esantion-test-2,2026,Esantion,Test 2,III.essay,III,essay,essay,6,"SUBIECTUL al III-lea (15 puncte) Studiază sursele A-D. SURSA A. „Prin legea învățământului din 1924, statul român a organizat pentru prima dată un sistem școlar unitar pe întreg teritoriul său. Învățământul primar a devenit obligatoriu și gratuit, iar rețeaua școlară s-a extins rapid în mediul rural. Numărul școlilor și al cadrelor didactice a crescut constant în anii următori, contribuind la ridicarea nivelului cultural al populației și la integrarea noilor provincii în viața statului român.” (Constantin C. Giurescu, Istoria românilor) SURSA B. „În perioada interbelică, artiștii români au depășit etapa imitației și au creat valori proprii. Sculptura lui Constantin Brâncuși și pictura lui Nicolae Tonitza sau Camil Ressu exprimă specificul spiritual românesc, fiind în același timp integrate în curentele artei europene moderne.” (Petru Comarnescu, Arta românească modernă(anii ’30)) SURSA C. „Viața artistică a României interbelice s-a manifestat și prin dezvoltarea teatrului și a muzicii. George Enescu s-a afirmat ca una dintre marile personalități ale muzicii europene, iar instituții precum Opera Română și Teatrul Național au contribuit la răspândirea culturii artistice în rândul publicului larg” (Constantin C. Giurescu, Istoria românilor. Epoca contemporană) SURSA D. „După anul 1918, literatura română intră într-o etapă de afirmare deplină, în care romanul devine genul dominant, reflectând transformările sociale și experiențele istorice ale epocii. Scriitorii se orientează atât spre analiza lumii tradiționale, cât și spre surprinderea frământărilor omului modern. Această evoluție este ilustrată de creația unor autori reprezentativi ai perioadei, precum Liviu Rebreanu, ale cărui romane valorifică realități sociale și istorice ale României moderne.” (Eugen Lovinescu, Istoria literaturii române contemporane (1937)) Item Puncte Utilizează sursele pentru a argumenta, într-un text coerent, afirmația: Perioada interbelică a fost o etapă de afirmare a culturii românești prin învățământ, literatură și artă. Notă: Formulează cel puțin trei argumente. 2 2 3 2 3 4 5 6 7 2",!Teste examene 2016 - 2024/2026/Esantion/09_ist_test2_ro_es26.pdf,pdfs/2026-esantion-test-2.pdf#page=6
9,2026-pretestare-test-i-1,2026-pretestare-test,2026,Pretestare,,I.1,I,1,item,3,1 Studiază coperta cărții. Numește o caracteristică specifică a relațiilor internaționale în perioada postbelică. Argumentează răspunsul. Inscripție: Războiul Rece. O lume divizată în două blocuri 2 3,!Teste examene 2016 - 2024/2026/Pretestare/09_IST_TEST_RO_PR26.pdf,pdfs/2026-pretestare-test.pdf#page=3
9,2026-pretestare-test-i-2,2026-pretestare-test,2026,Pretestare,,I.2,I,2,item,3,"2 Studiază imaginea. Determină evenimentul istoric la care se referă documentul. Argumentează răspunsul. Inscripție: Actul unirii, 27 martie 1918 2 3",!Teste examene 2016 - 2024/2026/Pretestare/09_IST_TEST_RO_PR26.pdf,pdfs/2026-pretestare-test.pdf#page=3
9,2026-pretestare-test-i-3,2026-pretestare-test,2026,Pretestare,,I.3,I,3,item,3,3 Studiază moneda. Apreciază rolul personalității date în istorie. Argumentează răspunsul. Inscripție: Alexei Mateevici (1888-1917) 2 3,!Teste examene 2016 - 2024/2026/Pretestare/09_IST_TEST_RO_PR26.pdf,pdfs/2026-pretestare-test.pdf#page=3
9,2026-pretestare-test-i-4,2026-pretestare-test,2026,Pretestare,,I.4,I,4,item,3,4 Studiază tabelul. Formulează o caracteristică a regimurilor democratice din perioada interbelică. Argumentează răspunsul. Tabel: Președinții SUA în perioada interbelică Președinte Mandat Partid Th.W.Wilson 1913-1921 Democrat W.G.Harding 1921-1923 Republican C.Coolidge 1923-1929 Republican H.C.Hoover 1929-1933 Republican F.D.Roosevelt 1933-1945 Democrat 2 3,!Teste examene 2016 - 2024/2026/Pretestare/09_IST_TEST_RO_PR26.pdf,pdfs/2026-pretestare-test.pdf#page=3
9,2026-pretestare-test-ii-all,2026-pretestare-test,2026,Pretestare,,II.all,II,all,section,4,"SUBIECTUL al II-lea (23 de puncte) Studiază materialul suport și realizează sarcinile propuse. REPERE CRONOLOGICE (A) 29 octombrie 1929 – Căderea Bursei de acțiuni din New York; 1929 – 1933 – Marea Depresiune; 1933 – 1938 – Aplicarea programului New Deal; 30 ianuarie 1933 – numirea lui Adolf Hitler în postul de cancelar al Germaniei; mai 1933 – Adoptarea Legii pentru reducerea producției agrare (New Deal); iunie 1933 – Adoptarea Legii pentru reconstrucția industriei naționale (New Deal); august 1935 – Adoptarea Legii asigurărilor sociale (New Deal). SURSA B. ,,MAREA DEPRESIUNE (oct. 1929–1933) – criză economică mondială declanșată prin crahul bancar de la New York, care a afectat toate statele lumii. S -a datorat supraproducției caracterizată printr-o scădere dramatică a activității economice mondiale. M area Dep resiune s-a resimțit și în România. Au dat faliment cca 500 de întreprinderi, iar restul lucrau la capacitatea minimă. Industria petrolieră, singura care și -a sporit producția, avea și ea să sufere din cauza prețurilor mici la producția petrolieră. Aceste prețuri erau fixate de societăți străine intereselor economice românești. Numărul șomerilor în rândurile muncitorilor a fost de cca 60 000 de muncitori. Din această cauză, s-au activizat mișcările greviste (…).” (L.Prisac, I.V.Xenofontov, Istoria contemporană: dicționar enciclopedic) SURSA C. „Până în 1932, ,,Marea criză” cuprinsese practic toate națiunile europene. A rezultat un număr imens de șomeri, dintre care mulți erau în stare de orice ca să iasă din impas. Efectul deosebit de puternic al crizei î n Germania a mărit receptivitatea populației la ideea nazistă a unui salvator naționalist și dictatorial.” (John R. Barber, Istoria Europei moderne) SURSA D. „Refacerea agriculturii la sfârșitul anilor 1920 a fost întreruptă brusc de criza economică mondială, ce a început să afecteze România în 1929 [...]. Lovind în industria românească și, prin aceasta, reducând folosirea materiilor prime, depresiunea a accentuat criza din agricultură. Efectele acesteia arată că satul și orașul deveniseră din ce în c e mai dependente unele de altele. Micșorarea cererii de materii prime din partea filaturilor, a fabricilor de alcool, de zahăr, de ulei vegetal, textile și pielărie a provocat o reducere drastică a veniturilor țăranilor.” (Keith Hitchins, România, 1866–1947) Nr. Item Punctaj Utilizează sursa A. 1 Numește evenimentul care a declanșat Marea criză economică. Utilizează sursele A, B, C, D și cunoștințele obținute anterior. 2 Identifică două state afectate de Marea criză economică. 2 3 Descrie cum s-a manifestat criza economică în România. În agricultură: În industrie: 2 3 4 4 Explică termenul criză economică. 2 5 Determină, conform modelului propus, două consecințe ale crizei economice din 1929- 1933. Explică răspunsul. Consecință economică: Consecință politică: 2 3 4 6 Numește o personalitate istorică care a condus SUA în perioada interbelică. Apreciază rolul acesteia în istorie, formulând două argumente. Personalitatea Argumentul 1: Argumentul 2: 2 3 4 5 7 Exprimă-ți opinia despre impactul Marii Depresiuni asupra nivelul de trai al populației din statele afectate de criză. Formulează două argumente. 2 3 4 5",!Teste examene 2016 - 2024/2026/Pretestare/09_IST_TEST_RO_PR26.pdf,pdfs/2026-pretestare-test.pdf#page=4
9,2026-pretestare-test-ii-1,2026-pretestare-test,2026,Pretestare,,II.1,II,1,item,5,"1 Utilizează sursele A, B, C, D și cunoștințele obținute anterior.",!Teste examene 2016 - 2024/2026/Pretestare/09_IST_TEST_RO_PR26.pdf,pdfs/2026-pretestare-test.pdf#page=5
9,2026-pretestare-test-ii-2,2026-pretestare-test,2026,Pretestare,,II.2,II,2,item,5,2 Identifică două state afectate de Marea criză economică. 2,!Teste examene 2016 - 2024/2026/Pretestare/09_IST_TEST_RO_PR26.pdf,pdfs/2026-pretestare-test.pdf#page=5
9,2026-pretestare-test-ii-3,2026-pretestare-test,2026,Pretestare,,II.3,II,3,item,5,3 Descrie cum s-a manifestat criza economică în România. În agricultură: În industrie: 2 3 4,!Teste examene 2016 - 2024/2026/Pretestare/09_IST_TEST_RO_PR26.pdf,pdfs/2026-pretestare-test.pdf#page=5
9,2026-pretestare-test-ii-4,2026-pretestare-test,2026,Pretestare,,II.4,II,4,item,5,4 Explică termenul criză economică. 2,!Teste examene 2016 - 2024/2026/Pretestare/09_IST_TEST_RO_PR26.pdf,pdfs/2026-pretestare-test.pdf#page=5
9,2026-pretestare-test-ii-5,2026-pretestare-test,2026,Pretestare,,II.5,II,5,item,5,"5 Determină, conform modelului propus, două consecințe ale crizei economice din 1929- 1933. Explică răspunsul. Consecință economică: Consecință politică: 2 3 4",!Teste examene 2016 - 2024/2026/Pretestare/09_IST_TEST_RO_PR26.pdf,pdfs/2026-pretestare-test.pdf#page=5
9,2026-pretestare-test-ii-6,2026-pretestare-test,2026,Pretestare,,II.6,II,6,item,5,"6 Numește o personalitate istorică care a condus SUA în perioada interbelică. Apreciază rolul acesteia în istorie, formulând două argumente. Personalitatea Argumentul 1: Argumentul 2: 2 3 4 5",!Teste examene 2016 - 2024/2026/Pretestare/09_IST_TEST_RO_PR26.pdf,pdfs/2026-pretestare-test.pdf#page=5
9,2026-pretestare-test-ii-7,2026-pretestare-test,2026,Pretestare,,II.7,II,7,item,5,7 Exprimă-ți opinia despre impactul Marii Depresiuni asupra nivelul de trai al populației din statele afectate de criză. Formulează două argumente. 2 3 4 5,!Teste examene 2016 - 2024/2026/Pretestare/09_IST_TEST_RO_PR26.pdf,pdfs/2026-pretestare-test.pdf#page=5
9,2026-pretestare-test-iii-essay,2026-pretestare-test,2026,Pretestare,,III.essay,III,essay,essay,6,"SUBIECTUL al III-lea (15 puncte) Studiază sursele A-D. SURSA A. REPERE CRONOLOGICE SURSA B. „Problemele organizării lumii, după prima conflagrație mondială, au constituit obiectul Conferinței de pace de la Paris (1919 –1920). România a acționat pentru obținerea confirmării, pe plan internațional, a hotărârilor adoptate în cursul anului 1918. [...] Guvernul, prezidat de Alexandru Vaida-Voevod, a semnat, la 10 decembrie 1919, tratatul prin care se recunoștea unirea Bucovinei cu România.[...] Vii discuții a suscitat proiectul tratatului de pace cu Ungaria. În 1919 a avut loc un conflict armat între România și Ungaria, provocat de guvernul comunist de la Budapesta, care a refuzat să-și retragă trupele de pe teritoriul transilvan și a atacat armata română. În urma unor lupte grele (aprilie 1919), [...] armata română a trecut la contraofensivă, ocupând Budapesta la 2 august. În septembrie, armata română s -a retras de pe teritoriul Ungariei. Trat atul de pace cu Ungaria, semnat la Trianon în ziua de 4 iunie 1920, confirma unirea Transilvaniei cu România.” (Marea istorie ilustrată a lumii. România de la Mihai Viteazul la Uniunea Europeană) SURSA C. „Art.59. Austria renunță , în ceea ce o privește, în favoarea României, la toate drepturile și titlurile asupra fostului ducat al Bucovinei, cuprinsă dincoace de fruntariile României, astfel precum vor fi fixate ulterior de principalele puteri aliate și asociate.” (Extras din Tratatul de pace cu Austria, Saint-Germain, 10 septembrie 1919) SURSA D. ,,Fruntașii mișcării de eliberare națională din Basarabia, după 27 martie 1918, au participat activ la lupta diplomatică pentru recunoașterea internațională a Unirii. Eforturi pline de competență și energie a depus Ion Pelivan, care, fiind delegat de guvernul român ca reprezenant al Basarabiei la Conferința de Pace, s-a aflat la Paris în perioada din februarie 1919 până în mai 1920, având drept scop inițierea cercurilor oficiale și a opiniei publice în problema Basarabiei [...]. Contribuții la recunoașterea internațională a Unirii Basarabiei cu România au adus de asemenea P.Gore și P. Cazacu [...] au prezentat argumente de netăgăduit cu privire la caracterul românesc al populației basarabene [...]. Astfel, în urma unor încordate negocieri diplomatice, la 28 octombrie 1920 reprezentanții Angliei, Franței, Italiei și Japoniei, pe de o parte, și ai României, pe de alta, au semnat la Paris tratatul prin care se recunoaște Unirea Basarabiei cu România. [...]” (Anatol Petrencu (redactor științific) și alții, O istorie a Basarabiei) 10 septembrie 1919 - semnarea Tratatului de la Saint-Germain cu Austria; 27 noiembrie 1919 - Semnarea Tratatului de la Neuilly sur Seine cu Bulgaria; 4 iunie 1920 - semnarea Tratatului de la Trianon cu Ungaria; 28 octombrie 1920 - semnarea Tratatului de la Paris. Item Punctaj Utilizează sursele pentru a argumenta, într -un text coerent, afirmația: Recunoașterea internațională a Marii Uniri a fost rezultatul activității diplomației românești. Notă: În elaborarea textului, utilizează sursele A-D; redactează un text coerent: introducere, cuprins, concluzie; f ormulează cel puțin trei argumente ; utilizează în argumentare referințe cu privire la personalități , repere cronologice; mesaj corect din punct de vedere științific. 2 2 3 2 3 4 5 6 7 2",!Teste examene 2016 - 2024/2026/Pretestare/09_IST_TEST_RO_PR26.pdf,pdfs/2026-pretestare-test.pdf#page=6
